geonames_id	name	country	country_code	admin1	admin1_code	lat	lon	population	timezone	iata	booking_dest_id
1796236	Shanghai	China	CN	Shanghai	23	31.2222	121.4581	24874500	Asia/Shanghai		
1816670	Beijing	China	CN	Beijing	22	39.9075	116.3972	18960744	Asia/Shanghai		
1795565	Shenzhen	China	CN	Guangdong	30	22.5455	114.0683	17494398	Asia/Shanghai		
1809858	Guangzhou	China	CN	Guangdong	30	23.1167	113.2500	16096724	Asia/Shanghai		
2314302	Kinshasa	Democratic Republic of the Congo	CD	Kinshasa	06	-4.3276	15.3136	16000000	Africa/Kinshasa		
745044	Istanbul	Turkey	TR	Istanbul	34	41.0138	28.9497	15701602	Europe/Istanbul		
2332459	Lagos	Nigeria	NG	Lagos	05	6.4541	3.3947	15388000	Africa/Lagos		
1566083	Ho Chi Minh City	Vietnam	VN	Ho Chi Minh City (HCMC)	79	10.8230	106.6296	14002598	Asia/Ho_Chi_Minh		
1815286	Chengdu	China	CN	Sichuan	32	30.6667	104.0667	13568357	Asia/Shanghai		
1172451	Lahore	Pakistan	PK	Punjab	04	31.5580	74.3507	13004135	Asia/Karachi		
1275339	Mumbai	India	IN	Maharashtra	16	19.0728	72.8826	12691836	Asia/Kolkata		
3448439	São Paulo	Brazil	BR	São Paulo	27	-23.5475	-46.6361	12400232	America/Sao_Paulo		
3530597	Mexico City	Mexico	MX	Mexico City	09	19.4285	-99.1277	12294193	America/Mexico_City		
1174872	Karachi	Pakistan	PK	Sindh	05	24.8608	67.0104	11624219	Asia/Karachi		
1792947	Tianjin	China	CN	Tianjin	28	39.1422	117.1767	11090314	Asia/Shanghai		
1273294	Delhi	India	IN	Delhi	07	28.6519	77.2315	11034555	Asia/Kolkata		
1791247	Wuhan	China	CN	Hubei	12	30.5833	114.2667	10392693	Asia/Shanghai		
524901	Moscow	Russia	RU	Moscow	48	55.7520	37.6178	10381222	Europe/Moscow		
1185241	Dhaka	Bangladesh	BD	Dhaka Division	81	23.7104	90.4074	10356500	Asia/Dhaka		
1835848	Seoul	South Korea	KR	Seoul	11	37.5660	126.9784	10349312	Asia/Seoul		
1850147	Tokyo	Japan	JP	Tokyo	40	35.6895	139.6917	9733276	Asia/Tokyo		
1812545	Dongguan	China	CN	Guangdong	30	23.0180	113.7487	9644871	Asia/Shanghai		
360630	Cairo	Egypt	EG	Cairo	11	30.0626	31.2497	9606916	Africa/Cairo		
1790630	Xi’an	China	CN	Shaanxi	26	34.2583	108.9286	9600000	Asia/Shanghai		
993800	Johannesburg	South Africa	ZA	Gauteng	06	-26.2023	28.0436	9418183	Africa/Johannesburg		
1799962	Nanjing	China	CN	Jiangsu	04	32.0617	118.7778	9314685	Asia/Shanghai		
1808926	Hangzhou	China	CN	Zhejiang	02	30.2936	120.1614	9236032	Asia/Shanghai		
1811103	Foshan	China	CN	Guangdong	30	23.0268	113.1315	9042509	Asia/Shanghai		
2643743	London	United Kingdom	GB	England	ENG	51.5085	-0.1257	8961989	Europe/London		
5128581	New York City	United States	US	New York	NY	40.7143	-74.0060	8804190	America/New_York		
1642911	Jakarta	Indonesia	ID	Jakarta	04	-6.2146	106.8451	8540121	Asia/Jakarta		
1277333	Bengaluru	India	IN	Karnataka	19	12.9719	77.5937	8495492	Asia/Kolkata		
1581130	Hanoi	Vietnam	VN	Hanoi	01	21.0245	105.8412	8053663	Asia/Bangkok		
1668341	Taipei	Taiwan	TW	Taiwan	04	25.0531	121.5264	7871900	Asia/Taipei		
3936456	Lima	Peru	PE	Lima Province	LMA	-12.0432	-77.0282	7737002	America/Lima		
3688689	Bogotá	Colombia	CO	Bogota D.C.	34	4.6097	-74.0817	7674366	America/Bogota		
1814906	Chongqing	China	CN	Chongqing	33	29.5603	106.5577	7457599	Asia/Shanghai		
1819729	Hong Kong	Hong Kong	HK			22.2783	114.1747	7396076	Asia/Hong_Kong		
98182	Baghdad	Iraq	IQ	Baghdad	07	33.3406	44.4009	7216000	Asia/Baghdad		
1790842	Wuzhong	China	CN	Ningxia	21	37.9867	106.2010	7202654	Asia/Shanghai		
1797929	Qingdao	China	CN	Shandong	25	36.0649	120.3804	7172451	Asia/Shanghai		
112931	Tehran	Iran	IR	Tehran	26	35.6944	51.4215	7153309	Asia/Tehran		
2034937	Shenyang	China	CN	Liaoning	19	41.7922	123.4328	7050000	Asia/Shanghai		
1269843	Hyderabad	India	IN	Telangana	40	17.3840	78.4564	6993262	Asia/Kolkata		
3451190	Rio de Janeiro	Brazil	BR	Rio de Janeiro	21	-22.9064	-43.1822	6747815	America/Sao_Paulo		
1886760	Suzhou	China	CN	Jiangsu	04	31.3041	120.5954	6715559	Asia/Shanghai		
1279233	Ahmedabad	India	IN	Gujarat	09	23.0258	72.5873	6357693	Asia/Kolkata		
2293538	Abidjan	Ivory Coast	CI	Abidjan Autonomous District	93	5.3544	-4.0017	6321017	Africa/Abidjan		
1798524	Pudong	China	CN	Shanghai	23	31.2400	121.5009	5681512	Asia/Shanghai		
1880252	Singapore	Singapore	SG			1.2897	103.8501	5638700	Asia/Singapore		
2147714	Sydney	Australia	AU	New South Wales	02	-33.8678	151.2073	5557233	Australia/Sydney		
160263	Dar es Salaam	Tanzania	TZ	Dar es Salaam Region	23	-6.8235	39.2695	5383728	Africa/Dar_es_Salaam		
498817	Saint Petersburg	Russia	RU	St.-Petersburg	66	59.9386	30.3141	5351935	Europe/Moscow		
2158177	Melbourne	Australia	AU	Victoria	07	-37.8140	144.9633	5350705	Australia/Melbourne		
361058	Alexandria	Egypt	EG	Alexandria	06	31.2018	29.9158	5263542	Africa/Cairo		
2037013	Harbin	China	CN	Heilongjiang	08	45.7500	126.6500	5242897	Asia/Shanghai		
1609350	Bangkok	Thailand	TH	Bangkok	40	13.7540	100.5014	5104476	Asia/Bangkok		
1808722	Hefei	China	CN	Anhui	01	31.8639	117.2808	5050000	Asia/Shanghai		
1814087	Dalian	China	CN	Liaoning	19	38.9122	121.6022	4913879	Asia/Shanghai		
2335204	Kano	Nigeria	NG	Kano State	29	12.0001	8.5167	4910000	Africa/Lagos		
3871336	Santiago	Chile	CL	Santiago Metropolitan	12	-33.4569	-70.6483	4837295	America/Santiago		
3369157	Cape Town	South Africa	ZA	Western Cape	11	-33.9258	18.4232	4772846	Africa/Johannesburg		
1168197	Peshawar	Pakistan	PK	Khyber Pakhtunkhwa	03	34.0080	71.5785	4758762	Asia/Karachi		
2038180	Changchun	China	CN	Jilin	05	43.8800	125.3228	4714996	Asia/Shanghai		
105343	Jeddah	Saudi Arabia	SA	Mecca Region	14	21.4901	39.1862	4697000	Asia/Riyadh		
1264527	Chennai	India	IN	Tamil Nadu	25	13.0878	80.2785	4681087	Asia/Kolkata		
1275004	Kolkata	India	IN	West Bengal	28	22.5626	88.3630	4631392	Asia/Kolkata		
1790645	Xiamen	China	CN	Fujian	07	24.4798	118.0819	4617251	Asia/Shanghai		
1255364	Surat	India	IN	Gujarat	09	21.1959	72.8302	4591246	Asia/Kolkata		
1298824	Yangon	Myanmar	MM	Yangon	17	16.8053	96.1561	4477638	Asia/Yangon		
13308620	Bao'an	China	CN	Guangdong	30	22.5521	113.8829	4476554	Asia/Shanghai		
1138958	Kabul	Afghanistan	AF	Kabul	13	34.5281	69.1723	4434550	Asia/Kabul		
184745	Nairobi	Kenya	KE	Nairobi County	05	-1.2833	36.8167	4397073	Africa/Nairobi		
1790923	Wuxi	China	CN	Jiangsu	04	31.5689	120.2886	4396835	Asia/Shanghai		
360995	Giza	Egypt	EG	Giza	08	30.0094	31.2086	4367343	Africa/Cairo		
1805753	Jinan	China	CN	Shandong	25	36.6683	116.9972	4335989	Asia/Shanghai		
1793511	Taiyuan	China	CN	Shanxi	24	37.8694	112.5603	4303673	Asia/Shanghai		
1784658	Zhengzhou	China	CN	Henan	09	34.7578	113.6486	4253913	Asia/Shanghai		
2460596	Bamako	Mali	ML	Bamako	01	12.6091	-7.9752	4227569	Africa/Bamako		
108410	Riyadh	Saudi Arabia	SA	Riyadh Region	10	24.6877	46.7219	4205961	Asia/Riyadh		
12908892	New Taipei City	Taiwan	TW	Taipei	03	25.0620	121.4570	4004367	Asia/Taipei		
12747063	New Territories	Hong Kong	HK		00	22.4244	114.1110	3984077	Asia/Hong_Kong		
1795270	Shijiazhuang	China	CN	Hebei	10	38.0414	114.4786	3938513	Asia/Shanghai		
1205733	Chattogram	Bangladesh	BD	Chittagong	84	22.3384	91.8317	3920222	Asia/Dhaka		
344979	Addis Ababa	Ethiopia	ET	Addis Ababa	44	9.0250	38.7469	3860000	Africa/Addis_Ababa		
1804651	Kunming	China	CN	Yunnan	29	25.0389	102.7183	3855346	Asia/Shanghai		
6986104	Zhongshan	China	CN	Guangdong	30	22.5231	113.3791	3841873	Asia/Shanghai		
1799869	Nanning	China	CN	Guangxi	16	22.8167	108.3167	3839800	Asia/Shanghai		
1795940	Shantou	China	CN	Guangdong	30	23.3549	116.6788	3838900	Asia/Shanghai		
5368361	Los Angeles	United States	US	California	CA	34.0522	-118.2437	3820914	America/Los_Angeles		
1179400	Faisalabad	Pakistan	PK	Punjab	04	31.4155	73.0897	3800193	Asia/Karachi		
292223	Dubai	United Arab Emirates	AE	Dubai	03	25.0772	55.3093	3790000	Asia/Dubai		
1848354	Yokohama	Japan	JP	Kanagawa	19	35.4333	139.6500	3777491	Asia/Tokyo		
1810821	Fuzhou	China	CN	Fujian	07	26.0614	119.3061	3740000	Asia/Shanghai		
1799397	Ningbo	China	CN	Zhejiang	02	29.8782	121.5494	3731203	Asia/Shanghai		
2553604	Casablanca	Morocco	MA	Casablanca-Settat	06	33.5883	-7.6114	3665954	Africa/Casablanca		
2339354	Ibadan	Nigeria	NG	Oyo State	32	7.3776	3.9059	3649000	Africa/Lagos		
1798425	Puyang	China	CN	Zhejiang	02	29.4568	119.8887	3590000	Asia/Shanghai		
323786	Ankara	Turkey	TR	Ankara	68	39.9199	32.8543	3517182	Europe/Istanbul		
1794903	Shiyan	China	CN	Hubei	12	32.6475	110.7781	3460000	Asia/Shanghai		
2950159	Berlin	Germany	DE	State of Berlin	16	52.5244	13.4105	3426354	Europe/Berlin		
1793346	Tangshan	China	CN	Hebei	10	39.6438	118.1832	3372102	Asia/Shanghai		
1166993	Rawalpindi	Pakistan	PK	Punjab	04	33.5973	73.0479	3357612	Asia/Karachi		
13512505	Lüliang	China	CN	Shanxi	24	37.5192	111.1444	3346500	Asia/Shanghai		
1007311	Durban	South Africa	ZA	KwaZulu-Natal	02	-29.8579	31.0292	3338026	Africa/Johannesburg		
1815456	Changzhou	China	CN	Jiangsu	04	31.7736	119.9540	3290918	Asia/Shanghai		
1838524	Busan	South Korea	KR	Busan	10	35.1017	129.0300	3285147	Asia/Seoul		
3117735	Madrid	Spain	ES	Madrid	29	40.4165	-3.7026	3255944	Europe/Madrid		
1871859	Pyongyang	North Korea	KP	Pyongyang	12	39.0339	125.7543	3222000	Asia/Pyongyang		
1785286	Zibo	China	CN	Shandong	25	36.7906	118.0633	3129228	Asia/Shanghai		
1259229	Pune	India	IN	Maharashtra	16	18.5196	73.8554	3124458	Asia/Kolkata		
750269	Bursa	Turkey	TR	Bursa Province	16	40.1956	29.0601	3101833	Europe/Istanbul		
1815577	Changsha	China	CN	Hunan	11	28.1987	112.9709	3093980	Asia/Shanghai		
1692192	Quezon City	Philippines	PH	National Capital Region	NCR	14.6488	121.0509	3084270	Asia/Manila		
1269515	Jaipur	India	IN	Rajasthan	24	26.9196	75.7878	3046163	Asia/Kolkata		
1809461	Guiyang	China	CN	Guizhou	18	26.5833	106.7167	3037159	Asia/Shanghai		
1529102	Ürümqi	China	CN	Xinjiang	13	43.8010	87.6005	3029372	Asia/Urumqi		
1843564	Incheon	South Korea	KR	Incheon	12	37.4565	126.7052	3015482	Asia/Seoul		
1804430	Lanzhou	China	CN	Gansu	15	36.0570	103.8399	3000000	Asia/Shanghai		
3646738	Caracas	Venezuela	VE	Distrito Federal	25	10.4880	-66.8792	3000000	America/Caracas		
703448	Kyiv	Ukraine	UA	Kyiv City	12	50.4547	30.5238	2952301	Europe/Kyiv		
311046	İzmir	Turkey	TR	İzmir Province	35	38.4127	27.1384	2938292	Europe/Istanbul		
1806776	Huizhou	China	CN	Guangdong	30	23.1115	114.4152	2900113	Asia/Shanghai		
3435910	Buenos Aires	Argentina	AR	Buenos Aires F.D.	07	-34.6131	-58.3772	2891082	America/Argentina/Buenos_Aires		
1625822	Surabaya	Indonesia	ID	East Java	08	-7.2492	112.7508	2874314	Asia/Jakarta		
1809078	Haikou	China	CN	Hainan	31	20.0342	110.3465	2873358	Asia/Shanghai		
1668399	Taichung	Taiwan	TW	Taiwan	04	24.1469	120.6839	2850285	Asia/Taipei		
1267995	Kanpur	India	IN	Uttar Pradesh	36	26.4652	80.3498	2823249	Asia/Kolkata		
6167865	Toronto	Canada	CA	Ontario	08	43.7064	-79.3986	2794356	America/Toronto		
3652462	Quito	Ecuador	EC	Pichincha	18	-0.2298	-78.5250	2781641	America/Guayaquil		
2174003	Brisbane	Australia	AU	Queensland	04	-27.4679	153.0281	2780063	Australia/Brisbane		
2240449	Luanda	Angola	AO	Luanda	20	-8.8368	13.2343	2776168	Africa/Luanda		
1853909	Osaka	Japan	JP	Osaka	32	34.6938	135.5011	2753862	Asia/Tokyo		
1803318	Linyi	China	CN	Shandong	25	35.0631	118.3428	2743843	Asia/Shanghai		
1816971	Baoding	China	CN	Hebei	10	38.8729	115.4625	2739887	Asia/Shanghai		
1673820	Kaohsiung	Taiwan	TW	Takao	02	22.6163	120.3133	2737660	Asia/Taipei		
5110302	Brooklyn	United States	US	New York	NY	40.6501	-73.9496	2736074	America/New_York		
3657509	Guayaquil	Ecuador	EC	Guayas	10	-2.1962	-79.8862	2723665	America/Guayaquil		
3470127	Belo Horizonte	Brazil	BR	Minas Gerais	15	-19.9208	-43.9378	2721564	America/Sao_Paulo		
1800480	Minhang	China	CN	Shanghai	23	31.1088	121.3747	2716600	Asia/Shanghai		
11995100	Bazhong	China	CN	Sichuan	32	31.8694	106.7443	2712894	Asia/Shanghai		
3450554	Salvador	Brazil	BR	Bahia	05	-12.9756	-38.4910	2711840	America/Bahia		
2352778	Abuja	Nigeria	NG	FCT	11	9.0579	7.4951	2690000	Africa/Lagos		
1200109	Gazipur	Bangladesh	BD	Dhaka Division	81	23.9984	90.4223	2674697	Asia/Dhaka		
4887398	Chicago	United States	US	Illinois	IL	41.8500	-87.6500	2664452	America/Chicago		
1791388	Wenzhou	China	CN	Zhejiang	02	27.9994	120.6668	2650000	Asia/Shanghai		
2253354	Dakar	Senegal	SN	Dakar	01	14.6937	-17.4441	2646503	Africa/Dakar		
1581298	Haiphong	Vietnam	VN	Hai Phong	31	20.8648	106.6834	2625200	Asia/Bangkok		
1785725	Yunfu	China	CN	Guangdong	30	22.9279	112.0381	2612800	Asia/Shanghai		
6619347	Navi Mumbai	India	IN	Maharashtra	16	19.0368	73.0158	2600000	Asia/Kolkata		
53654	Mogadishu	Somalia	SO	Banaadir	02	2.0371	45.3438	2587183	Africa/Mogadishu		
1649378	Bekasi	Indonesia	ID	West Java	30	-6.2349	106.9896	2564940	Asia/Jakarta		
2298890	Kumasi	Ghana	GH	Ashanti	02	6.6885	-1.6244	2544530	Africa/Accra		
1177662	Gujranwala	Pakistan	PK	Punjab	04	32.1557	74.1870	2511118	Asia/Karachi		
1797873	Huai'an	China	CN	Jiangsu	04	33.5886	119.0192	2494013	Asia/Shanghai		
1264733	Lucknow	India	IN	Uttar Pradesh	36	26.8393	80.9231	2472011	Asia/Kolkata		
1650357	Bandung	Indonesia	ID	West Java	30	-6.9222	107.6069	2444160	Asia/Jakarta		
1214520	Medan	Indonesia	ID	North Sumatra	26	3.5833	98.6667	2435252	Asia/Jakarta		
2357048	Ouagadougou	Burkina Faso	BF	Centre	03	12.3657	-1.5339	2415266	Africa/Ouagadougou		
1262180	Nagpur	India	IN	Maharashtra	16	21.1463	79.0849	2405665	Asia/Kolkata		
3399415	Fortaleza	Brazil	BR	Ceará	06	-3.7172	-38.5431	2400000	America/Fortaleza		
3687925	Cali	Colombia	CO	Valle del Cauca Department	29	3.4305	-76.5199	2392877	America/Bogota		
1835329	Daegu	South Korea	KR	Daegu	15	35.8703	128.5911	2365523	Asia/Seoul		
2507480	Algiers	Algeria	DZ	Algiers	01	36.7323	3.0875	2364230	Africa/Algiers		
1800163	Nanchang	China	CN	Jiangxi	03	28.6840	115.8531	2357839	Asia/Shanghai		
587084	Baku	Azerbaijan	AZ	Baki	09	40.3777	49.8920	2351300	Asia/Baku		
2036892	Hohhot	China	CN	Inner Mongolia	20	40.8106	111.6522	2350000	Asia/Shanghai		
1856057	Nagoya	Japan	JP	Aichi	01	35.1815	136.9064	2332176	Asia/Tokyo		
3169070	Rome	Italy	IT	Lazio	07	41.8919	12.5113	2318895	Europe/Rome		
5133273	Queens	United States	US	New York	NY	40.6815	-73.8365	2316841	America/New_York		
4699066	Houston	United States	US	Texas	TX	29.7633	-95.3633	2314157	America/Chicago		
2063523	Perth	Australia	AU	Western Australia	08	-31.9522	115.8614	2309338	Australia/Perth		
124665	Mashhad	Iran	IR	Razavi Khorasan	42	36.2981	59.6057	2307177	Asia/Tehran		
1795855	Shaoxing	China	CN	Zhejiang	02	30.0024	120.5786	2300000	Asia/Shanghai		
1799722	Nantong	China	CN	Jiangsu	04	32.0303	120.8747	2273326	Asia/Shanghai		
1816917	Baoshan	China	CN	Shanghai	23	31.4084	121.4896	2265900	Asia/Shanghai		
1819609	Kowloon	Hong Kong	HK		00	22.3167	114.1833	2232339	Asia/Hong_Kong		
1787093	Yantai	China	CN	Shandong	25	37.4765	121.4408	2227733	Asia/Shanghai		
314830	Gaziantep	Turkey	TR	Gaziantep	83	37.0594	37.3825	2222415	Europe/Istanbul		
922704	Lubumbashi	Democratic Republic of the Congo	CD	Haut-Katanga	14	-11.6609	27.4794	2221925	Africa/Lubumbashi		
3663517	Manaus	Brazil	BR	Amazonas	04	-3.1019	-60.0250	2219580	America/Manaus		
909137	Lusaka	Zambia	ZM	Lusaka Province	09	-15.4067	28.2871	2212301	Africa/Lusaka		
3469058	Brasília	Brazil	BR	Federal District	07	-15.7797	-47.9297	2207718	America/Sao_Paulo		
1790437	Zhuhai	China	CN	Guangdong	30	22.2769	113.5678	2207090	Asia/Shanghai		
3492908	Santo Domingo	Dominican Republic	DO	Nacional	34	18.4719	-69.8923	2201941	America/Santo_Domingo		
2365267	Lomé	Togo	TG	Maritime	24	6.1287	1.2215	2188376	Africa/Lome		
1169825	Multan	Pakistan	PK	Punjab	04	30.1968	71.4782	2169915	Asia/Karachi		
3553478	Havana	Cuba	CU	Havana	02	23.1330	-82.3830	2163824	America/Havana		
2038432	Baotou	China	CN	Inner Mongolia	20	40.6516	109.8439	2150000	Asia/Shanghai		
1645524	Depok	Indonesia	ID	West Java	30	-6.4000	106.8186	2145400	Asia/Jakarta		
2988507	Paris	France	FR	Île-de-France	11	48.8534	2.3488	2138551	Europe/Paris		
1273865	Coimbatore	India	IN	Tamil Nadu	25	11.0055	76.9661	2136916	Asia/Kolkata		
12359313	Qingyang	China	CN	Gansu	15	35.7098	107.6445	2125400	Asia/Shanghai		
2324774	Port Harcourt	Nigeria	NG	Rivers State	50	4.7774	7.0134	2120000	Africa/Lagos		
964137	Pretoria	South Africa	ZA	Gauteng	06	-25.7449	28.1878	2112693	Africa/Johannesburg		
3860259	Córdoba	Argentina	AR	Cordoba	05	-31.4065	-64.1885	2106734	America/Argentina/Cordoba		
209228	Mbuji-Mayi	Democratic Republic of the Congo	CD	East Kasai	04	-6.1360	23.5898	2101332	Africa/Lubumbashi		
170063	Aleppo	Syria	SY	Aleppo	09	36.2012	37.1612	2098210	Asia/Damascus		
1785623	Kunshan	China	CN	Jiangsu	04	31.3776	120.9543	2092496	Asia/Shanghai		
99071	Al Mawşil al Jadīdah	Iraq	IQ	Nineveh	15	36.3327	43.1056	2065597	Asia/Baghdad		
1791681	Weifang	China	CN	Shandong	25	36.7100	119.1019	2044028	Asia/Shanghai		
1783621	Zunyi	China	CN	Guizhou	18	27.6867	106.9072	2037775	Asia/Shanghai		
388349	Al Başrah al Qadīmah	Iraq	IQ	Basra	02	30.5032	47.8151	2015483	Asia/Baghdad		
3911925	La Paz	Bolivia	BO	La Paz Department	04	-16.5000	-68.1500	2004652	America/La_Paz		
10859300	Lianyungang	China	CN	Jiangsu	04	34.5984	119.2156	2001009	Asia/Shanghai		
3674962	Medellín	Colombia	CO	Antioquia	02	6.2450	-75.5715	1999979	America/Bogota		
1269743	Indore	India	IN	Madhya Pradesh	35	22.7179	75.8333	1994397	Asia/Kolkata		
2260535	Brazzaville	Republic of the Congo	CG	Brazzaville	12	-4.2661	15.2832	1982000	Africa/Brazzaville		
1512569	Tashkent	Uzbekistan	UZ	Tashkent	13	41.2647	69.2163	1978028	Asia/Tashkent		
1810638	Ganzhou	China	CN	Jiangxi	03	25.8466	114.9326	1977253	Asia/Shanghai		
1526384	Almaty	Kazakhstan	KZ	Almaty	02	43.2525	76.9115	1977011	Asia/Almaty		
379252	Khartoum	Sudan	SD	Khartoum	29	15.5518	32.5324	1974647	Africa/Khartoum		
2128295	Sapporo	Japan	JP	Hokkaido	12	43.0667	141.3500	1973832	Asia/Tokyo		
1794035	Songjiang	China	CN	Shanghai	23	31.0344	121.2233	1973500	Asia/Shanghai		
2306104	Accra	Ghana	GH	Greater Accra	01	5.5560	-0.1969	1963264	Africa/Accra		
3464975	Curitiba	Brazil	BR	Paraná	18	-25.4278	-49.2731	1948626	America/Sao_Paulo		
8347664	Ordos	China	CN	Inner Mongolia	20	39.6086	109.7816	1940653	Asia/Shanghai		
71137	Sanaa	Yemen	YE	Amanat Alasimah	26	15.3545	44.2065	1937451	Asia/Aden		
2422465	Conakry	Guinea	GN	Conakry	04	9.5380	-13.6773	1928389	Africa/Conakry		
3981609	Tijuana	Mexico	MX	Baja California	02	32.5027	-117.0037	1922523	America/Tijuana		
1176734	Hyderabad	Pakistan	PK	Sindh	05	25.3969	68.3772	1921275	Asia/Karachi		
276781	Beirut	Lebanon	LB	Beirut	04	33.8933	35.5016	1916100	Asia/Beirut		
1625084	Tangerang	Indonesia	ID	Banten	33	-6.1781	106.6300	1912679	Asia/Jakarta		
1797121	Jieyang	China	CN	Guangdong	30	23.5418	116.3658	1899394	Asia/Shanghai		
2036502	Jilin	China	CN	Jilin	05	43.8465	126.5608	1895865	Asia/Shanghai		
1806508	Jiading	China	CN	Shanghai	23	31.3858	121.2446	1886100	Asia/Shanghai		
683506	Bucharest	Romania	RO	Bucharest	10	44.4323	26.1063	1877155	Europe/Bucharest		
2422488	Camayenne	Guinea	GN	Conakry	04	9.5350	-13.6878	1871242	Africa/Conakry		
195272	Kakamega	Kenya	KE	Kakamega County	20	0.2842	34.7523	1867579	Africa/Nairobi		
1796134	Shangqiu	China	CN	Henan	09	34.4143	115.6561	1859723	Asia/Shanghai		
1800146	Nanchong	China	CN	Sichuan	32	30.7951	106.0847	1858875	Asia/Shanghai		
1668355	Tainan	Taiwan	TW	Taiwan	04	22.9908	120.2133	1856642	Asia/Taipei		
2037799	Datong	China	CN	Shanxi	24	40.0936	113.2914	1850000	Asia/Shanghai		
2335727	Kaduna	Nigeria	NG	Kaduna State	23	10.5264	7.4388	1850000	Africa/Lagos		
365137	Omdurman	Sudan	SD	Khartoum	29	15.6445	32.4777	1849659	Africa/Khartoum		
1715348	Davao	Philippines	PH	Davao Region	11	7.0731	125.6128	1848947	Asia/Manila		
2911298	Hamburg	Germany	DE	Free and Hanseatic City of Hamburg	04	53.5507	9.9930	1845229	Europe/Berlin		
1254661	Thāne	India	IN	Maharashtra	16	19.1970	72.9635	1841488	Asia/Kolkata		
3526683	Iztapalapa	Mexico	MX	Mexico City	09	19.3553	-99.0622	1835486	America/Mexico_City		
316541	Diyarbakır	Turkey	TR	Diyarbakır Province	21	37.9136	40.2172	1833684	Europe/Istanbul		
3904906	Santa Cruz de la Sierra	Bolivia	BO	Santa Cruz Department	08	-17.7863	-63.1812	1831434	America/La_Paz		
1253573	Vadodara	India	IN	Gujarat	09	22.2994	73.2081	1822221	Asia/Kolkata		
325363	Adana	Turkey	TR	Adana	81	36.9862	35.3253	1816750	Europe/Istanbul		
1799629	Nanyang	China	CN	Henan	09	33.0052	112.5466	1811812	Asia/Shanghai		
292968	Abu Dhabi	United Arab Emirates	AE	Abu Dhabi	01	24.4512	54.3970	1807000	Asia/Dubai		
292672	Sharjah	United Arab Emirates	AE	Sharjah	06	25.3342	55.4122	1800000	Asia/Dubai		
1275841	Bhopal	India	IN	Madhya Pradesh	35	23.2547	77.4029	1798218	Asia/Kolkata		
1806299	Jiangmen	China	CN	Guangdong	30	22.5833	113.0833	1795459	Asia/Shanghai		
2347283	Benin City	Nigeria	NG	Edo State	37	6.3381	5.6258	1782000	Africa/Lagos		
1815251	Jiangyin	China	CN	Jiangsu	04	31.9110	120.2630	1779515	Asia/Shanghai		
1810845	Fuyang	China	CN	Anhui	01	32.9000	115.8167	1768947	Asia/Shanghai		
6077243	Montréal	Canada	CA	Quebec	10	45.5088	-73.5878	1762949	America/Toronto		
11838258	Bayan Nur	China	CN	Inner Mongolia	20	40.7414	107.3860	1760000	Asia/Shanghai		
3633009	Maracaibo	Venezuela	VE	Zulia	23	10.6423	-71.6109	1752602	America/Caracas		
1815395	Chaozhou	China	CN	Guangdong	30	23.6540	116.6226	1750945	Asia/Shanghai		
625144	Minsk	Belarus	BY	Minsk City	04	53.9002	27.5665	1742124	Europe/Minsk		
3054643	Budapest	Hungary	HU	Budapest	05	47.4984	19.0404	1741041	Europe/Budapest		
1797945	Qingyuan	China	CN	Guangdong	30	23.7000	113.0333	1738424	Asia/Shanghai		
1793724	Tai’an	China	CN	Shandong	25	36.1853	117.1200	1735425	Asia/Shanghai		
1258393	Rasapūdipalem	India	IN	Andhra Pradesh	02	17.7331	83.3162	1728128	Asia/Kolkata		
7626690	Pimpri-Chinchwad	India	IN	Maharashtra	16	18.6187	73.8037	1727692	Asia/Kolkata		
1720151	Caloocan	Philippines	PH	National Capital Region	NCR	14.6495	120.9679	1712945	Asia/Manila		
756135	Warsaw	Poland	PL	Mazovia	78	52.2298	21.0118	1702139	Europe/Warsaw		
953781	Soweto	South Africa	ZA	Gauteng	06	-26.2678	27.8585	1695047	Africa/Johannesburg		
3521081	Puebla	Mexico	MX	Puebla	21	19.0478	-98.2072	1692181	America/Mexico_City		
2761369	Vienna	Austria	AT	State of Vienna	09	48.2085	16.3721	1691468	Europe/Vienna		
3128760	Barcelona	Spain	ES	Catalonia	56	41.3888	2.1590	1686208	Europe/Madrid		
1260086	Patna	India	IN	Bihar	34	25.5941	85.1356	1684297	Asia/Kolkata		
99072	Mosul	Iraq	IQ	Nineveh	15	36.3350	43.1189	1683000	Asia/Baghdad		
12165956	Kallakurichi	India	IN	Tamil Nadu	25	11.7338	78.9592	1682687	Asia/Kolkata		
232422	Kampala	Uganda	UG	Central Region	C	0.3163	32.5822	1680600	Africa/Kampala		
1788852	Xining	China	CN	Qinghai	06	36.6255	101.7574	1677177	Asia/Shanghai		
7283386	Changshu	China	CN	Jiangsu	04	31.6461	120.7422	1677050	Asia/Shanghai		
1633070	Palembang	Indonesia	ID	South Sumatra	32	-2.9167	104.7458	1668848	Asia/Jakarta		
1807681	Huainan	China	CN	Anhui	01	32.6264	116.9969	1666826	Asia/Shanghai		
2538475	Rabat	Morocco	MA	Rabat-Salé-Kénitra	04	34.0132	-6.8326	1655753	Africa/Casablanca		
1627896	Semarang	Indonesia	ID	Central Java	07	-6.9931	110.4208	1653524	Asia/Jakarta		
3390760	Recife	Brazil	BR	Pernambuco	30	-8.0539	-34.8811	1653461	America/Recife		
5308655	Phoenix	United States	US	Arizona	AZ	33.4484	-112.0740	1650070	America/Phoenix		
1793743	Suzhou	China	CN	Anhui	01	33.6361	116.9789	1647642	Asia/Shanghai		
3529612	Ecatepec de Morelos	Mexico	MX	México	15	19.6049	-99.0606	1645352	America/Mexico_City		
1802206	Lu’an	China	CN	Anhui	01	31.7356	116.5169	1644344	Asia/Shanghai		
3625549	Valencia	Venezuela	VE	Carabobo	07	10.1615	-68.0004	1619470	America/Caracas		
1264728	Ludhiana	India	IN	Punjab	23	30.9120	75.8538	1618879	Asia/Kolkata		
1787746	Yancheng	China	CN	Jiangsu	04	33.3575	120.1573	1615717	Asia/Shanghai		
1496747	Novosibirsk	Russia	RU	Novosibirsk Oblast	53	55.0226	82.9317	1612833	Asia/Novosibirsk		
95446	Erbil	Iraq	IQ	Erbil	11	36.1912	44.0094	1612700	Asia/Baghdad		
1863967	Fukuoka	Japan	JP	Fukuoka	07	33.6000	130.4167	1612392	Asia/Tokyo		
1793505	Taizhou	China	CN	Jiangsu	04	32.4907	119.9081	1607108	Asia/Shanghai		
2037860	Daqing	China	CN	Heilongjiang	08	46.5833	125.0000	1604027	Asia/Shanghai		
1701668	Manila	Philippines	PH	National Capital Region	NCR	14.6042	120.9822	1600000	Asia/Manila		
1791236	Wuhu	China	CN	Anhui	01	31.3526	118.4295	1598165	Asia/Shanghai		
3991164	Santiago de Querétaro	Mexico	MX	Querétaro	22	20.5881	-100.3881	1594212	America/Mexico_City		
1813325	Dazhou	China	CN	Sichuan	32	31.2106	107.4631	1589435	Asia/Shanghai		
1787227	Yangzhou	China	CN	Jiangsu	04	32.3972	119.4358	1584237	Asia/Shanghai		
3998655	León de los Aldama	Mexico	MX	Guanajuato	11	21.1291	-101.6737	1579803	America/Mexico_City		
104515	Makkah	Saudi Arabia	SA	Mecca Region	14	21.4266	39.8256	1578722	Asia/Riyadh		
4560349	Philadelphia	United States	US	Pennsylvania	PA	39.9524	-75.1636	1573916	America/New_York		
1821306	Phnom Penh	Cambodia	KH	Phnom Penh	22	11.5625	104.9160	1573544	Asia/Phnom_Penh		
1809498	Guilin	China	CN	Guangxi	16	25.2802	110.2964	1572300	Asia/Shanghai		
170654	Damascus	Syria	SY	Damascus Governorate	13	33.5102	36.2913	1569394	Asia/Damascus		
1167528	Quetta	Pakistan	PK	Balochistan	02	30.1841	67.0014	1565546	Asia/Karachi		
1784853	Zhaoqing	China	CN	Guangdong	30	23.0489	112.4609	1553109	Asia/Shanghai		
2326016	Onitsha	Nigeria	NG	Anambra	25	6.1498	6.7857	1553000	Africa/Lagos		
1800627	Mianyang	China	CN	Sichuan	32	31.4678	104.6817	1550000	Asia/Shanghai		
418863	Isfahan	Iran	IR	Isfahan	28	32.6525	51.6746	1547164	Asia/Tehran		
12358576	Wanzhou	China	CN	Chongqing	33	30.7645	108.3959	1545900	Asia/Shanghai		
890299	Harare	Zimbabwe	ZW	Harare	10	-17.8277	31.0534	1542813	Africa/Harare		
2274895	Monrovia	Liberia	LR	Montserrado County	14	6.3005	-10.7969	1542549	Africa/Monrovia		
1798449	Putian	China	CN	Fujian	07	25.4394	119.0103	1539389	Asia/Shanghai		
1859642	Kawasaki	Japan	JP	Kanagawa	19	35.5206	139.7172	1538262	Asia/Tokyo		
3462377	Goiânia	Brazil	BR	Goiás	29	-16.6786	-49.2539	1536097	America/Sao_Paulo		
2193733	Auckland	New Zealand	NZ	Auckland	E7	-36.8485	174.7635	1530500	Pacific/Auckland		
4726206	San Antonio	United States	US	Texas	TX	29.4241	-98.4936	1526656	America/Chicago		
1859171	Kobe	Japan	JP	Hyōgo	13	34.6913	135.1830	1525152	Asia/Tokyo		
2673730	Stockholm	Sweden	SE	Stockholm	26	59.3294	18.0687	1515017	Europe/Stockholm		
4013708	Ciudad Juárez	Mexico	MX	Chihuahua	06	31.7202	-106.4608	1512450	America/Ciudad_Juarez		
1586203	Cần Thơ	Vietnam	VN	Can Tho City	92	10.0371	105.7883	1507187	Asia/Ho_Chi_Minh		
1336135	Khulna	Bangladesh	BD	Khulna Division	82	22.8098	89.5644	1500689	Asia/Dhaka		
3405870	Belém	Brazil	BR	Pará	16	-1.4558	-48.5044	1499641	America/Belem		
1486209	Yekaterinburg	Russia	RU	Sverdlovsk Oblast	71	56.8573	60.6153	1495066	Asia/Yekaterinburg		
3452925	Porto Alegre	Brazil	BR	Rio Grande do Sul	23	-30.0328	-51.2302	1488252	America/Sao_Paulo		
1786657	Yinchuan	China	CN	Ningxia	21	38.4681	106.2731	1487579	Asia/Shanghai		
5125771	Manhattan	United States	US	New York	NY	40.7834	-73.9663	1487536	America/New_York		
1261731	Nashik	India	IN	Maharashtra	16	19.9973	73.7910	1486053	Asia/Kolkata		
8400694	Taizhou	China	CN	Zhejiang	02	28.6627	121.4331	1485502	Asia/Shanghai		
3439389	Asunción	Paraguay	PY	Asuncion	22	-25.2865	-57.6470	1482200	America/Asuncion		
1814870	Yiwu	China	CN	Zhejiang	02	29.3151	120.0768	1481384	Asia/Shanghai		
3979770	Zapopan	Mexico	MX	Jalisco	14	20.7211	-103.3874	1476491	America/Mexico_City		
2078025	Adelaide	Australia	AU	South Australia	05	-34.9287	138.5986	1469163	Australia/Adelaide		
1797353	Quanzhou	China	CN	Fujian	07	24.9139	118.5858	1469157	Asia/Shanghai		
1264521	Madurai	India	IN	Tamil Nadu	25	9.9190	78.1195	1465625	Asia/Kolkata		
1805528	Jinhua	China	CN	Zhejiang	02	29.1068	119.6442	1463990	Asia/Shanghai		
1857910	Kyoto	Japan	JP	Kyoto	22	35.0211	135.7538	1463723	Asia/Tokyo		
1806602	Cixi	China	CN	Zhejiang	02	30.1764	121.2457	1457510	Asia/Shanghai		
1791121	Changde	China	CN	Hunan	11	29.0321	111.6984	1457419	Asia/Shanghai		
1735161	Kuala Lumpur	Malaysia	MY	Kuala Lumpur	14	3.1412	101.6865	1453975	Asia/Kuala_Lumpur		
308464	Kayseri	Turkey	TR	Kayseri	38	38.7322	35.4853	1452458	Europe/Istanbul		
1804879	Kaifeng	China	CN	Henan	09	34.7986	114.3074	1451741	Asia/Shanghai		
2038632	Anshan	China	CN	Liaoning	19	41.1236	122.9900	1450000	Asia/Shanghai		
128747	Karaj	Iran	IR	Alborz Province	44	35.8327	50.9915	1448075	Asia/Tehran		
1283240	Kathmandu	Nepal	NP	Bagmati Province	3	27.7017	85.3206	1442271	Asia/Kathmandu		
1835235	Daejeon	South Korea	KR	Daejeon	19	36.3491	127.3849	1441203	Asia/Seoul		
10942359	Baoji	China	CN	Shaanxi	26	34.3678	107.2370	1437802	Asia/Shanghai		
1793771	Suqian	China	CN	Jiangsu	04	33.9492	118.2958	1437685	Asia/Shanghai		
1803300	Liuzhou	China	CN	Guangxi	16	24.3240	109.4070	1436599	Asia/Shanghai		
1254361	Tirunelveli	India	IN	Tamil Nadu	25	8.7274	77.6838	1435844	Asia/Kolkata		
306571	Konya	Turkey	TR	Konya	71	37.8713	32.4846	1433861	Europe/Istanbul		
1787331	Zhangjiagang	China	CN	Jiangsu	04	31.8650	120.5389	1432044	Asia/Shanghai		
1279259	Agra	India	IN	Uttar Pradesh	36	27.1833	78.0167	1430055	Asia/Kolkata		
113646	Tabriz	Iran	IR	East Azerbaijan	33	38.0800	46.2919	1424641	Asia/Tehran		
1622786	Makassar	Indonesia	ID	South Sulawesi	38	-5.1486	119.4319	1423877	Asia/Makassar		
706483	Kharkiv	Ukraine	UA	Kharkivs’ka Oblast’	07	49.9818	36.2548	1421125	Europe/Kyiv		
1797658	Jinjiang	China	CN	Fujian	07	24.8198	118.5742	1416151	Asia/Shanghai		
1271951	Faridabad	India	IN	Haryana	10	28.4112	77.3132	1414050	Asia/Kolkata		
1816234	Bozhou	China	CN	Anhui	01	33.8772	115.7703	1409436	Asia/Shanghai		
1797318	Qujing	China	CN	Yunnan	29	25.4833	103.7833	1408500	Asia/Shanghai		
8581443	South Tangerang	Indonesia	ID	Banten	33	-6.2886	106.7179	1404785	Asia/Jakarta		
5391811	San Diego	United States	US	California	CA	32.7157	-117.1647	1404452	America/Los_Angeles		
1841811	Gwangju	South Korea	KR	Gwangju	18	35.1547	126.9156	1401235	Asia/Seoul		
1784990	Zhanjiang	China	CN	Guangdong	30	21.2339	110.3875	1400709	Asia/Shanghai		
2037355	Fushun	China	CN	Liaoning	19	41.8867	123.9436	1400646	Asia/Shanghai		
1258847	Rājkot	India	IN	Gujarat	09	22.2916	70.7932	1390640	Asia/Kolkata		
1801792	Luoyang	China	CN	Henan	09	34.6735	112.4368	1390581	Asia/Shanghai		
4005539	Guadalajara	Mexico	MX	Jalisco	14	20.6774	-103.3475	1385629	America/Mexico_City		
5110266	The Bronx	United States	US	New York	NY	40.8499	-73.8664	1385108	America/New_York		
1580240	Huế	Vietnam	VN	Thừa Thiên Huế Province	46	16.4619	107.5955	1380000	Asia/Bangkok		
1802875	Guankou	China	CN	Hunan	11	28.1586	113.6271	1380000	Asia/Shanghai		
3173435	Milan	Italy	IT	Lombardy	09	45.4643	9.1895	1371498	Europe/Rome		
1262111	Najafgarh	India	IN	Delhi	07	28.6092	76.9798	1365000	Asia/Kolkata		
2427123	N'Djamena	Chad	TD	N’Djaména	21	12.1067	15.0444	1359526	Africa/Ndjamena		
1808963	Handan	China	CN	Hebei	10	36.6100	114.4876	1358318	Asia/Shanghai		
1183460	Bannu	Pakistan	PK	Khyber Pakhtunkhwa	03	32.9853	70.6040	1357890	Asia/Karachi		
1786764	Yichang	China	CN	Hubei	12	30.7144	111.2847	1350150	Asia/Shanghai		
1070940	Antananarivo	Madagascar	MG	Analamanga	11	-18.9137	47.5361	1349501	Indian/Antananarivo		
1808198	Heze	China	CN	Shandong	25	35.2393	115.4736	1346717	Asia/Shanghai		
2293521	Abobo	Ivory Coast	CI	Abidjan Autonomous District	93	5.4161	-4.0159	1340083	Africa/Abidjan		
1269300	Jamshedpur	India	IN	Jharkhand	38	22.8028	86.1855	1339438	Asia/Kolkata		
2232593	Douala	Cameroon	CM	Littoral	05	4.0483	9.7043	1338082	Africa/Douala		
323777	Antalya	Turkey	TR	Antalya	07	36.9081	30.6956	1335002	Europe/Istanbul		
99532	Basrah	Iraq	IQ	Basra	02	30.5085	47.7804	1326564	Asia/Baghdad		
4684888	Dallas	United States	US	Texas	TX	32.7831	-96.8067	1326087	America/Chicago		
6940394	Saitama	Japan	JP	Saitama	34	35.9081	139.6566	1324854	Asia/Tokyo		
1270926	Gorakhpur	India	IN	Haryana	10	29.4477	75.6721	1324570	Asia/Kolkata		
2440485	Niamey	Niger	NE	Niamey	08	13.5137	2.1098	1323691	Africa/Niamey		
8533133	Liupanshui	China	CN	Guizhou	18	26.5944	104.8333	1320825	Asia/Shanghai		
1684308	Taguig	Philippines	PH	National Capital Region	NCR	14.5243	121.0792	1308085	Asia/Manila		
1801180	Maoming	China	CN	Guangdong	30	21.6663	110.9136	1307802	Asia/Shanghai		
5913490	Calgary	Canada	CA	Alberta	01	51.0501	-114.0853	1306784	America/Edmonton		
2210247	Tripoli	Libya	LY	Tripoli	77	32.8874	13.1873	1302947	Africa/Tripoli		
109223	Madinah	Saudi Arabia	SA	Medina Region	05	24.4686	39.6142	1300000	Asia/Riyadh		
3946083	Callao	Peru	PE	Callao	07	-12.0516	-77.1345	1300000	America/Lima		
2220957	Yaoundé	Cameroon	CM	Centre	11	3.8667	11.5167	1299369	Africa/Douala		
1797551	Qinzhou	China	CN	Guangxi	16	21.9825	108.6506	1296300	Asia/Shanghai		
1801934	Luohe	China	CN	Henan	09	33.5639	114.0427	1294974	Asia/Shanghai		
1790587	Xiangyang	China	CN	Hubei	12	32.0422	112.1448	1294733	Asia/Shanghai		
1806408	Yangjiang	China	CN	Guangdong	30	21.8556	111.9627	1292987	Asia/Shanghai		
1786760	Yixing	China	CN	Jiangsu	04	31.3606	119.8202	1285785	Asia/Shanghai		
1259652	Pimpri	India	IN	Maharashtra	16	18.6229	73.8070	1284606	Asia/Kolkata		
1583992	Da Nang	Vietnam	VN	Da Nang City	48	16.0678	108.2208	1276000	Asia/Ho_Chi_Minh		
250441	Amman	Jordan	JO	Amman	16	31.9552	35.9450	1275857	Asia/Amman		
1723510	Budta	Philippines	PH	Autonomous Region in Muslim Mindanao	14	7.2042	124.4397	1273715	Asia/Manila		
792680	Belgrade	Serbia	RS	Central Serbia	SE	44.8040	20.4651	1273651	Europe/Belgrade		
1587923	Biên Hòa	Vietnam	VN	Dong Nai	75	10.9447	106.8243	1272235	Asia/Ho_Chi_Minh		
1797798	Qingpu	China	CN	Shanghai	23	31.1539	121.1141	1271424	Asia/Shanghai		
3441575	Montevideo	Uruguay	UY	Montevideo Department	10	-34.9033	-56.1882	1270737	America/Montevideo		
1788046	Xuchang	China	CN	Henan	09	34.0319	113.8630	1265536	Asia/Shanghai		
1268295	Kalyān	India	IN	Maharashtra	16	19.2437	73.1355	1262255	Asia/Kolkata		
1783745	Zigong	China	CN	Sichuan	32	29.3416	104.7769	1262064	Asia/Shanghai		
2867714	Munich	Germany	DE	Bavaria	02	48.1374	11.5755	1260391	Europe/Berlin		
520555	Nizhniy Novgorod	Russia	RU	Nizhny Novgorod Oblast	51	56.3287	44.0020	1259013	Europe/Moscow		
1642548	Jepara	Indonesia	ID	Central Java	07	-6.5924	110.6710	1257912	Asia/Jakarta		
1040652	Maputo	Mozambique	MZ	Maputo City	11	-25.9655	32.5832	1254837	Africa/Maputo		
10630003	Xuzhou	China	CN	Jiangsu	04	34.2044	117.2839	1253991	Asia/Shanghai		
110336	Dammam	Saudi Arabia	SA	Eastern Province	06	26.4344	50.1033	1252523	Asia/Riyadh		
268743	Ra’s Bayrūt	Lebanon	LB	Beirut	04	33.9000	35.4833	1251739	Asia/Beirut		
1799491	Neijiang	China	CN	Sichuan	32	29.5835	105.0622	1251095	Asia/Shanghai		
115019	Shiraz	Iran	IR	Fars	07	29.6103	52.5311	1249942	Asia/Tehran		
1808316	Heshan	China	CN	Hunan	11	28.5694	112.3473	1249807	Asia/Shanghai		
1272423	Dombivali	India	IN	Maharashtra	16	19.2167	73.0833	1247327	Asia/Kolkata		
214481	Kananga	Democratic Republic of the Congo	CD	Kasai-Central	23	-5.8962	22.4166	1247168	Africa/Lubumbashi		
551487	Kazan	Russia	RU	Tatarstan Republic	73	55.7887	49.1221	1243500	Europe/Moscow		
1805518	Jining	China	CN	Shandong	25	35.4050	116.5814	1241012	Asia/Shanghai		
3648522	Barquisimeto	Venezuela	VE	Lara	13	10.0647	-69.3570	1240714	America/Caracas		
349076	Shubrā al Khaymah	Egypt	EG	Qalyubia	12	30.1251	31.2505	1240289	Africa/Cairo		
1798439	Putuo	China	CN	Shanghai	23	31.2510	121.3897	1239100	Asia/Shanghai		
3718426	Port-au-Prince	Haiti	HT	Ouest	11	18.5435	-72.3388	1234742	America/Port-au-Prince		
1835553	Suwon	South Korea	KR	Gyeonggi-do	13	37.2911	127.0089	1234582	Asia/Seoul		
1788534	Xinyang	China	CN	Henan	09	32.1228	114.0656	1230042	Asia/Shanghai		
1803834	Liaocheng	China	CN	Shandong	25	36.4506	116.0025	1229768	Asia/Shanghai		
10942283	Jinzhong	China	CN	Shanxi	24	37.6840	112.7547	1226617	Asia/Shanghai		
1263214	Meerut	India	IN	Uttar Pradesh	36	28.9800	77.7064	1223184	Asia/Kolkata		
1253133	Virār	India	IN	Maharashtra	16	19.4559	72.8114	1222390	Asia/Kolkata		
1261162	Nowrangapur	India	IN	Odisha	21	19.2311	82.5483	1220946	Asia/Kolkata		
94824	Karbala	Iraq	IQ	Karbala	12	32.6160	44.0249	1218732	Asia/Baghdad		
1808956	Changzhi	China	CN	Shanxi	24	36.1839	113.1053	1214940	Asia/Shanghai		
1792892	Tianshui	China	CN	Gansu	15	34.5795	105.7424	1212791	Asia/Shanghai		
7802746	Sadr City	Iraq	IQ	Baghdad	07	33.3889	44.4583	1211849	Asia/Baghdad		
1787375	Yangpu	China	CN	Shanghai	23	31.2619	121.5190	1210800	Asia/Shanghai		
186301	Mombasa	Kenya	KE	Mombasa County	37	-4.0547	39.6636	1208333	Africa/Nairobi		
1311874	Mandalay	Myanmar	MM	Mandalay Region	08	21.9747	96.0836	1208099	Asia/Yangon		
1255634	Srinagar	India	IN	Jammu and Kashmir	12	34.0857	74.8055	1206419	Asia/Kolkata		
3689147	Barranquilla	Colombia	CO	Atlántico	04	10.9685	-74.7813	1206319	America/Bogota		
1508291	Chelyabinsk	Russia	RU	Chelyabinsk	13	55.1611	61.4288	1202371	Asia/Yekaterinburg		
3523349	Mérida	Mexico	MX	Yucatán	31	20.9670	-89.6232	1201000	America/Merida		
1862415	Hiroshima	Japan	JP	Hiroshima	11	34.4000	132.4500	1200754	Asia/Tokyo		
1518980	Shymkent	Kazakhstan	KZ	Shymkent	1537272	42.3099	69.6004	1200000	Asia/Almaty		
3492914	Santiago de los Caballeros	Dominican Republic	DO	Santiago Province	25	19.4504	-70.6908	1200000	America/Santo_Domingo		
1791636	Weinan	China	CN	Shaanxi	26	34.5035	109.5089	1199290	Asia/Shanghai		
1271308	Ghāziābād	India	IN	Uttar Pradesh	36	28.6654	77.4391	1199191	Asia/Kolkata		
1039854	Matola	Mozambique	MZ	Maputo Province	04	-25.9622	32.4589	1198988	Africa/Maputo		
1272979	Dhanbad	India	IN	Jharkhand	38	23.7976	86.4299	1196214	Asia/Kolkata		
12747064	Hong Kong Island	Hong Kong	HK		00	22.2630	114.1842	1195529	Asia/Hong_Kong		
2548885	Fes	Morocco	MA	Fes-Meknes	03	34.0331	-5.0003	1191905	Africa/Casablanca		
3514674	Gustavo Adolfo Madero	Mexico	MX	Mexico City	09	19.4939	-99.1107	1185772	America/Mexico_City		
2377450	Nouakchott	Mauritania	MR			18.0858	-15.9785	1184530	Africa/Nouakchott		
212730	Kisangani	Democratic Republic of the Congo	CD	Tshopo	30	0.5153	25.1910	1181788	Africa/Lubumbashi		
1805953	Jiaxing	China	CN	Zhejiang	02	30.7522	120.7500	1180000	Asia/Shanghai		
1278149	Aurangabad	India	IN	Maharashtra	16	19.8776	75.3423	1175116	Asia/Kolkata		
1784285	Zhongwei	China	CN	Ningxia	21	37.5113	105.1907	1174600	Asia/Shanghai		
1496153	Omsk	Russia	RU	Omsk Oblast	54	54.9924	73.3686	1172070	Asia/Omsk		
3461786	Guarulhos	Brazil	BR	São Paulo	27	-23.4628	-46.5333	1169577	America/Sao_Paulo		
10794003	Panjin	China	CN	Liaoning	19	41.1210	122.0739	1166481	Asia/Shanghai		
1624917	Bandar Lampung	Indonesia	ID	Lampung	15	-5.4292	105.2611	1166066	Asia/Jakarta		
3067696	Prague	Czechia	CZ	Prague	52	50.0880	14.4208	1165581	Europe/Prague		
1253405	Varanasi	India	IN	Uttar Pradesh	36	25.3167	83.0104	1164404	Asia/Kolkata		
6295587	Batam	Indonesia	ID	Riau	37	1.1494	104.0249	1164352	Asia/Jakarta		
1805179	Jiujiang	China	CN	Jiangxi	03	29.7048	116.0021	1164268	Asia/Shanghai		
499099	Samara	Russia	RU	Samara Oblast	65	53.2077	50.1355	1163399	Europe/Samara		
2353151	Aba	Nigeria	NG	Abia State	45	5.1066	7.3667	1160000	Africa/Lagos		
1278710	Amritsar	India	IN	Punjab	23	31.6223	74.8753	1159227	Asia/Kolkata		
2655603	Birmingham	United Kingdom	GB	England	ENG	52.4814	-1.8998	1157603	Europe/London		
2618425	Copenhagen	Denmark	DK	Capital Region	17	55.6759	12.5655	1153615	Europe/Copenhagen		
727011	Sofia	Bulgaria	BG	Sofia-Capital	42	42.6975	23.3241	1152556	Europe/Sofia		
1785294	Anyang	China	CN	Henan	09	36.0960	114.3828	1146839	Asia/Shanghai		
616052	Yerevan	Armenia	AM	Yerevan	11	40.1776	44.5126	1144700	Asia/Yerevan		
13405906	Luohu District	China	CN	Guangdong	30	22.5472	114.1315	1143801	Asia/Shanghai		
1253184	Vijayawada	India	IN	Andhra Pradesh	02	16.5074	80.6466	1143232	Asia/Kolkata		
13608002	Fengxiang	China	CN	Shanghai	23	30.8584	121.4678	1140872	Asia/Shanghai		
1816373	Bijie	China	CN	Guizhou	18	27.3019	105.2863	1137383	Asia/Shanghai		
3995465	Monterrey	Mexico	MX	Nuevo León	19	25.6843	-100.3172	1135512	America/Monterrey		
202061	Kigali	Rwanda	RW	Kigali	12	-1.9500	30.0588	1132686	Africa/Kigali		
501175	Rostov-on-Don	Russia	RU	Rostov	61	47.2200	39.7077	1130305	Europe/Moscow		
1783763	Zhuzhou	China	CN	Hunan	11	27.8333	113.1500	1129687	Asia/Shanghai		
1648473	Bogor	Indonesia	ID	West Java	30	-6.5944	106.7892	1127408	Asia/Jakarta		
1978681	Malingao	Philippines	PH	Soccsksargen	12	7.1608	124.4750	1121974	Asia/Manila		
2244322	Touba	Senegal	SN	Diourbel Region	03	14.8623	-15.8753	1120824	Africa/Dakar		
479561	Ufa	Russia	RU	Bashkortostan Republic	08	54.7431	55.9678	1120547	Asia/Yekaterinburg		
1258526	Ranchi	India	IN	Jharkhand	38	23.3432	85.3094	1120374	Asia/Kolkata		
1787858	Shangrao	China	CN	Jiangxi	03	28.4518	117.9429	1116486	Asia/Shanghai		
927967	Lilongwe	Malawi	MW	Central Region	C	-13.9669	33.7873	1115815	Africa/Blantyre		
1807700	Huaibei	China	CN	Anhui	01	33.9744	116.7917	1113321	Asia/Shanghai		
2331447	Maiduguri	Nigeria	NG	Borno State	27	11.8469	13.1571	1110000	Africa/Lagos		
1787957	Xuhui	China	CN	Shanghai	23	31.1959	121.4471	1109800	Asia/Shanghai		
1800818	Meishan	China	CN	Sichuan	32	30.0439	103.8370	1107742	Asia/Shanghai		
152224	Mwanza	Tanzania	TZ	Mwanza	12	-2.5167	32.9000	1104521	Africa/Dar_es_Salaam		
1833747	Ulsan	South Korea	KR	Ulsan	21	35.5372	129.3167	1098421	Asia/Seoul		
2111149	Sendai	Japan	JP	Miyagi	24	38.2667	140.8667	1096704	Asia/Tokyo		
1502026	Krasnoyarsk	Russia	RU	Krasnoyarsk Krai	91	56.0374	92.9314	1090811	Asia/Krasnoyarsk		
1810820	Fuzhou	China	CN	Jiangxi	03	27.9600	116.3333	1089888	Asia/Shanghai		
1809532	Guigang	China	CN	Guangxi	16	23.1160	109.5947	1086327	Asia/Shanghai		
1631761	Pekanbaru	Indonesia	ID	Riau	37	0.5167	101.4417	1085000	Asia/Jakarta		
3143244	Oslo	Norway	NO	Oslo	12	59.9127	10.7461	1082575	Europe/Oslo		
1269633	Jabalpur	India	IN	Madhya Pradesh	35	23.1670	79.9501	1081677	Asia/Kolkata		
2337639	Ilorin	Nigeria	NG	Kwara State	30	8.4966	4.5421	1080000	Africa/Lagos		
415189	Aden	Yemen	YE	Aden	02	12.7796	45.0385	1079670	Asia/Aden		
3530589	Ciudad Nezahualcoyotl	Mexico	MX	México	15	19.4006	-99.0148	1077208	America/Mexico_City		
1808370	Hengyang	China	CN	Hunan	11	26.8895	112.6189	1075516	Asia/Shanghai		
1278994	Prayagraj	India	IN	Uttar Pradesh	36	25.4448	81.8432	1073438	Asia/Kolkata		
1253102	Visakhapatnam	India	IN	Andhra Pradesh	02	17.6801	83.2016	1063178	Asia/Kolkata		
1842485	Goyang-si	South Korea	KR	Gyeonggi-do	13	37.6564	126.8350	1061752	Asia/Seoul		
1785781	Yulin	China	CN	Guangxi	16	22.6305	110.1469	1056743	Asia/Shanghai		
1268865	Jodhpur	India	IN	Rajasthan	24	26.2684	73.0059	1056191	Asia/Kolkata		
1270583	Gwalior	India	IN	Madhya Pradesh	35	26.2298	78.1734	1054420	Asia/Kolkata		
1805540	Jingzhou	China	CN	Hubei	12	30.3503	112.1903	1052282	Asia/Shanghai		
964420	Gqeberha	South Africa	ZA	Eastern Cape	05	-33.9611	25.6149	1050078	Africa/Johannesburg		
611717	Tbilisi	Georgia	GE	Tbilisi	51	41.6914	44.8341	1049498	Asia/Tbilisi		
472045	Voronezh	Russia	RU	Voronezh Oblast	86	51.6683	39.1920	1047549	Europe/Moscow		
1788572	Xinxiang	China	CN	Henan	09	35.1903	113.8015	1047088	Asia/Shanghai		
1786746	Yichun	China	CN	Jiangxi	03	27.8333	114.4000	1045952	Asia/Shanghai		
2322911	Sokoto	Nigeria	NG	Sokoto	51	13.0627	5.2432	1040000	Africa/Lagos		
2335953	Jos	Nigeria	NG	Plateau State	49	9.9285	8.8921	1040000	Africa/Lagos		
2530335	Tangier	Morocco	MA	Tanger-Tetouan-Al Hoceima	01	35.7673	-5.7998	1035141	Africa/Casablanca		
1254745	Teni	India	IN	Tamil Nadu	25	10.0112	77.4777	1034724	Asia/Kolkata		
1790353	Xianyang	China	CN	Shaanxi	26	34.3378	108.7026	1034081	Asia/Shanghai		
3996069	Mexicali	Mexico	MX	Baja California	02	32.6278	-115.4545	1032686	America/Tijuana		
2255414	Pointe-Noire	Republic of the Congo	CG	Pointe-Noire	15	-4.7761	11.8635	1032000	Africa/Brazzaville		
3395981	Maceió	Brazil	BR	Alagoas	02	-9.6658	-35.7353	1031597	America/Maceio		
3467865	Campinas	Brazil	BR	São Paulo	27	-22.9056	-47.0608	1031554	America/Sao_Paulo		
1796556	Sanya	China	CN	Hainan	31	18.2543	109.5095	1031396	Asia/Shanghai		
1185188	Rangpur	Bangladesh	BD	Rangpur Division	87	25.7466	89.2517	1031388	Asia/Dhaka		
94787	Kirkuk	Iraq	IQ	Kirkuk	13	35.4681	44.3922	1031000	Asia/Baghdad		
162183	Ashgabat	Turkmenistan	TM	Ashgabat	S	37.9500	58.3833	1030063	Asia/Ashgabat		
1185186	Comilla	Bangladesh	BD	Chittagong	84	23.4619	91.1850	1030000	Asia/Dhaka		
1795874	Shaoguan	China	CN	Guangdong	30	24.8000	113.5833	1028460	Asia/Shanghai		
1270396	Howrah	India	IN	West Bengal	28	22.5769	88.3186	1027672	Asia/Kolkata		
1258980	Raipur	India	IN	Chhattisgarh	37	21.2333	81.6333	1027264	Asia/Kolkata		
1846326	Changwon	South Korea	KR	Gyeongsangnam-do	20	35.2281	128.6811	1025702	Asia/Seoul		
1802276	Longyan	China	CN	Fujian	07	25.0749	117.0178	1025087	Asia/Shanghai		
2964574	Dublin	Ireland	IE	Leinster	L	53.3331	-6.2489	1024027	Europe/Dublin		
1254388	Tiruchirappalli	India	IN	Tamil Nadu	25	10.8155	78.6965	1022518	Asia/Kolkata		
1786217	Yongzhou	China	CN	Hunan	11	26.4239	111.6131	1020715	Asia/Shanghai		
2800866	Brussels	Belgium	BE	Brussels Capital	BRU	50.8505	4.3488	1019022	Europe/Brussels		
1679432	Zamboanga	Philippines	PH	Zamboanga Peninsula	09	6.9103	122.0739	1018849	Asia/Manila		
6094817	Ottawa	Canada	CA	Ontario	08	45.4112	-75.6981	1017449	America/Toronto		
1806535	Huzhou	China	CN	Zhejiang	02	30.8703	120.0933	1015937	Asia/Shanghai		
472757	Volgograd	Russia	RU	Volgograd Oblast	84	48.7138	44.4976	1013533	Europe/Volgograd		
379251	Khartoum North	Sudan	SD	Khartoum	29	15.6493	32.5346	1012211	Africa/Khartoum		
5946768	Edmonton	Canada	CA	Alberta	01	53.5501	-113.4687	1010899	America/Edmonton		
698740	Odesa	Ukraine	UA	Odesa	17	46.4857	30.7438	1010537	Europe/Kyiv		
1803936	Wuwei	China	CN	Gansu	15	37.9267	102.6320	1010295	Asia/Shanghai		
4160021	Jacksonville	United States	US	Florida	FL	30.3322	-81.6556	1009833	America/New_York		
3947322	Arequipa	Peru	PE	Arequipa	04	-16.3990	-71.5375	1008290	America/Lima		
4691930	Fort Worth	United States	US	Texas	TX	32.7254	-97.3208	1008106	America/Chicago		
1808857	Hanzhong	China	CN	Shaanxi	26	33.0751	107.0221	1006557	Asia/Shanghai		
7576887	Hezhou	China	CN	Guangxi	16	24.4036	111.5667	1005490	Asia/Shanghai		
3046446	Pest	Hungary	HU	Budapest	05	47.5000	19.0833	1001748	Europe/Budapest		
1266049	Kota	India	IN	Rajasthan	24	25.1825	75.8391	1001694	Asia/Kolkata		
6943660	Shivaji Nagar	India	IN	Maharashtra	16	18.5302	73.8526	1000000	Asia/Kolkata		
7602670	Zhu Cheng City	China	CN	Shandong	25	35.9950	119.4026	1000000	Asia/Shanghai		
1812101	Dongying	China	CN	Shandong	25	37.4627	118.4917	998968	Asia/Shanghai		
1801640	Luzhou	China	CN	Sichuan	32	28.8903	105.4257	998900	Asia/Shanghai		
5392171	San Jose	United States	US	California	CA	37.3394	-121.8950	997368	America/Los_Angeles		
1256436	Sholapur	India	IN	Maharashtra	16	17.6715	75.9104	997281	Asia/Kolkata		
2542997	Marrakesh	Morocco	MA	Marrakesh-Safi	07	31.6342	-7.9999	995871	Africa/Casablanca		
3598132	Guatemala City	Guatemala	GT	Guatemala	07	14.6407	-90.5133	994938	America/Guatemala		
1800779	Meizhou	China	CN	Guangdong	30	24.2886	116.1177	992351	Asia/Shanghai		
1927639	Yueyang	China	CN	Hunan	11	29.3745	113.0948	991465	Asia/Shanghai		
1804591	Laiwu	China	CN	Shandong	25	36.1928	117.6569	989535	Asia/Shanghai		
2038300	Benxi	China	CN	Liaoning	19	41.2886	123.7650	987717	Asia/Shanghai		
511196	Perm	Russia	RU	Perm Krai	90	58.0105	56.2502	982419	Asia/Yekaterinburg		
2317765	Zaria	Nigeria	NG	Kaduna State	23	11.1113	7.7227	980000	Africa/Lagos		
2113015	Chiba	Japan	JP	Chiba	04	35.6000	140.1167	979768	Asia/Tokyo		
1798827	Pingdingshan	China	CN	Henan	09	33.7309	113.3155	979130	Asia/Shanghai		
3645528	Ciudad Guayana	Venezuela	VE	Bolívar	06	8.3512	-62.6410	978202	America/Caracas		
1166000	Sargodha	Pakistan	PK	Punjab	04	32.0859	72.6742	975886	Asia/Karachi		
4671654	Austin	United States	US	Texas	TX	30.2672	-97.7431	974447	America/Chicago		
3617763	Managua	Nicaragua	NI	Managua Department	10	12.1328	-86.2504	973087	America/Managua		
1816440	Bengbu	China	CN	Anhui	01	32.9408	117.3608	972784	Asia/Shanghai		
2537763	Salé	Morocco	MA	Rabat-Salé-Kénitra	04	34.0531	-6.7985	972299	Africa/Casablanca		
281184	Jerusalem	Israel	IL	Jerusalem	06	31.7690	35.2163	971800	Asia/Jerusalem		
1274746	Chandigarh	India	IN	Chandigarh	05	30.7363	76.7884	970602	Asia/Kolkata		
709930	Dnipro	Ukraine	UA	Dnipropetrovsk	04	48.4666	35.0407	968502	Europe/Kyiv		
1717512	Cebu City	Philippines	PH	Central Visayas	07	10.3167	123.8907	965332	Asia/Manila		
1796823	Sanhe	China	CN	Hebei	10	39.9805	117.0689	965075	Asia/Shanghai		
2886242	Köln	Germany	DE	North Rhine-Westphalia	07	50.9333	6.9500	963395	Europe/Berlin		
1254348	Tiruppur	India	IN	Tamil Nadu	25	11.1154	77.3546	963173	Asia/Kolkata		
1271476	Guwahati	India	IN	Assam	03	26.1844	91.7458	962334	Asia/Kolkata		
1790492	Xiangtan	China	CN	Hunan	11	27.8500	112.9000	959303	Asia/Shanghai		
1803567	Linfen	China	CN	Shanxi	24	36.0889	111.5189	959198	Asia/Shanghai		
1931681	Victoria	Hong Kong	HK	Central and Western	HCW	22.2875	114.1442	956800	Asia/Hong_Kong		
1784642	Zhenjiang	China	CN	Jiangsu	04	32.2109	119.4551	950516	Asia/Shanghai		
2343279	Enugu	Nigeria	NG	Enugu State	47	6.4413	7.4988	950000	Africa/Lagos		
3838583	Rosario	Argentina	AR	Santa Fe	21	-32.9468	-60.6393	948312	America/Argentina/Cordoba		
101760	Sulţānah	Saudi Arabia	SA	Medina Region	05	24.4926	39.5857	946697	Asia/Riyadh		
2036662	Huludao	China	CN	Liaoning	19	40.7524	120.8355	944495	Asia/Shanghai		
1269920	Hubballi	India	IN	Karnataka	19	15.3478	75.1338	943788	Asia/Kolkata		
1859307	Kitakyushu	Japan	JP	Fukuoka	07	33.8518	130.8503	940978	Asia/Tokyo		
70225	Taiz	Yemen	YE	Ta‘izz	25	13.5795	44.0209	940600	Asia/Aden		
11790342	Setagaya	Japan	JP	Tokyo	40	35.6419	139.6472	940071	Asia/Tokyo		
3489854	Kingston	Jamaica	JM	Kingston	17	17.9970	-76.7936	937700	America/Jamaica		
1805701	Jing’an	China	CN	Shanghai	23	31.2200	121.4158	936500	Asia/Shanghai		
1281673	Baoshan	China	CN	Yunnan	29	25.1163	99.1637	935618	Asia/Shanghai		
1797063	Rui’an	China	CN	Zhejiang	02	27.7761	120.6586	927383	Asia/Shanghai		
4014338	Chihuahua	Mexico	MX	Chihuahua	06	28.6353	-106.0889	925762	America/Chihuahua		
6611854	Nay Pyi Taw	Myanmar	MM	Nay Pyi Taw	18	19.7450	96.1297	925000	Asia/Yangon		
315202	Eskişehir	Turkey	TR	Eskişehir	26	39.7767	30.5206	921630	Europe/Istanbul		
1262321	Mysuru	India	IN	Karnataka	19	12.2979	76.6393	920550	Asia/Kolkata		
3691175	Trujillo	Peru	PE	La Libertad	13	-8.1160	-79.0300	919899	America/Lima		
1257629	Salem	India	IN	Tamil Nadu	25	11.6538	78.1554	917414	Asia/Kolkata		
3388368	São Luís	Brazil	BR	Maranhão	13	-2.5297	-44.3028	917237	America/Fortaleza		
1897000	Seongnam-si	South Korea	KR	Gyeonggi-do	13	37.4386	127.1378	914832	Asia/Seoul		
3687238	Cartagena	Colombia	CO	Bolívar	35	10.3982	-75.4933	914552	America/Bogota		
1730501	Antipolo	Philippines	PH	Calabarzon	40	14.6258	121.1225	913712	Asia/Manila		
4509177	Columbus	United States	US	Ohio	OH	39.9612	-82.9988	913175	America/New_York		
1164909	Sialkot	Pakistan	PK	Punjab	04	32.4927	74.5313	911817	Asia/Karachi		
4460243	Charlotte	United States	US	North Carolina	NC	35.2271	-80.8431	911311	America/New_York		
1804609	Laibin	China	CN	Guangxi	16	23.7474	109.2222	910282	Asia/Shanghai		
2319133	Warri	Nigeria	NG	Delta	36	5.5174	5.7501	910000	Africa/Lagos		
3172394	Naples	Italy	IT	Campania	04	40.8522	14.2681	909048	Europe/Rome		
1633419	Padang	Indonesia	ID	West Sumatra	24	-0.9492	100.3543	909040	Asia/Jakarta		
1790254	Xiaogan	China	CN	Hubei	12	30.9269	113.9222	908266	Asia/Shanghai		
3467747	Campo Grande	Brazil	BR	Mato Grosso do Sul	11	-20.4428	-54.6464	906092	America/Campo_Grande		
1783683	Ziyang	China	CN	Sichuan	32	30.1211	104.6481	905729	Asia/Shanghai		
2362344	Bobo-Dioulasso	Burkina Faso	BF	Hauts-Bassins	09	11.1806	-4.2949	904920	Africa/Ouagadougou		
1183880	Bahawalpur	Pakistan	PK	Punjab	04	29.3978	71.6752	903795	Asia/Karachi		
1797264	Quzhou	China	CN	Zhejiang	02	28.9594	118.8686	902767	Asia/Shanghai		
931755	Blantyre	Malawi	MW	Southern Region	S	-15.7850	35.0085	902588	Africa/Blantyre		
709717	Donetsk	Ukraine	UA	Donetsk	05	48.0230	37.8022	901645	Europe/Kyiv		
100077	Abū Ghurayb	Iraq	IQ	Baghdad	07	33.3056	44.1848	900000	Asia/Baghdad		
119208	Qom	Iran	IR	Qom Province	39	34.6401	50.8764	900000	Asia/Tehran		
1528675	Bishkek	Kyrgyzstan	KG	Bishkek	01	42.8700	74.5900	900000	Asia/Bishkek		
1785453	Zaozhuang	China	CN	Shandong	25	34.8647	117.5542	899753	Asia/Shanghai		
542420	Krasnodar	Russia	RU	Krasnodar Krai	38	45.0453	38.9818	899541	Europe/Moscow		
3394023	Natal	Brazil	BR	Rio Grande do Norte	22	-5.7950	-35.2094	896708	America/Fortaleza		
1798654	Pingxiang	China	CN	Jiangxi	03	27.6167	113.8535	893550	Asia/Shanghai		
3531673	Cancún	Mexico	MX	Quintana Roo	23	21.1743	-86.8466	888797	America/Cancun		
4259418	Indianapolis	United States	US	Indiana	IN	39.7684	-86.1580	887642	America/Indiana/Indianapolis		
1270642	Gurugram	India	IN	Haryana	10	28.4601	77.0263	886519	Asia/Kolkata		
1275817	Bhubaneswar	India	IN	Odisha	21	20.2724	85.8338	885363	Asia/Kolkata		
1886762	Zhoushan	China	CN	Zhejiang	02	29.9887	122.2049	882932	Asia/Shanghai		
2035265	Qiqihar	China	CN	Heilongjiang	08	47.3392	123.9615	882364	Asia/Shanghai		
98463	Sulaymaniyah	Iraq	IQ	Sulaymaniyah	05	35.5650	45.4329	878146	Asia/Baghdad		
2995469	Marseille	France	FR	Provence-Alpes-Côte d'Azur	93	43.2970	5.3811	877215	Europe/Paris		
1802940	Puning	China	CN	Guangdong	30	23.3107	116.1687	874954	Asia/Shanghai		
2246678	Pikine	Senegal	SN	Dakar	01	14.7646	-17.3907	874062	Africa/Dakar		
1275901	Bhiwandi	India	IN	Maharashtra	16	19.3002	73.0588	874032	Asia/Kolkata		
954013	Soshanguve	South Africa	ZA	Gauteng	06	-25.4729	28.0992	872309	Africa/Johannesburg		
3386496	Teresina	Brazil	BR	Piauí	20	-5.0892	-42.8019	871126	America/Fortaleza		
1789065	Ankang	China	CN	Shaanxi	26	32.6800	109.0172	870126	Asia/Shanghai		
1268782	Jalandhar	India	IN	Punjab	23	31.3256	75.5792	868929	Asia/Kolkata		
2747891	Rotterdam	The Netherlands	NL	South Holland	11	51.9225	4.4792	868135	Europe/Amsterdam		
1804540	Langfang	China	CN	Hebei	10	39.5208	116.7147	868066	Asia/Shanghai		
1805987	Jiaozuo	China	CN	Henan	09	35.2392	113.2391	865413	Asia/Shanghai		
12069922	Rohini	India	IN	Delhi	07	28.7432	77.0678	860000	Asia/Kolkata		
1791748	Wanxian	China	CN	Chongqing	33	30.8160	108.3741	859662	Asia/Shanghai		
1799194	Guang’an	China	CN	Sichuan	32	30.4741	106.6370	858159	Asia/Shanghai		
1732752	Johor Bahru	Malaysia	MY	Johor	01	1.4655	103.7578	858118	Asia/Kuala_Lumpur		
7290466	Pasig City	Philippines	PH	National Capital Region	NCR	14.5869	121.0614	853050	Asia/Manila		
1845604	Cheongju-si	South Korea	KR	North Chungcheong	05	36.6372	127.4897	852147	Asia/Seoul		
12501153	Kanayannur	India	IN	Kerala	13	9.9667	76.2667	851406	Asia/Kolkata		
3600949	Tegucigalpa	Honduras	HN	Francisco Morazán Department	08	14.0818	-87.2068	850848	America/Tegucigalpa		
1838716	Bucheon-si	South Korea	KR	Gyeonggi-do	13	37.4989	126.7831	850731	Asia/Seoul		
1566166	Thanh Hóa	Vietnam	VN	Thanh Hóa Province	38	19.8000	105.7667	850000	Asia/Bangkok		
3165524	Turin	Italy	IT	Piedmont	12	45.0705	7.6868	847287	Europe/Rome		
1636722	Malang	Indonesia	ID	East Java	08	-7.9797	112.6304	847182	Asia/Jakarta		
292913	Al Ain City	United Arab Emirates	AE	Abu Dhabi	01	24.1917	55.7606	846747	Asia/Dubai		
2399697	Libreville	Gabon	GA	Estuaire	01	0.3924	9.4536	846090	Africa/Libreville		
498677	Saratov	Russia	RU	Saratov Oblast	67	51.5405	45.9901	844858	Europe/Saratov		
2028462	Ulan Bator	Mongolia	MN	Ulaanbaatar	20	47.9077	106.8832	844818	Asia/Ulaanbaatar		
1791673	Weihai	China	CN	Shandong	25	37.5091	122.1136	844310	Asia/Shanghai		
1821940	Takeo	Cambodia	KH	Takeo	19	10.9908	104.7850	843931	Asia/Phnom_Penh		
3919968	Cochabamba	Bolivia	BO	Cochabamba	02	-17.3819	-66.1599	841276	America/La_Paz		
144448	Ahvaz	Iran	IR	Khuzestan	15	31.3190	48.6842	841145	Asia/Tehran		
1651944	Vientiane	Laos	LA	Vientiane Prefecture	24	17.9667	102.6000	840940	Asia/Vientiane		
1785412	Zhabei	China	CN	Shanghai	23	31.2586	121.4597	840000	Asia/Shanghai		
1788508	Xinyu	China	CN	Jiangxi	03	27.8043	114.9334	839488	Asia/Shanghai		
965301	Pietermaritzburg	South Africa	ZA	KwaZulu-Natal	02	-29.6168	30.3928	839327	Africa/Johannesburg		
1786770	Yibin	China	CN	Sichuan	32	28.7593	104.6399	836340	Asia/Shanghai		
3522790	Naucalpan de Juárez	Mexico	MX	México	15	19.4785	-99.2396	834434	America/Mexico_City		
1771023	Kampung Baru Subang	Malaysia	MY	Selangor	12	3.1500	101.5333	833571	Asia/Kuala_Lumpur		
2290956	Bouaké	Ivory Coast	CI	Vallée du Bandama District	90	7.6939	-5.0303	832371	Africa/Abidjan		
1629001	Samarinda	Indonesia	ID	East Kalimantan	14	-0.4917	117.1458	831460	Asia/Makassar		
1793703	Taicang	China	CN	Jiangsu	04	31.4478	121.0939	831113	Asia/Shanghai		
5391959	San Francisco	United States	US	California	CA	37.7749	-122.4194	827526	America/Los_Angeles		
1853195	Sakai	Japan	JP	Osaka	32	34.5822	135.4665	826161	Asia/Tokyo		
2509954	Valencia	Spain	ES	Valencia	60	39.4739	-0.3797	824340	Europe/Madrid		
3456160	Nova Iguaçu	Brazil	BR	Rio de Janeiro	21	-22.7592	-43.4511	823302	America/Sao_Paulo		
13608000	Jinshan	China	CN	Shanghai	23	30.8356	121.2937	822776	Asia/Shanghai		
1815059	Chenzhou	China	CN	Hunan	11	25.8000	113.0333	822534	Asia/Shanghai		
3464374	Duque de Caxias	Brazil	BR	Rio de Janeiro	21	-22.7856	-43.3117	818329	America/Sao_Paulo		
3397277	João Pessoa	Brazil	BR	Paraíba	17	-7.1150	-34.8631	817511	America/Fortaleza		
217831	Bukavu	Democratic Republic of the Congo	CD	South Kivu	12	-2.4908	28.8428	816811	Africa/Lubumbashi		
3648559	Barcelona	Venezuela	VE	Anzoátegui	02	10.1384	-64.6877	815141	America/Caracas		
2389853	Bangui	Central African Republic	CF	Bangui	18	4.3612	18.5550	812407	Africa/Bangui		
4004898	Hermosillo	Mexico	MX	Sonora	26	29.0887	-110.9668	812229	America/Hermosillo		
1276014	Bhayandar	India	IN	Maharashtra	16	19.3016	72.8511	809378	Asia/Kolkata		
4012176	Culiacán	Mexico	MX	Sinaloa	25	24.8021	-107.3942	808416	America/Mazatlan		
1735158	Petaling Jaya	Malaysia	MY	Selangor	12	3.1073	101.6067	807879	Asia/Kuala_Lumpur		
1817993	Anqing	China	CN	Anhui	01	30.5136	117.0472	804493	Asia/Shanghai		
3094802	Kraków	Poland	PL	Lesser Poland	77	50.0614	19.9366	804237	Europe/Warsaw		
2485926	Oran	Algeria	DZ	Oran	09	35.6991	-0.6359	803329	Africa/Algiers		
2409306	Freetown	Sierra Leone	SL	Western Area	04	8.4871	-13.2356	802639	Africa/Freetown		
3601782	San Pedro Sula	Honduras	HN	Cortés Department	06	15.5059	-88.0259	801259	America/Tegucigalpa		
1261809	Narela	India	IN	Delhi	07	28.8527	77.0929	800000	Asia/Kolkata		
1788927	Xingtai	China	CN	Hebei	10	37.0622	114.4927	798770	Asia/Shanghai		
1855431	Niigata	Japan	JP	Niigata	29	37.9226	139.0412	797591	Asia/Tokyo		
287286	Muscat	Oman	OM	Muscat	06	23.5841	58.4078	797000	Asia/Muscat		
250090	Zarqa	Jordan	JO	Zarqa	17	32.0727	36.0880	792665	Asia/Amman		
6955677	Çankaya	Turkey	TR	Ankara	68	39.9179	32.8627	792189	Europe/Istanbul		
1863289	Hamamatsu	Japan	JP	Shizuoka	37	34.7000	137.7333	791707	Asia/Tokyo		
922773	Kolwezi	Democratic Republic of the Congo	CD	Lualaba	22	-10.7148	25.4667	790248	Africa/Lubumbashi		
1562798	Vinh	Vietnam	VN	Nghệ An Province	40	18.6734	105.6923	790000	Asia/Bangkok		
1254163	Thiruvananthapuram	India	IN	Kerala	13	8.4855	76.9492	788271	Asia/Kolkata		
1784841	Zhaotong	China	CN	Yunnan	29	27.3167	103.7167	787845	Asia/Shanghai		
6929460	Panzhihua	China	CN	Sichuan	32	26.5851	101.7128	787177	Asia/Shanghai		
1814757	Chuzhou	China	CN	Anhui	01	32.3219	118.2978	782671	Asia/Shanghai		
5809844	Seattle	United States	US	Washington	WA	47.6062	-122.3321	780995	America/Los_Angeles		
358619	Port Said	Egypt	EG	Port Said	19	31.2653	32.3019	780515	Africa/Cairo		
3685533	Cúcuta	Colombia	CO	Norte de Santander Department	21	7.9074	-72.5049	777106	America/Bogota		
169577	Homs	Syria	SY	Homs	11	34.7240	36.7256	775404	Asia/Damascus		
1788081	Xuancheng	China	CN	Anhui	01	30.9525	118.7553	774332	Asia/Shanghai		
74477	Ibb	Yemen	YE	Ibb Governorate	23	13.9667	44.1833	771514	Asia/Aden		
1033356	Nampula	Mozambique	MZ	Nampula	06	-15.1165	39.2666	770379	Africa/Maputo		
1817720	Shangyu	China	CN	Zhejiang	02	30.0156	120.8711	770000	Asia/Shanghai		
425378	Bujumbura	Burundi	BI	Bujumbura Mairie	24	-3.3819	29.3614	769317	Africa/Bujumbura		
1488754	Tyumen	Russia	RU	Tyumen Oblast	78	57.1522	65.5272	768358	Asia/Yekaterinburg		
315368	Erzurum	Turkey	TR	Erzurum	25	39.9086	41.2769	767848	Europe/Istanbul		
1817968	Anshun	China	CN	Guizhou	18	26.2500	105.9333	765313	Asia/Shanghai		
160196	Dodoma	Tanzania	TZ	Dodoma	03	-6.1722	35.7395	765179	Africa/Dar_es_Salaam		
1185128	Rajshahi	Bangladesh	BD	Rajshahi Division	83	24.3740	88.6011	763580	Asia/Dhaka		
1180281	Dera Ismail Khan	Pakistan	PK	Khyber Pakhtunkhwa	03	31.8313	70.9017	763195	Asia/Karachi		
1790840	Wuzhou	China	CN	Guangxi	16	23.4805	111.2885	761948	Asia/Shanghai		
1734634	Ipoh	Malaysia	MY	Perak	07	4.5841	101.0829	759952	Asia/Kuala_Lumpur		
1797595	Qinhuangdao	China	CN	Hebei	10	39.9410	119.5894	759718	Asia/Shanghai		
88319	Benghazi	Libya	LY	Banghazi	69	32.1149	20.0686	757490	Africa/Tripoli		
1279017	Alīgarh	India	IN	Uttar Pradesh	36	27.8815	78.0746	753207	Asia/Kolkata		
1816920	Shaoyang	China	CN	Hunan	11	27.2382	111.4621	753194	Asia/Shanghai		
304922	Malatya	Turkey	TR	Malatya	44	38.3502	38.3167	750491	Europe/Istanbul		
6183235	Winnipeg	Canada	CA	Manitoba	03	49.8844	-97.1470	749607	America/Winnipeg		
751324	Bağcılar	Turkey	TR	Istanbul	34	41.0390	28.8567	749024	Europe/Istanbul		
8469289	Ōta	Japan	JP	Tokyo	40	35.5613	139.7160	748081	Asia/Tokyo		
1514588	Andijon	Uzbekistan	UZ	Andijan Region	01	40.7834	72.3507	747800	Asia/Tashkent		
1277013	Bareilly	India	IN	Uttar Pradesh	36	28.3668	79.4317	745435	Asia/Kolkata		
107304	Buraydah	Saudi Arabia	SA	Al-Qassim Region	08	26.3260	43.9750	745353	Asia/Riyadh		
3449344	São Bernardo do Campo	Brazil	BR	São Paulo	27	-23.6939	-46.5650	743372	America/Sao_Paulo		
2036986	Hegang	China	CN	Heilongjiang	08	47.3473	130.2903	743307	Asia/Shanghai		
3995402	Morelia	Mexico	MX	Michoacán	16	19.7008	-101.1844	743275	America/Mexico_City		
456172	Riga	Latvia	LV	Riga	25	56.9460	24.1059	742572	Europe/Riga		
1624647	Tasikmalaya	Indonesia	ID	West Java	30	-7.3274	108.2207	741760	Asia/Jakarta		
2759794	Amsterdam	The Netherlands	NL	North Holland	07	52.3740	4.8897	741636	Europe/Amsterdam		
1721080	Cagayan de Oro	Philippines	PH	Northern Mindanao	10	8.4822	124.6472	741617	Asia/Manila		
1801620	Ma’anshan	China	CN	Anhui	01	31.6858	118.5101	741531	Asia/Shanghai		
1732903	Shah Alam	Malaysia	MY	Selangor	12	3.0851	101.5328	740750	Asia/Kuala_Lumpur		
12324556	Shizuishan	China	CN	Ningxia	21	38.9808	106.3892	739400	Asia/Shanghai		
1858421	Kumamoto	Japan	JP	Kumamoto	21	32.8059	130.6918	738907	Asia/Tokyo		
2325200	Oyo	Nigeria	NG	Oyo State	32	7.8537	3.9324	736072	Africa/Lagos		
3981254	Torreón	Mexico	MX	Coahuila	07	25.5439	-103.4190	735340	America/Monterrey		
1812961	Deyang	China	CN	Sichuan	32	31.1302	104.3820	735070	Asia/Shanghai		
2352947	Abeokuta	Nigeria	NG	Ogun State	16	7.1557	3.3451	735000	Africa/Lagos		
79415	Al Ḩudaydah	Yemen	YE	Al Hudaydah	08	14.7978	42.9545	734699	Asia/Aden		
1787351	Yangquan	China	CN	Shanxi	24	37.8575	113.5633	731228	Asia/Shanghai		
2350841	Akure	Nigeria	NG	Ondo State	48	7.2526	5.1931	730000	Africa/Lagos		
3448636	São José dos Campos	Brazil	BR	São Paulo	27	-23.1794	-45.8869	729737	America/Sao_Paulo		
5419384	Denver	United States	US	Colorado	CO	39.7392	-104.9847	729019	America/Denver		
3455775	Osasco	Brazil	BR	São Paulo	27	-23.5325	-46.7917	728615	America/Sao_Paulo		
3514663	Álvaro Obregón	Mexico	MX	Mexico City	09	19.3587	-99.2033	726664	America/Mexico_City		
1865689	Aihara	Japan	JP	Kanagawa	19	35.6000	139.3167	725493	Asia/Tokyo		
1004866	Evaton	South Africa	ZA	Gauteng	06	-26.5333	27.8500	725468	Africa/Johannesburg		
1645528	Denpasar	Indonesia	ID	Bali	02	-8.6500	115.2167	725314	Asia/Makassar		
1680102	Valenzuela	Philippines	PH	National Capital Region	NCR	14.7000	120.9667	725173	Asia/Manila		
1169607	Muzaffarābād	Pakistan	PK	Azad Kashmir	06	34.3700	73.4708	725000	Asia/Karachi		
1854383	Okayama	Japan	JP	Okayama	31	34.6500	133.9333	724691	Asia/Tokyo		
3985606	San Luis Potosí	Mexico	MX	San Luis Potosí	24	22.1523	-100.9714	722772	America/Monterrey		
4019233	Aguascalientes	Mexico	MX	Aguascalientes	01	21.8826	-102.2843	722250	America/Mexico_City		
1713022	General Santos	Philippines	PH	Soccsksargen	12	6.1128	125.1717	722059	Asia/Manila		
1783873	Zhumadian	China	CN	Henan	09	32.9794	114.0294	721670	Asia/Shanghai		
1262801	Morādābād	India	IN	Uttar Pradesh	36	28.8389	78.7768	721139	Asia/Kolkata		
11611609	Sagamihara	Japan	JP	Kanagawa	19	35.5671	139.2417	720780	Asia/Tokyo		
6075357	Mississauga	Canada	CA	Ontario	08	43.5789	-79.6583	717961	America/Toronto		
702550	Lviv	Ukraine	UA	Lviv	15	49.8383	24.0232	717273	Europe/Kyiv		
1513157	Namangan	Uzbekistan	UZ	Namangan	06	40.9983	71.6726	713220	Asia/Tashkent		
3451328	Ribeirão Preto	Brazil	BR	São Paulo	27	-21.1775	-47.8103	711825	America/Sao_Paulo		
687700	Zaporizhzhya	Ukraine	UA	Zaporizhzhia	26	47.8517	35.1171	710052	Europe/Kyiv		
148730	Zanzibar	Tanzania	TZ	Zanzibar Urban/West	25	-6.1639	39.1979	709809	Africa/Dar_es_Salaam		
3988086	Saltillo	Mexico	MX	Coahuila	07	25.4260	-100.9796	709671	America/Monterrey		
173576	Latakia	Syria	SY	Latakia	02	35.5312	35.7909	709000	Asia/Damascus		
8504423	Subang Jaya	Malaysia	MY	Selangor	12	3.0438	101.5806	708296	Asia/Kuala_Lumpur		
1252948	Warangal	India	IN	Telangana	40	18.0000	79.5833	704570	Asia/Kolkata		
1694781	Paranaque City	Philippines	PH	National Capital Region	NCR	14.4816	121.0175	703245	Asia/Manila		
482283	Tolyatti	Russia	RU	Samara Oblast	65	53.5303	49.3461	702879	Europe/Samara		
3397838	Jaboatão	Brazil	BR	Pernambuco	30	-8.1803	-35.0014	702621	America/Recife		
7874116	Santo Domingo Oeste	Dominican Republic	DO	Santo Domingo Province	37	18.5000	-70.0000	701269	America/Santo_Domingo		
1183105	Battagram	Pakistan	PK	Khyber Pakhtunkhwa	03	34.6772	73.0233	700000	Asia/Karachi		
1272866	Dhārāvi	India	IN	Maharashtra	16	19.0500	72.8667	700000	Asia/Kolkata		
8601412	Santo Domingo Este	Dominican Republic	DO	Santo Domingo Province	37	18.4851	-69.8476	700000	America/Santo_Domingo		
359796	Suez	Egypt	EG	Suez	15	29.9737	32.5263	699541	Africa/Cairo		
2561668	Agadir	Morocco	MA	Souss-Massa	09	30.4202	-9.5982	698310	Africa/Casablanca		
11071717	Edogawe	Japan	JP	Tokyo	40	35.6923	139.8731	697932	Asia/Tokyo		
3191281	Sarajevo	Bosnia and Herzegovina	BA	Federation of B&H	01	43.8486	18.3564	696731	Europe/Sarajevo		
1650527	Balikpapan	Indonesia	ID	East Kalimantan	14	-1.2675	116.8289	695287	Asia/Makassar		
10987897	Adachi	Japan	JP	Tokyo	40	35.7632	139.8076	695043	Asia/Tokyo		
1815611	Changning	China	CN	Shanghai	23	31.2174	121.4210	694900	Asia/Shanghai		
2347470	Bauchi	Nigeria	NG	Bauchi	46	10.3103	9.8439	693700	Africa/Lagos		
1851717	Shizuoka	Japan	JP	Shizuoka	37	34.9833	138.3833	693389	Asia/Tokyo		
2464470	Tunis	Tunisia	TN	Tunis Governorate	36	36.8190	10.1658	693210	Africa/Tunis		
2033196	Zhangjiakou	China	CN	Hebei	10	40.7834	114.8714	692602	Asia/Shanghai		
1627549	Serang	Indonesia	ID	Banten	33	-6.1153	106.1542	692101	Asia/Jakarta		
4140963	Washington	United States	US	District of Columbia	DC	38.8951	-77.0364	689545	America/New_York		
4644585	Nashville	United States	US	Tennessee	TN	36.1659	-86.7844	689447	America/Chicago		
2037346	Fuxin	China	CN	Liaoning	19	42.0156	121.6589	689050	Asia/Shanghai		
107968	Ta’if	Saudi Arabia	SA	Mecca Region	14	21.2703	40.4158	688693	Asia/Riyadh		
1796989	Changsha	China	CN	Guangdong	30	22.3812	112.6849	688242	Asia/Shanghai		
1807234	Huangshi	China	CN	Hubei	12	30.2471	115.0481	688090	Asia/Shanghai		
2036113	Liaoyang	China	CN	Liaoning	19	41.2719	123.1731	687890	Asia/Shanghai		
8740157	Hlaingthaya	Myanmar	MM	Yangon	17	16.8500	96.0667	687867	Asia/Yangon		
1052373	Beira	Mozambique	MZ	Sofala	05	-19.8436	34.8389	687764	Africa/Maputo		
1808090	Hongkou	China	CN	Shanghai	23	31.2500	121.4892	687500	Asia/Shanghai		
3447399	Sorocaba	Brazil	BR	São Paulo	27	-23.5017	-47.4581	687357	America/Sao_Paulo		
3104324	Zaragoza	Spain	ES	Aragon	52	41.6561	-0.8773	686986	Europe/Madrid		
2510911	Sevilla	Spain	ES	Andalusia	51	37.3828	-5.9732	686741	Europe/Madrid		
1816269	Baise	China	CN	Guangxi	16	23.8901	106.6268	686078	Asia/Shanghai		
1626801	Situbondo	Indonesia	ID	East Java	08	-7.7062	114.0098	685967	Asia/Jakarta		
1816336	Binzhou	China	CN	Shandong	25	37.3667	118.0167	682717	Asia/Shanghai		
4544349	Oklahoma City	United States	US	Oklahoma	OK	35.4676	-97.5164	681054	America/Chicago		
1785738	Yuncheng	China	CN	Shanxi	24	35.0231	110.9928	680036	Asia/Shanghai		
1812955	Dezhou	China	CN	Shandong	25	37.4466	116.3671	679535	Asia/Shanghai		
1221874	Dushanbe	Tajikistan	TJ	Dushanbe	04	38.5358	68.7790	679400	Asia/Dushanbe		
2394819	Cotonou	Benin	BJ	Littoral	14	6.3654	2.4183	679012	Africa/Porto-Novo		
5520993	El Paso	United States	US	Texas	TX	31.7587	-106.4869	678815	America/Denver		
1270927	Gorakhpur	India	IN	Uttar Pradesh	36	26.7663	83.3689	674246	Asia/Kolkata		
4005492	Guadalupe	Mexico	MX	Nuevo León	19	25.6768	-100.2565	673616	America/Monterrey		
3081368	Wrocław	Poland	PL	Lower Silesia	72	51.1029	17.0301	672545	Europe/Warsaw		
1270668	Guntur	India	IN	Andhra Pradesh	02	16.2997	80.4573	670073	Asia/Kolkata		
2334802	Katsina	Nigeria	NG	Katsina State	24	12.9908	7.6018	670000	Africa/Lagos		
1796669	Sanmenxia	China	CN	Henan	09	34.7808	111.1929	669307	Asia/Shanghai		
6642286	E’zhou	China	CN	Hubei	12	30.3961	114.8865	668727	Asia/Shanghai		
353225	Madīnat an Naşr	Egypt	EG	Cairo	11	30.0667	31.3000	668413	Africa/Cairo		
101628	Tabuk	Saudi Arabia	SA	Tabuk Region	19	28.3998	36.5715	667000	Asia/Riyadh		
911148	Kitwe	Zambia	ZM	Copperbelt	08	-12.8024	28.2132	665961	Africa/Lusaka		
894701	Bulawayo	Zimbabwe	ZW	Bulawayo	09	-20.1500	28.5833	665952	Africa/Harare		
2035715	Mudanjiang	China	CN	Heilongjiang	08	44.5480	129.6259	665915	Asia/Shanghai		
3471872	Aracaju	Brazil	BR	Sergipe	28	-10.9111	-37.0717	664908	America/Maceio		
264371	Athens	Greece	GR	Attica	ESYE31	37.9838	23.7278	664046	Europe/Athens		
3186886	Zagreb	Croatia	HR	Zagreb	21	45.8144	15.9780	663592	Europe/Zagreb		
1804153	Leshan	China	CN	Sichuan	32	29.5623	103.7639	662814	Asia/Shanghai		
3449701	Santo André	Brazil	BR	São Paulo	27	-23.6639	-46.5383	662373	America/Sao_Paulo		
6173331	Vancouver	Canada	CA	British Columbia	02	49.2497	-123.1193	662248	America/Vancouver		
9072919	Rizhao	China	CN	Shandong	25	35.4141	119.5291	661943	Asia/Shanghai		
658225	Helsinki	Finland	FI	Uusimaa	01	60.1695	24.9354	658864	Europe/Helsinki		
1845759	Cheonan	South Korea	KR	Chungcheongnam-do	17	36.8065	127.1522	658831	Asia/Seoul		
1630789	Pontianak	Indonesia	ID	West Kalimantan	11	-0.0319	109.3250	658685	Asia/Pontianak		
3533462	Acapulco de Juárez	Mexico	MX	Guerrero	12	16.8494	-99.9089	658609	America/Mexico_City		
1650213	Banjarmasin	Indonesia	ID	South Kalimantan	12	-3.3199	114.5907	657663	Asia/Makassar		
1259425	Puducherry	India	IN	Puducherry	22	11.9338	79.8298	657209	Asia/Kolkata		
1793900	Suining	China	CN	Sichuan	32	30.5080	105.5733	656760	Asia/Shanghai		
5907364	Brampton	Canada	CA	Ontario	08	43.6834	-79.7663	656480	America/Toronto		
9181182	Puyang	China	CN	Henan	09	35.7564	115.0436	655674	Asia/Shanghai		
3667905	Soacha	Colombia	CO	Cundinamarca	33	4.5794	-74.2168	655025	America/Bogota		
4930956	Boston	United States	US	Massachusetts	MA	42.3584	-71.0598	653833	America/New_York		
3515431	Tlalnepantla	Mexico	MX	México	15	19.5401	-99.1954	653410	America/Mexico_City		
5746545	Portland	United States	US	Oregon	OR	45.5234	-122.6762	652503	America/Los_Angeles		
3981461	Tlaquepaque	Mexico	MX	Jalisco	14	20.6412	-103.2934	650123	America/Mexico_City		
2925533	Frankfurt am Main	Germany	DE	Hesse	05	50.1155	8.6842	650000	Europe/Berlin		
1821274	Macau	Macao	MO		02	22.2006	113.5461	649335	Asia/Macau		
2523920	Palermo	Italy	IT	Sicily	15	38.1166	13.3636	648260	Europe/Rome		
554840	Izhevsk	Russia	RU	Udmurtiya Republic	80	56.8522	53.1986	648213	Europe/Samara		
1248991	Colombo	Sri Lanka	LK	Western Province	36	6.9355	79.8487	648034	Asia/Colombo		
3778045	Maturín	Venezuela	VE	Monagas	16	9.7457	-63.1832	647459	America/Caracas		
1278718	Amravati	India	IN	Maharashtra	16	20.9333	77.7500	647057	Asia/Kolkata		
4990729	Detroit	United States	US	Michigan	MI	42.3314	-83.0457	645705	America/Detroit		
3093133	Łódź	Poland	PL	Łódź Voivodeship	74	51.7706	19.4739	645693	Europe/Warsaw		
2325590	Osogbo	Nigeria	NG	Osun State	42	7.7710	4.5570	645000	Africa/Lagos		
1863905	Honchō	Japan	JP	Chiba	04	35.7013	139.9865	644668	Asia/Tokyo		
1275665	Bikaner	India	IN	Rajasthan	24	28.0176	73.3149	644406	Asia/Kolkata		
6317344	Jaboatão dos Guararapes	Brazil	BR	Pernambuco	30	-8.1128	-35.0147	644037	America/Recife		
5506956	Las Vegas	United States	US	Nevada	NV	36.1750	-115.1372	641903	America/Los_Angeles		
4645421	New South Memphis	United States	US	Tennessee	TN	35.0868	-90.0568	641608	America/Chicago		
1843847	Hwaseong-si	South Korea	KR	Gyeonggi-do	13	37.2068	126.8169	640890	Asia/Seoul		
2165087	Gold Coast	Australia	AU	Queensland	04	-28.0003	153.4309	640778	Australia/Brisbane		
1845457	Jeonju	South Korea	KR	Jeollabuk-do	03	35.8219	127.1489	638421	Asia/Seoul		
13608003	Chongming	China	CN			31.6185	121.6962	637921	Asia/Shanghai		
285839	Al Aḩmadī	Kuwait	KW	Al Aḩmadī	04	29.0769	48.0839	637411	Asia/Kuwait		
3658666	Cuenca	Ecuador	EC	Azuay	02	-2.8953	-78.9963	636996	America/Guayaquil		
618426	Chisinau	Moldova	MD	Chișinău Municipality	57	47.0090	28.8594	635994	Europe/Chisinau		
922741	Likasi	Democratic Republic of the Congo	CD	Haut-Katanga	14	-10.9830	26.7384	635768	Africa/Lubumbashi		
1808770	Hebi	China	CN	Henan	09	35.7323	114.2862	634721	Asia/Shanghai		
204953	Tshikapa	Democratic Republic of the Congo	CD	Kasai	18	-6.4162	20.7999	634529	Africa/Lubumbashi		
1273874	Kochi	India	IN	Kerala	13	9.9399	76.2602	633553	Asia/Kolkata		
4641239	Memphis	United States	US	Tennessee	TN	35.1495	-90.0490	633104	America/Chicago		
1805611	Jingmen	China	CN	Hubei	12	31.0336	112.2047	632954	Asia/Shanghai		
1510853	Barnaul	Russia	RU	Altai Krai	04	53.3620	83.7279	632372	Asia/Barnaul		
2037886	Dandong	China	CN	Liaoning	19	40.1292	124.3947	631973	Asia/Shanghai		
2825297	Stuttgart	Germany	DE	Baden-Wurttemberg	01	48.7823	9.1770	630305	Europe/Berlin		
1275971	Bhilai	India	IN	Chhattisgarh	37	21.2092	81.4285	627734	Asia/Kolkata		
901344	Ndola	Zambia	ZM	Copperbelt	08	-12.9587	28.6366	627503	Africa/Lusaka		
3465624	Contagem	Brazil	BR	Minas Gerais	15	-19.9317	-44.0536	627123	America/Sao_Paulo		
479123	Ulyanovsk	Russia	RU	Ulyanovsk	81	54.3282	48.3866	626540	Europe/Ulyanovsk		
223817	Djibouti	Djibouti	DJ	Djibouti	07	11.5890	43.1450	626512	Africa/Djibouti		
2648579	Glasgow	United Kingdom	GB	Scotland	SCT	55.8651	-4.2576	626410	Europe/London		
2035513	Panshan	China	CN	Liaoning	19	41.1881	122.0494	625040	Asia/Shanghai		
4299276	Louisville	United States	US	Kentucky	KY	38.2542	-85.7594	624444	America/Kentucky/Louisville		
2023469	Irkutsk	Russia	RU	Irkutsk Oblast	20	52.2957	104.2908	623869	Asia/Irkutsk		
1846918	Ansan-si	South Korea	KR	Gyeonggi-do	13	37.3236	126.8219	623256	Asia/Seoul		
360761	Al Mansurah	Egypt	EG	Dakahlia	01	31.0364	31.3807	621953	Africa/Cairo		
128226	Kermanshah	Iran	IR	Kermanshah Province	13	34.3142	47.0650	621100	Asia/Tehran		
2934246	Düsseldorf	Germany	DE	North Rhine-Westphalia	07	51.2232	6.7793	620523	Europe/Berlin		
3463478	Feira de Santana	Brazil	BR	Bahia	05	-12.2667	-38.9667	619609	America/Bahia		
1806096	Jiaozhou	China	CN	Shandong	25	36.2839	120.0033	619266	Asia/Shanghai		
1793879	Suizhou	China	CN	Hubei	12	31.7111	113.3631	618582	Asia/Shanghai		
3587902	Villa Nueva	Guatemala	GT	Guatemala	07	14.5251	-90.5854	618397	America/Guatemala		
2022890	Khabarovsk	Russia	RU	Khabarovsk	30	48.4620	135.0971	618150	Asia/Vladivostok		
3465038	Cuiabá	Brazil	BR	Mato Grosso	14	-15.5961	-56.0967	618124	America/Cuiaba		
161325	Arusha	Tanzania	TZ	Arusha	26	-3.3667	36.6833	617631	Africa/Dar_es_Salaam		
1707174	Las Piñas	Philippines	PH	National Capital Region	NCR	14.4506	120.9828	615549	Asia/Manila		
1814934	Chizhou	China	CN	Anhui	01	30.6613	117.4778	615274	Asia/Shanghai		
3530139	Coyoacán	Mexico	MX	Mexico City	09	19.3467	-99.1617	614447	America/Mexico_City		
1787816	Ya'an	China	CN	Sichuan	32	29.9852	102.9990	612056	Asia/Shanghai		
1273780	Cuttack	India	IN	Odisha	21	20.4650	85.8793	610189	Asia/Kolkata		
1275248	Borivli	India	IN	Maharashtra	16	19.2350	72.8598	609617	Asia/Kolkata		
468902	Yaroslavl	Russia	RU	Yaroslavl Oblast	88	57.6299	39.8737	608722	Europe/Moscow		
2711537	Göteborg	Sweden	SE	Västra Götaland	28	57.7072	11.9668	608462	Europe/Stockholm		
1859730	Kawaguchi	Japan	JP	Saitama	34	35.8052	139.7107	607373	Asia/Tokyo		
13118225	Bukit Rahman Putra	Malaysia	MY	Selangor	12	3.2173	101.5608	607000	Asia/Kuala_Lumpur		
1642858	Jambi City	Indonesia	ID	Jambi	05	-1.6000	103.6167	606200	Asia/Jakarta		
106281	Ha'il	Saudi Arabia	SA	Ha'il Region	13	27.5219	41.6907	605930	Asia/Riyadh		
1276032	Bhavnagar	India	IN	Gujarat	09	21.7629	72.1533	605882	Asia/Kolkata		
1020098	Benoni	South Africa	ZA	Gauteng	06	-26.1885	28.3208	605344	Africa/Johannesburg		
2013348	Vladivostok	Russia	RU	Primorye	59	43.1056	131.8735	604901	Asia/Vladivostok		
2036427	Jinzhou	China	CN	Liaoning	19	41.1078	121.1417	604269	Asia/Shanghai		
3515001	Tuxtla	Mexico	MX	Chiapas	05	16.7536	-93.1158	604147	America/Merida		
703845	Kryvyy Rih	Ukraine	UA	Dnipropetrovsk	04	47.9057	33.3940	603904	Europe/Kyiv		
1796663	Sanming	China	CN	Fujian	07	26.2486	117.6186	602166	Asia/Shanghai		
1176615	Islamabad	Pakistan	PK	Islamabad	08	33.7215	73.0433	601600	Asia/Karachi		
1257416	Sāngli	India	IN	Maharashtra	16	16.8544	74.5642	601214	Asia/Kolkata		
1269317	Jamnagar	India	IN	Gujarat	09	22.4729	70.0667	600943	Asia/Kolkata		
3347762	Lubango	Angola	AO	Huíla	09	-14.9172	13.4925	600751	Africa/Luanda		
1282898	Pokhara	Nepal	NP	Gandaki Pradesh	4	28.2669	83.9685	600051	Asia/Kathmandu		
2034786	Shuangyashan	China	CN	Heilongjiang	08	46.6769	131.1327	600000	Asia/Shanghai		
64021	Borama	Somalia	SO	Awdal	21	9.9361	43.1828	597842	Africa/Mogadishu		
7696679	Pallabi	Bangladesh	BD	Dhaka Division	81	23.8250	90.3700	597574	Asia/Dhaka		
1802204	Luancheng	China	CN	Hebei	10	37.8845	114.6463	597130	Asia/Shanghai		
532096	Makhachkala	Russia	RU	Dagestan	17	42.9778	47.5003	596356	Europe/Moscow		
1846898	Anyang-si	South Korea	KR	Gyeonggi-do	13	37.3925	126.9269	595644	Asia/Seoul		
3348313	Huambo	Angola	AO	Huambo	08	-12.7761	15.7392	595304	Africa/Luanda		
1216265	Samarkand	Uzbekistan	UZ	Samarqand Region	10	39.6546	66.9644	595200	Asia/Samarkand		
13512502	Mengzi	China	CN	Yunnan	29	23.3678	103.3821	595100	Asia/Shanghai		
1860827	Kagoshima	Japan	JP	Kagoshima	18	31.5667	130.5500	595049	Asia/Tokyo		
78754	Mukalla	Yemen	YE	Muhafazat Hadramaout	04	14.5425	49.1242	594951	Asia/Aden		
118743	Rasht	Iran	IR	Gilan Province	08	37.2761	49.5886	594590	Asia/Tehran		
3430863	Mar del Plata	Argentina	AR	Buenos Aires	01	-38.0004	-57.5562	593337	America/Argentina/Buenos_Aires		
2928810	Essen	Germany	DE	North Rhine-Westphalia	07	51.4566	7.0123	593085	Europe/Berlin		
360829	Al Maḩallah al Kubrá	Egypt	EG	Gharbia	05	30.9706	31.1669	592573	Africa/Cairo		
2514256	Málaga	Spain	ES	Andalusia	51	36.7202	-4.4203	591637	Europe/Madrid		
1165221	Shekhupura	Pakistan	PK	Punjab	04	31.7129	73.9856	591424	Asia/Karachi		
2033370	Yingkou	China	CN	Liaoning	19	40.6647	122.2318	591159	Asia/Shanghai		
1646448	Cimahi	Indonesia	ID	West Java	30	-6.8722	107.5425	590782	Asia/Jakarta		
1785018	Zhangzhou	China	CN	Fujian	07	24.5133	117.6556	589831	Asia/Shanghai		
3520339	Reynosa	Mexico	MX	Tamaulipas	28	26.0800	-98.2846	589466	America/Matamoros		
12382296	Thuận An	Vietnam	VN	Ho Chi Minh City (HCMC)	79	10.9239	106.7143	588616	Asia/Ho_Chi_Minh		
2935517	Dortmund	Germany	DE	North Rhine-Westphalia	07	51.5149	7.4660	588462	Europe/Berlin		
11836117	Suginami	Japan	JP	Ibaraki	14	36.2013	140.2841	588354	Asia/Tokyo		
3458449	Londrina	Brazil	BR	Paraná	18	-23.3103	-51.1628	588125	America/Sao_Paulo		
4347778	Baltimore	United States	US	Maryland	MD	39.2904	-76.6122	585708	America/New_York		
1861321	Itabashi	Japan	JP	Tokyo	40	35.7489	139.7150	584483	Asia/Tokyo		
3489297	New Kingston	Jamaica	JM	Saint Andrew Parish	08	18.0075	-76.7832	583958	America/Jamaica		
1732747	Pelentong	Malaysia	MY	Johor	01	1.5243	103.8240	583640	Asia/Kuala_Lumpur		
3688465	Bucaramanga	Colombia	CO	Santander Department	26	7.1250	-73.1189	581130	America/Bogota		
3176219	Genoa	Italy	IT	Liguria	08	44.4048	8.9444	580097	Europe/Rome		
1863440	Hachiōji	Japan	JP	Tokyo	40	35.6558	139.3239	579355	Asia/Tokyo		
1572151	Nha Trang	Vietnam	VN	Khanh Hoa	56	12.2451	109.1943	579000	Asia/Ho_Chi_Minh		
1734759	Malacca	Malaysia	MY	Melaka	04	2.1960	102.2405	579000	Asia/Kuala_Lumpur		
2056752	Khabarovsk Vtoroy	Russia	RU	Khabarovsk	30	48.4379	135.1299	578303	Asia/Vladivostok		
128234	Kerman	Iran	IR	Kerman	29	30.2832	57.0788	577514	Asia/Tehran		
121801	Orūmīyeh	Iran	IR	West Azerbaijan	01	37.5527	45.0761	577307	Asia/Tehran		
7627067	Bahçelievler	Turkey	TR	Istanbul	34	41.0023	28.8598	576799	Europe/Istanbul		
347497	Tanta	Egypt	EG	Gharbia	05	30.7885	31.0019	576648	Africa/Cairo		
1269321	Jammu	India	IN	Jammu and Kashmir	12	32.7353	74.8617	576198	Asia/Kolkata		
10063567	Iskandar Puteri	Malaysia	MY	Johor	01	1.3932	103.6232	575977	Asia/Kuala_Lumpur		
1720681	Calamba	Philippines	PH	Calabarzon	40	14.2117	121.1653	575046	Asia/Manila		
3515428	Tlalpan	Mexico	MX	Mexico City	09	19.2951	-99.1621	574577	America/Mexico_City		
1140026	Herāt	Afghanistan	AF	Herat	11	34.3482	62.1997	574300	Asia/Kabul		
1177654	Gujrat	Pakistan	PK	Punjab	04	32.5742	74.0754	574240	Asia/Karachi		
1489425	Tomsk	Russia	RU	Tomsk Oblast	75	56.5005	84.9822	574002	Asia/Tomsk		
3459505	Juiz de Fora	Brazil	BR	Minas Gerais	15	-21.7642	-43.3503	573285	America/Sao_Paulo		
738377	Umraniye	Turkey	TR	Istanbul	34	41.0164	29.1248	573265	Europe/Istanbul		
1529195	Shihezi	China	CN	Xinjiang	13	44.3023	86.0369	572772	Asia/Urumqi		
4951305	South Boston	United States	US	Massachusetts	MA	42.3334	-71.0495	571281	America/New_York		
184622	Nakuru	Kenya	KE	Nakuru County	39	-0.3072	36.0722	570674	Africa/Nairobi		
5969782	Hamilton	Canada	CA	Ontario	08	43.2501	-79.8496	569353	America/Toronto		
248946	Irbid	Jordan	JO	Irbid	18	32.5556	35.8500	569068	Asia/Amman		
2643123	Manchester	United Kingdom	GB	England	ENG	53.4809	-2.2374	568996	Europe/London		
1736376	Kota Bharu	Malaysia	MY	Kelantan	03	6.1236	102.2433	568900	Asia/Kuala_Lumpur		
6159905	Surrey	Canada	CA	British Columbia	02	49.1063	-122.8251	568322	America/Vancouver		
2542715	Meknes	Morocco	MA	Fes-Meknes	03	33.8935	-5.5473	568295	Africa/Casablanca		
3875024	Puente Alto	Chile	CL	Santiago Metropolitan	12	-33.6117	-70.5758	568106	America/Santiago		
369004	Nyala	Sudan	SD	Southern Darfur	49	12.0489	24.8807	565734	Africa/Khartoum		
515003	Orenburg	Russia	RU	Orenburg Oblast	55	51.7671	55.0988	564773	Asia/Yekaterinburg		
5454711	Albuquerque	United States	US	New Mexico	NM	35.0845	-106.6511	564559	America/Denver		
1275362	Bokāro	India	IN	Jharkhand	38	23.6693	86.1516	564319	Asia/Kolkata		
343300	Asmara	Eritrea	ER	Maekel	05	15.3381	38.9318	563930	Africa/Asmara		
1164408	Sukkur	Pakistan	PK	Sindh	05	27.7032	68.8589	563851	Asia/Karachi		
3445831	Uberlândia	Brazil	BR	Minas Gerais	15	-18.9186	-48.2772	563536	America/Sao_Paulo		
5263045	Milwaukee	United States	US	Wisconsin	WI	43.0389	-87.9065	563531	America/Chicago		
1585330	Chợ Lớn	Vietnam	VN	Ho Chi Minh City (HCMC)	79	10.7500	106.6500	561000	Asia/Ho_Chi_Minh		
1791544	Wenchang	China	CN	Hainan	31	19.5516	110.8028	560894	Asia/Shanghai		
2338900	Ile-Ife	Nigeria	NG	Osun State	42	7.4824	4.5603	560000	Africa/Lagos		
2340451	Gombe	Nigeria	NG	Gombe State	55	10.2897	11.1673	560000	Africa/Lagos		
1877449	Hamhŭng	North Korea	KP	South Hamgyong	03	39.9183	127.5364	559056	Asia/Pyongyang		
1503901	Kemerovo	Russia	RU	Kuzbass	29	55.3542	86.1043	558973	Asia/Novokuznetsk		
98854	Nasiriyah	Iraq	IQ	Dhi Qar	09	31.0580	46.2573	558400	Asia/Baghdad		
1018725	Bloemfontein	South Africa	ZA	Free State	03	-29.1211	26.2140	556637	Africa/Johannesburg		
2638077	Sheffield	United Kingdom	GB	England	ENG	53.3830	-1.4659	556500	Europe/London		
2935022	Dresden	Germany	DE	Saxony	13	51.0509	13.7383	556227	Europe/Berlin		
3536729	Santiago de Cuba	Cuba	CU	Santiago de Cuba Province	15	20.0229	-75.8217	555865	America/Havana		
2034714	Siping	China	CN	Jilin	05	43.1614	124.3778	555609	Asia/Shanghai		
3515807	Cuautitlán Izcalli	Mexico	MX	México	15	19.6439	-99.2160	555163	America/Mexico_City		
3351663	Benguela	Angola	AO	Benguela	01	-12.5767	13.4027	555124	Africa/Luanda		
1814760	Chuxiong	China	CN	Yunnan	29	25.0364	101.5456	555081	Asia/Shanghai		
1807689	Huaihua	China	CN	Hunan	11	27.5634	110.0040	552622	Asia/Shanghai		
3698350	Chiclayo	Peru	PE	Lambayeque	14	-6.7701	-79.8550	552508	America/Lima		
1904564	Bình Thạnh	Vietnam	VN	Ho Chi Minh City (HCMC)	79	10.8110	106.7060	552164	Asia/Ho_Chi_Minh		
1159301	Zahedan	Iran	IR	Sistan and Baluchestan	04	29.4963	60.8629	551980	Asia/Tehran		
1670029	Banqiao	Taiwan	TW	Taipei	03	25.0143	121.4672	551221	Asia/Taipei		
1261977	Nanded	India	IN	Maharashtra	16	19.1602	77.3150	550564	Asia/Kolkata		
1265873	Kozhikode	India	IN	Kerala	13	11.2480	75.7804	550440	Asia/Kolkata		
8335361	Ulanqab	China	CN	Inner Mongolia	20	40.9930	113.1330	550231	Asia/Shanghai		
2243271	Cabinda	Angola	AO	Cabinda	03	-5.5620	12.1948	550000	Africa/Luanda		
2566636	Ajegunle	Nigeria	NG	Lagos	05	6.4520	3.3312	550000	Africa/Lagos		
786714	Pristina	Kosovo	XK	Pristina	10097360	42.6727	21.1669	550000	Europe/Belgrade		
2036581	Jiamusi	China	CN	Heilongjiang	08	46.7971	130.3112	549549	Asia/Shanghai		
1529376	Korla	China	CN	Xinjiang	13	41.7606	86.1523	549324	Asia/Urumqi		
1266285	Kolhāpur	India	IN	Maharashtra	16	16.6956	74.2317	549236	Asia/Kolkata		
3662762	Porto Velho	Brazil	BR	Rondônia	24	-8.7619	-63.9039	548952	America/Porto_Velho		
3836873	San Miguel de Tucumán	Argentina	AR	Tucuman	24	-26.8160	-65.2105	548866	America/Argentina/Tucuman		
1735227	Kuantan	Malaysia	MY	Pahang	06	3.8077	103.3260	548014	Asia/Kuala_Lumpur		
694423	Sevastopol	Ukraine	UA	Sevastopol City	20	44.6080	33.5213	547820	Europe/Simferopol		
1261529	Nellore	India	IN	Andhra Pradesh	02	14.4499	79.9870	547621	Asia/Kolkata		
11395976	Mirpur Model Thana	Bangladesh	BD	Dhaka Division	81	23.8093	90.3609	546503	Asia/Dhaka		
2944388	Bremen	Germany	DE	Free Hanseatic City of Bremen	03	53.0758	8.8072	546501	Europe/Berlin		
1791779	Wanning	China	CN	Hainan	31	18.7993	110.3841	545992	Asia/Shanghai		
2325330	Owerri	Nigeria	NG	Imo State	28	5.4836	7.0332	545000	Africa/Lagos		
6847550	Kota Kuala Muda	Malaysia	MY	Kedah	02	5.5882	100.3709	544984	Asia/Kuala_Lumpur		
1735498	Sungai Petani	Malaysia	MY	Kedah	02	5.6470	100.4877	544851	Asia/Kuala_Lumpur		
1788450	Xinzhou	China	CN	Shanxi	24	38.4092	112.7333	544683	Asia/Shanghai		
11209896	Kotō	Japan	JP	Kumamoto	21	32.7786	130.7454	543730	Asia/Tokyo		
1270752	Kalaburagi	India	IN	Karnataka	19	17.3358	76.8376	543147	Asia/Kolkata		
5318313	Tucson	United States	US	Arizona	AZ	32.2217	-110.9265	542629	America/Phoenix		
7795834	Selayang Baru Utara	Malaysia	MY	Selangor	12	3.2549	101.6668	542409	Asia/Kuala_Lumpur		
593116	Vilnius	Lithuania	LT	Vilnius	65	54.6892	25.2798	542366	Europe/Vilnius		
1279159	Ajmer	India	IN	Rajasthan	24	26.4521	74.6387	542321	Asia/Kolkata		
1798821	Pingdu	China	CN	Shandong	25	36.7844	119.9464	542234	Asia/Shanghai		
5350937	Fresno	United States	US	California	CA	36.7477	-119.7724	542107	America/Los_Angeles		
154380	Mbeya	Tanzania	TZ	Mbeya	09	-8.9000	33.4500	541603	Africa/Dar_es_Salaam		
2346229	Calabar	Nigeria	NG	Cross River State	22	4.9589	8.3270	540000	Africa/Lagos		
2540483	Oujda	Morocco	MA	Oriental	02	34.6814	-1.9086	539711	Africa/Casablanca		
1496990	Novokuznetsk	Russia	RU	Kuzbass	29	53.7575	87.1360	539616	Asia/Novokuznetsk		
500096	Ryazan’	Russia	RU	Ryazan Oblast	62	54.6270	39.7041	538962	Europe/Moscow		
1806445	Ji’an	China	CN	Jiangxi	03	27.1172	114.9793	538699	Asia/Shanghai		
1166548	Sahiwal	Pakistan	PK	Punjab	04	30.6659	73.1019	538344	Asia/Karachi		
304531	Mersin	Turkey	TR	Mersin	32	36.8120	34.6389	537842	Europe/Istanbul		
10346824	Nilüfer	Turkey	TR	Bursa Province	16	40.2140	28.9157	536365	Europe/Istanbul		
2644688	Leeds	United Kingdom	GB	England	ENG	53.7965	-1.5478	536280	Europe/London		
3088171	Poznań	Poland	PL	Greater Poland	86	52.4069	16.9299	536151	Europe/Warsaw		
1809412	Guli	China	CN	Zhejiang	02	28.8816	120.0331	536000	Asia/Shanghai		
1529660	Aqsu	China	CN	Xinjiang	13	41.1842	80.2792	535657	Asia/Urumqi		
2344082	Ebute Ikorodu	Nigeria	NG	Lagos	05	6.6009	3.4882	535619	Africa/Lagos		
1793424	Tanggu	China	CN	Tianjin	28	39.0211	117.6469	535298	Asia/Shanghai		
1732722	Pasir Gudang	Malaysia	MY	Johor	01	1.4620	103.9053	534659	Asia/Kuala_Lumpur		
580497	Astrakhan	Russia	RU	Astrakhan Oblast	07	46.3497	48.0408	533925	Europe/Astrakhan		
1168718	Okara	Pakistan	PK	Punjab	04	30.8103	73.4515	533693	Asia/Karachi		
10943053	Nansana	Uganda	UG	Central Region	C	0.3639	32.5286	532800	Africa/Kampala		
1842943	Kimhae	South Korea	KR	Gyeongsangnam-do	20	35.2342	128.8811	531966	Asia/Seoul		
172955	Ar Raqqah	Syria	SY	Raqqa	04	35.9528	39.0079	531952	Asia/Damascus		
6325494	Québec	Canada	CA	Quebec	10	46.8123	-71.2145	531902	America/Toronto		
3827409	Cuauhtémoc	Mexico	MX	Mexico City	09	19.4451	-99.1461	531831	America/Mexico_City		
1796068	Shangluo	China	CN	Shaanxi	26	33.8667	109.9306	531696	Asia/Shanghai		
1862627	Himeji	Japan	JP	Hyōgo	13	34.8167	134.7000	530495	Asia/Tokyo		
3680656	Ibagué	Colombia	CO	Tolima Department	28	4.4357	-75.2029	529635	America/Bogota		
2803138	Antwerpen	Belgium	BE	Flanders	VLG	51.2205	4.4003	529247	Europe/Brussels		
359783	Assiut	Egypt	EG	Asyut	17	27.1810	31.1837	528669	Africa/Cairo		
132144	Hamadān	Iran	IR	Hamadan Province	09	34.7992	48.5146	528256	Asia/Tehran		
1806488	Qionghai	China	CN	Hainan	31	19.2425	110.4642	528238	Asia/Shanghai		
1816080	Cangzhou	China	CN	Hebei	10	38.3112	116.8533	527681	Asia/Shanghai		
1194041	Mohammadpur	Bangladesh	BD	Rajshahi Division	83	24.8984	88.5284	527571	Asia/Dhaka		
1625812	Surakarta	Indonesia	ID	Central Java	07	-7.5561	110.8317	526870	Asia/Jakarta		
3583361	San Salvador	El Salvador	SV	San Salvador Department	10	13.6893	-89.1872	525990	America/El_Salvador		
1816705	Beihai	China	CN	Guangxi	16	21.4835	109.1155	525329	Asia/Shanghai		
298117	Van	Turkey	TR	Van	65	38.4946	43.3832	525016	Europe/Istanbul		
5389489	Sacramento	United States	US	California	CA	38.5816	-121.4944	524943	America/Los_Angeles		
1565019	Thủ Đức	Vietnam	VN	Ho Chi Minh City (HCMC)	79	10.8486	106.7721	524670	Asia/Ho_Chi_Minh		
738329	Üsküdar	Turkey	TR	Istanbul	34	41.0227	29.0137	524452	Europe/Istanbul		
511565	Penza	Russia	RU	Penza Oblast	57	53.1957	45.0108	523553	Europe/Moscow		
1133616	Mazār-e Sharīf	Afghanistan	AF	Balkh	30	36.7090	67.1109	523300	Asia/Kabul		
1138336	Kandahār	Afghanistan	AF	Kandahar	23	31.6133	65.7101	523300	Asia/Kabul		
1808392	Hengshui	China	CN	Hebei	10	37.7391	115.6835	522147	Asia/Shanghai		
1273313	Dehradun	India	IN	Uttarakhand	39	30.3244	78.0339	522081	Asia/Kolkata		
1272013	Erode	India	IN	Tamil Nadu	25	11.3428	77.7274	521891	Asia/Kolkata		
2996944	Lyon	France	FR	Rhône-Alpes	84	45.7491	4.8479	520774	Europe/Paris		
3838233	Salta	Argentina	AR	Salta	17	-24.8065	-65.4200	520683	America/Argentina/Salta		
3447779	Serra	Brazil	BR	Espírito Santo	08	-20.1286	-40.3078	520653	America/Sao_Paulo		
747340	Esenler	Turkey	TR	Istanbul	34	41.0435	28.8762	520235	Europe/Istanbul		
12446699	Daxing’anling	China	CN	Heilongjiang	08	52.3338	124.7124	520000	Asia/Shanghai		
1568574	Qui Nhon	Vietnam	VN	Gia Lai	52	13.7765	109.2237	519208	Asia/Ho_Chi_Minh		
361320	Al Fayyum	Egypt	EG	Faiyum	04	29.3100	30.8418	519047	Africa/Cairo		
1272175	Durgapur	India	IN	West Bengal	28	23.5158	87.3080	518872	Asia/Kolkata		
1849053	Utsunomiya	Japan	JP	Tochigi	38	36.5667	139.8833	518757	Asia/Tokyo		
4011743	Victoria de Durango	Mexico	MX	Durango	10	24.0203	-104.6576	518709	America/Monterrey		
2267057	Lisbon	Portugal	PT	Lisbon	14	38.7251	-9.1498	517802	Europe/Lisbon		
1167460	Rahim Yar Khan	Pakistan	PK	Punjab	04	28.4199	70.3034	517000	Asia/Karachi		
1253894	Ulhasnagar	India	IN	Maharashtra	16	19.2167	73.1500	516584	Asia/Kolkata		
1806466	Guangyuan	China	CN	Sichuan	32	32.4420	105.8230	516424	Asia/Shanghai		
1264773	Loni	India	IN	Uttar Pradesh	36	28.7514	77.2902	516082	Asia/Kolkata		
1256525	Siliguri	India	IN	West Bengal	28	26.7100	88.4285	515574	Asia/Kolkata		
2861650	Nürnberg	Germany	DE	Bavaria	02	49.4542	11.0775	515543	Europe/Berlin		
1253914	Ujjain	India	IN	Madhya Pradesh	35	23.1824	75.7764	515215	Asia/Kolkata		
2910831	Hannover	Germany	DE	Lower Saxony	06	52.3705	9.7332	515140	Europe/Berlin		
2650225	Edinburgh	United Kingdom	GB	Scotland	SCT	55.9521	-3.1965	514990	Europe/London		
14256	Āzādshahr	Iran	IR	Hamadan Province	09	34.7905	48.5701	514102	Asia/Tehran		
3396016	Macapá	Brazil	BR	Amapá	03	0.0389	-51.0664	512902	America/Belem		
1790396	Xianning	China	CN	Hubei	12	29.8435	114.3220	512517	Asia/Shanghai		
2972315	Toulouse	France	FR	Occitanie	76	43.6043	1.4437	511684	Europe/Paris		
949880	Thembisa	South Africa	ZA	Gauteng	06	-25.9964	28.2268	511655	Africa/Johannesburg		
1926099	Matsuyama	Japan	JP	Ehime	05	33.8392	132.7657	511192	Asia/Tokyo		
3467693	Campos dos Goytacazes	Brazil	BR	Rio de Janeiro	21	-21.7523	-41.3304	511168	America/Sao_Paulo		
1275610	Bilimora	India	IN	Gujarat	09	20.7696	72.9613	510879	Asia/Kolkata		
1174625	Kasur	Pakistan	PK	Punjab	04	31.1187	74.4502	510875	Asia/Karachi		
4180439	Atlanta	United States	US	Georgia	GA	33.7490	-84.3880	510823	America/New_York		
6316406	Aparecida de Goiânia	Brazil	BR	Goiás	29	-16.8233	-49.2439	510770	America/Sao_Paulo		
3523466	Heroica Matamoros	Mexico	MX	Tamaulipas	28	25.8797	-97.5042	510739	America/Matamoros		
1703417	Makati City	Philippines	PH	National Capital Region	NCR	14.5503	121.0327	510383	Asia/Manila		
3054667	Buda	Hungary	HU	Budapest	05	47.5000	19.0333	510108	Europe/Budapest		
12492662	Mianzhu, Deyang, Sichuan	China	CN	Sichuan	32	31.3379	104.2206	510000	Asia/Shanghai		
2034414	Tonghua	China	CN	Jilin	05	41.7197	125.9264	510000	Asia/Shanghai		
523750	Naberezhnyye Chelny	Russia	RU	Tatarstan Republic	73	55.7372	52.4196	509870	Europe/Moscow		
535121	Lipetsk	Russia	RU	Lipetsk Oblast	43	52.5876	39.5515	509735	Europe/Moscow		
2314705	Kikwit	Democratic Republic of the Congo	CD	Kwilu	20	-5.0410	18.8162	509367	Africa/Kinshasa		
3463237	Florianópolis	Brazil	BR	Santa Catarina	26	-27.5967	-48.5492	508826	America/Sao_Paulo		
1909733	Banan	China	CN	Chongqing	33	29.3786	106.5400	508703	Asia/Shanghai		
2155472	Newcastle	Australia	AU	New South Wales	02	-32.9295	151.7801	508437	Australia/Sydney		
1818446	Tuen Mun	Hong Kong	HK	Tuen Mun	NTM	22.3917	113.9716	507900	Asia/Hong_Kong		
1785036	Zhangye	China	CN	Gansu	15	38.9342	100.4517	507433	Asia/Shanghai		
548408	Kirov	Russia	RU	Kirov Oblast	33	58.5981	49.6578	507155	Europe/Kirov		
1280849	Kashgar	China	CN	Xinjiang	13	39.4672	75.9868	506640	Asia/Urumqi		
12750654	Mukim Pulai	Malaysia	MY	Johor	01	1.5333	103.6667	505661	Asia/Kuala_Lumpur		
103630	Najrān	Saudi Arabia	SA	Najran Region	16	17.4933	44.1277	505652	Asia/Riyadh		
1267696	Karol Bāgh	India	IN	Delhi	07	28.6514	77.1907	505241	Asia/Kolkata		
1784130	Zhoukou	China	CN	Henan	09	33.6333	114.6333	505171	Asia/Shanghai		
2879139	Leipzig	Germany	DE	Saxony	13	51.3396	12.3713	504971	Europe/Berlin		
1798760	Pingliang	China	CN	Gansu	15	35.5392	106.6861	504848	Asia/Shanghai		
8307452	Huangpu	China	CN	Shanghai	23	31.2378	121.4781	504700	Asia/Shanghai		
8504951	Kalininskiy	Russia	RU	St.-Petersburg	66	59.9967	30.3899	504641	Europe/Moscow		
2934691	Duisburg	Germany	DE	North Rhine-Westphalia	07	51.4325	6.7652	504358	Europe/Berlin		
1278314	Āsansol	India	IN	West Bengal	28	23.6833	86.9833	504271	Asia/Kolkata		
143127	Arāk	Iran	IR	Markazi	34	34.0949	49.6981	503647	Asia/Tehran		
3880980	Maipú	Chile	CL	Santiago Metropolitan	12	-33.5142	-70.7651	503635	America/Santiago		
627907	Homyel'	Belarus	BY	Homyel’ Voblasc’	02	52.4345	30.9754	501102	Europe/Minsk		
610611	Aktobe	Kazakhstan	KZ	Aktobe	04	50.2797	57.2072	500757	Asia/Aqtobe		
1733432	Kota Kinabalu	Malaysia	MY	Sabah	16	5.9749	116.0724	500421	Asia/Kuching		
12514556	Kota Damansara	Malaysia	MY	Selangor	12	3.1545	101.5802	500000	Asia/Kuala_Lumpur		
1732724	Kampung Larkin Lama	Malaysia	MY	Johor	01	1.5024	103.7440	500000	Asia/Kuala_Lumpur		
2591976	Talatona	Angola	AO	Luanda	20	-8.9178	13.1856	500000	Africa/Luanda		
1263780	Mangaluru	India	IN	Karnataka	19	12.9172	74.8560	499487	Asia/Kolkata		
1783988	Zhucheng	China	CN	Shandong	25	35.9947	119.3975	499285	Asia/Shanghai		
3668605	Santa Marta	Colombia	CO	Magdalena Department	38	11.2386	-74.1943	499192	America/Bogota		
1857553	Matsudo	Japan	JP	Chiba	04	35.7799	139.9014	498575	Asia/Tokyo		
1462674	Hāthazāri	Bangladesh	BD	Chittagong	84	22.5052	91.8134	498179	Asia/Dhaka		
1707267	Lapu-Lapu City	Philippines	PH	Central Visayas	07	10.3103	123.9494	497813	Asia/Manila		
609655	Karagandy	Kazakhstan	KZ	Karaganda	12	49.8019	73.1021	497777	Asia/Almaty		
1802238	Loudi	China	CN	Hunan	11	27.7344	111.9944	497171	Asia/Shanghai		
2644210	Liverpool	United Kingdom	GB	England	ENG	53.4106	-2.9779	496770	Europe/London		
11837657	Ichikawa	Japan	JP	Chiba	04	35.7341	139.9065	496676	Asia/Tokyo		
1185270	Bāndarban	Bangladesh	BD	Chittagong	84	22.1953	92.2195	495272	Asia/Dhaka		
1818920	Sha Tin	Hong Kong	HK	Sha Tin	NST	22.3833	114.1833	495200	Asia/Hong_Kong		
1180289	Dera Ghazi Khan	Pakistan	PK	Punjab	04	30.0459	70.6403	494464	Asia/Karachi		
1862752	Higashiosaka	Japan	JP	Osaka	32	34.6667	135.5833	493940	Asia/Tokyo		
569696	Cheboksary	Russia	RU	Chuvash Republic	16	56.1322	47.2460	492331	Europe/Moscow		
1839071	Pohang	South Korea	KR	Gyeongsangbuk-do	14	36.0292	129.3648	492041	Asia/Seoul		
1795928	Shanwei	China	CN	Guangdong	30	22.7820	115.3475	491766	Asia/Shanghai		
3674453	Montería	Colombia	CO	Córdoba	12	8.7508	-75.8782	490935	America/Bogota		
181032	Ruiru	Kenya	KE	Kiambu County	22	-1.1466	36.9609	490120	Africa/Nairobi		
3666304	Valledupar	Colombia	CO	Cesar Department	10	10.4654	-73.2531	490075	America/Bogota		
1276533	Belagavi	India	IN	Karnataka	19	15.8521	74.5045	490045	Asia/Kolkata		
292932	Ajman	United Arab Emirates	AE	Ajman	02	25.4018	55.4788	490035	Asia/Dubai		
9931406	Jianshui	China	CN	Yunnan	29	24.2774	101.2240	490000	Asia/Shanghai		
377039	Port Sudan	Sudan	SD	Red Sea	36	19.6175	37.2164	489725	Africa/Khartoum		
3515302	Toluca	Mexico	MX	México	15	19.2879	-99.6532	489333	America/Mexico_City		
3532624	Ciudad López Mateos	Mexico	MX	México	15	19.5579	-99.2567	489160	America/Mexico_City		
360890	Al Khuşūş	Egypt	EG	Qalyubia	12	30.1529	31.3150	488904	Africa/Cairo		
1846266	Jeju City	South Korea	KR	Jeju-do	01	33.5097	126.5219	488844	Asia/Seoul		
3099434	Gdańsk	Poland	PL	Pomerania	82	54.3523	18.6491	487371	Europe/Warsaw		
4164138	Miami	United States	US	Florida	FL	25.7743	-80.1937	487014	America/New_York		
5074472	Omaha	United States	US	Nebraska	NE	41.2563	-95.9404	486051	America/Chicago		
1855207	Nishinomiya	Japan	JP	Hyōgo	13	34.7156	135.3320	485587	Asia/Tokyo		
2593460	Masina	Democratic Republic of the Congo	CD	Kinshasa	06	-4.3836	15.3914	485167	Africa/Kinshasa		
1257806	Sahāranpur	India	IN	Uttar Pradesh	36	29.9679	77.5452	484873	Asia/Kolkata		
1253286	Vellore	India	IN	Tamil Nadu	25	12.9184	79.1325	484690	Asia/Kolkata		
3693528	Piura	Peru	PE	Piura	20	-5.1819	-80.6572	484475	America/Lima		
1858311	Kurashiki	Japan	JP	Okayama	31	34.5833	133.7667	483576	Asia/Tokyo		
1730737	Angeles City	Philippines	PH	Central Luzon	03	15.1500	120.5833	483452	Asia/Manila		
1276058	Bhātpāra	India	IN	West Bengal	28	22.8664	88.4011	483129	Asia/Kolkata		
333795	Jijiga	Ethiopia	ET	Somali	52	9.3500	42.8000	483000	Africa/Addis_Ababa		
480562	Tula	Russia	RU	Tula Oblast	76	54.1961	37.6182	482873	Europe/Moscow		
98860	Najaf	Iraq	IQ	Najaf	17	32.0259	44.3462	482576	Asia/Baghdad		
4487042	Raleigh	United States	US	North Carolina	NC	35.7721	-78.6386	482295	America/New_York		
1710914	Imus	Philippines	PH	Calabarzon	40	14.4297	120.9367	481949	Asia/Manila		
1789647	Xichang	China	CN	Sichuan	32	27.8964	102.2634	481796	Asia/Shanghai		
1264115	Malegaon	India	IN	Maharashtra	16	20.5497	74.5346	481228	Asia/Kolkata		
3448639	São José do Rio Preto	Brazil	BR	São Paulo	27	-20.8197	-49.3794	480393	America/Sao_Paulo		
2327220	Okene	Nigeria	NG	Kogi State	41	7.5512	6.2359	479178	Africa/Lagos		
1833788	Uijeongbu-si	South Korea	KR	Gyeonggi-do	13	37.7415	127.0474	479141	Asia/Seoul		
2654675	Bristol	United Kingdom	GB	England	ENG	51.4552	-2.5966	479024	Europe/London		
1006984	East London	South Africa	ZA	Eastern Cape	05	-33.0153	27.9116	478676	Africa/Johannesburg		
13527052	Chéngguān Qū	China	CN	Tibet	14	29.6384	91.0444	478275	Asia/Shanghai		
111822	Yazd	Iran	IR	Yazd Province	40	31.8972	54.3675	477905	Asia/Tehran		
57289	Hargeysa	Somalia	SO	Woqooyi Galbeed	20	9.5600	44.0650	477876	Africa/Mogadishu		
1854487	Ōita	Japan	JP	Oita	30	33.2333	131.6000	477715	Asia/Tokyo		
3457381	Mauá	Brazil	BR	São Paulo	27	-23.6678	-46.4614	477552	America/Sao_Paulo		
1805741	Jincheng	China	CN	Shanxi	24	35.5022	112.8328	476945	Asia/Shanghai		
6696918	Taoyuan	Taiwan	TW	Taiwan	04	24.9937	121.2970	475798	Asia/Taipei		
198629	Eldoret	Kenya	KE	Uasin Gishu County	52	0.5204	35.2699	475716	Africa/Nairobi		
4393217	Kansas City	United States	US	Missouri	MO	39.0997	-94.5786	475378	America/Chicago		
1787765	Yan’an	China	CN	Shaanxi	26	36.5989	109.4917	475234	Asia/Shanghai		
554234	Kaliningrad	Russia	RU	Kaliningrad Oblast	23	54.7064	20.5110	475056	Europe/Kaliningrad		
785842	Skopje	North Macedonia	MK	Grad Skopje	F6	41.9965	21.4314	474889	Europe/Skopje		
944385	Vereeniging	South Africa	ZA	Gauteng	06	-26.6731	27.9261	474681	Africa/Johannesburg		
2747373	The Hague	The Netherlands	NL	South Holland	11	52.0767	4.2986	474292	Europe/Amsterdam		
5367929	Long Beach	United States	US	California	CA	33.7670	-118.1892	474140	America/Los_Angeles		
1271439	Gaya	India	IN	Bihar	34	24.7969	85.0038	474093	Asia/Kolkata		
1711005	Iloilo	Philippines	PH	Western Visayas	06	10.6969	122.5644	473728	Asia/Manila		
1794794	Shouguang	China	CN	Shandong	25	36.8800	118.7375	473620	Asia/Shanghai		
1805680	Jingdezhen	China	CN	Jiangxi	03	29.2947	117.2079	473561	Asia/Shanghai		
2513416	Murcia	Spain	ES	Murcia	31	37.9870	-1.1300	471982	Europe/Madrid		
5304391	Mesa	United States	US	Arizona	AZ	33.4223	-111.8226	471825	America/Phoenix		
6324729	Halifax	Canada	CA	Nova Scotia	07	44.6427	-63.5769	471559	America/Halifax		
153220	Morogoro	Tanzania	TZ	Morogoro	10	-6.8210	37.6612	471409	Africa/Dar_es_Salaam		
1700925	Marikina City	Philippines	PH	National Capital Region	NCR	14.6481	121.1133	471323	Asia/Manila		
2544571	Kenitra	Morocco	MA	Rabat-Salé-Kénitra	04	34.2610	-6.5802	470949	Africa/Casablanca		
288967	Seeb	Oman	OM	Muscat	06	23.6703	58.1891	470878	Asia/Muscat		
1809061	Jiaojiang	China	CN	Zhejiang	02	28.6984	121.4733	470804	Asia/Shanghai		
700569	Mykolayiv	Ukraine	UA	Mykolaiv	16	46.9763	31.9930	470011	Europe/Kyiv		
1863917	Fukuyama	Japan	JP	Hiroshima	11	34.4833	133.3667	468812	Asia/Tokyo		
5139568	Staten Island	United States	US	New York	NY	40.5623	-74.1399	468730	America/New_York		
1799846	Nanping	China	CN	Fujian	07	26.6450	118.1736	467875	Asia/Shanghai		
3672486	Pereira	Colombia	CO	Risaralda Department	24	4.8143	-75.6949	467269	America/Bogota		
4018390	Ciudad Apodaca	Mexico	MX	Nuevo León	19	25.7819	-100.1884	467157	America/Monterrey		
3448877	São João de Meriti	Brazil	BR	Rio de Janeiro	21	-22.8039	-43.3722	466536	America/Sao_Paulo		
1278840	Ambattur	India	IN	Tamil Nadu	25	13.0982	80.1615	466205	Asia/Kolkata		
3470142	Belford Roxo	Brazil	BR	Rio de Janeiro	21	-22.7642	-43.3994	466096	America/Sao_Paulo		
1860243	Kanazawa	Japan	JP	Ishikawa	15	36.6000	136.6167	466029	Asia/Tokyo		
336014	Gonder	Ethiopia	ET	Amhara	46	12.6000	37.4667	466000	Africa/Addis_Ababa		
1701966	Mandaluyong City	Philippines	PH	National Capital Region	NCR	14.5832	121.0409	465902	Asia/Manila		
3592519	Mixco	Guatemala	GT	Guatemala	07	14.6308	-90.6071	465773	America/Guatemala		
2036109	Longshan	China	CN	Jilin	05	42.8854	125.1367	465249	Asia/Shanghai		
2338325	Ikare	Nigeria	NG	Ondo State	48	7.5259	5.7534	465000	Africa/Lagos		
1562414	Vũng Tàu	Vietnam	VN	Ho Chi Minh City (HCMC)	79	10.3460	107.0843	464860	Asia/Ho_Chi_Minh		
3632998	Maracay	Venezuela	VE	Aragua	04	10.2497	-67.5948	464700	America/Caracas		
2294877	Tamale	Ghana	GH	Northern	06	9.4008	-0.8393	464316	Africa/Accra		
1786112	Heyuan	China	CN	Guangdong	30	23.7333	114.6833	463907	Asia/Shanghai		
1583518	Dĩ An	Vietnam	VN	Ho Chi Minh City (HCMC)	79	10.9068	106.7694	463023	Asia/Ho_Chi_Minh		
231165	Kira	Uganda	UG	Central Region	C	0.4000	32.6333	462900	Africa/Kampala		
355449	Esna	Egypt	EG	Qena	23	25.2934	32.5540	462787	Africa/Cairo		
3459712	Joinville	Brazil	BR	Santa Catarina	26	-26.3044	-48.8456	461304	America/Sao_Paulo		
1792359	Huangshan	China	CN	Anhui	01	29.7114	118.3125	460786	Asia/Shanghai		
170017	Ḩamāh	Syria	SY	Hama	10	35.1318	36.7578	460602	Asia/Damascus		
1269407	Jalgaon	India	IN	Maharashtra	16	21.0029	75.5660	460228	Asia/Kolkata		
1265491	Kurnool	India	IN	Andhra Pradesh	02	15.8289	78.0360	460184	Asia/Kolkata		
2318044	Yola	Nigeria	NG	Adamawa	35	9.2084	12.4815	460000	Africa/Lagos		
1568510	Rạch Giá	Vietnam	VN	An Giang	91	10.0124	105.0809	459860	Asia/Ho_Chi_Minh		
1865387	Amagasaki	Japan	JP	Hyōgo	13	34.7167	135.4167	459593	Asia/Tokyo		
3651297	Santo Domingo de los Colorados	Ecuador	EC	Santo Domingo de los Tsáchilas	26	-0.2537	-79.1763	458580	America/Guayaquil		
163345	Ţarţūs	Syria	SY	Tartus	14	34.8890	35.8866	458327	Asia/Damascus		
7701384	Karabağlar	Turkey	TR	İzmir Province	35	38.3820	27.1320	458000	Europe/Istanbul		
331180	Mek'ele	Ethiopia	ET	Tigray	53	13.4967	39.4753	457900	Africa/Addis_Ababa		
330186	Nazrēt	Ethiopia	ET	Oromiya	51	8.5500	39.2667	456900	Africa/Addis_Ababa		
5417598	Colorado Springs	United States	US	Colorado	CO	38.8339	-104.8214	456568	America/Denver		
3456283	Niterói	Brazil	BR	Rio de Janeiro	21	-22.8833	-43.1036	456456	America/Sao_Paulo		
3939459	Huancayo	Peru	PE	Junin	12	-12.0687	-75.2103	456250	America/Lima		
99347	Al Hillah	Iraq	IQ	Babil	06	32.4637	44.4196	455700	Asia/Baghdad		
2312895	Mbandaka	Democratic Republic of the Congo	CD	Équateur	02	0.0486	18.2603	455011	Africa/Kinshasa		
1873757	Namp’o	North Korea	KP	Nampo	14	38.7375	125.4078	455000	Asia/Pyongyang		
2239862	Malanje	Angola	AO	Malanje	12	-9.5402	16.3410	455000	Africa/Luanda		
4005867	Ciudad General Escobedo	Mexico	MX	Nuevo León	19	25.7970	-100.3179	454967	America/Monterrey		
1729564	Bacolod City	Philippines	PH	Western Visayas	06	10.6667	122.9500	454898	Asia/Manila		
4791259	Virginia Beach	United States	US	Virginia	VA	36.8529	-75.9780	454808	America/New_York		
1792260	Wafangdian	China	CN	Liaoning	19	39.6183	122.0081	454338	Asia/Shanghai		
1701500	Mansilingan	Philippines	PH	Western Visayas	06	10.6311	122.9789	454150	Asia/Manila		
158597	Kahama	Tanzania	TZ	Shinyanga	15	-3.8333	32.6000	453654	Africa/Dar_es_Salaam		
1675151	Hsinchu	Taiwan	TW	Taiwan	04	24.8036	120.9686	453536	Asia/Taipei		
8469284	Katsushika	Japan	JP	Tokyo	40	35.7333	139.8500	453093	Asia/Tokyo		
1258662	Rāmgundam	India	IN	Telangana	40	18.8008	79.4521	452261	Asia/Kolkata		
321836	Batman	Turkey	TR	Batman	76	37.8874	41.1322	452157	Europe/Istanbul		
1784818	Yongji	China	CN	Shanxi	24	34.8661	110.4403	452000	Asia/Shanghai		
1636544	Manado	Indonesia	ID	North Sulawesi	31	1.4822	124.8489	451916	Asia/Makassar		
1803245	Lishui	China	CN	Zhejiang	02	28.4604	119.9103	451418	Asia/Shanghai		
1253986	Udaipur	India	IN	Rajasthan	24	24.5858	73.7135	451100	Asia/Kolkata		
326282	Warder	Ethiopia	ET	Somali	52	6.9744	45.3408	450400	Africa/Addis_Ababa		
1646511	Cilegon	Indonesia	ID	Banten	33	-6.0144	106.0542	450271	Asia/Jakarta		
1591527	Bắc Giang	Vietnam	VN	Bac Ninh	24	21.2731	106.1946	450000	Asia/Bangkok		
373303	Juba	South Sudan	SS	Central Equatoria	01	4.8517	31.5825	450000	Africa/Juba		
449504	Eslamshahr	Iran	IR	Tehran	26	35.5522	51.2350	450000	Asia/Tehran		
8074174	Muratpaşa	Turkey	TR	Antalya	07	36.8916	30.7650	450000	Europe/Istanbul		
8505006	Wenshan City	China	CN	Yunnan	29	23.3631	104.2505	450000	Asia/Shanghai		
298333	Şanlıurfa	Turkey	TR	Şanlıurfa	63	37.1671	38.7939	449549	Europe/Istanbul		
2038087	Chengde	China	CN	Hebei	10	40.9519	117.9588	449325	Asia/Shanghai		
538560	Kursk	Russia	RU	Kursk Oblast	41	51.7269	36.1846	448733	Europe/Moscow		
1348843	Maheshtala	India	IN	West Bengal	28	22.5086	88.2532	448317	Asia/Kolkata		
1573517	Nam Định	Vietnam	VN	Ninh Binh	37	20.4339	106.1773	448225	Asia/Bangkok		
2501152	Constantine	Algeria	DZ	Constantine	04	36.3650	6.6147	448028	Africa/Algiers		
1260107	Patiāla	India	IN	Punjab	23	30.3362	76.3922	446246	Asia/Kolkata		
1017780	Boksburg	South Africa	ZA	Gauteng	06	-26.2120	28.2596	445168	Africa/Johannesburg		
1816858	Basuo	China	CN	Hainan	31	19.1027	108.6656	444458	Asia/Shanghai		
4006702	Ensenada	Mexico	MX	Baja California	02	31.8715	-116.6007	443807	America/Tijuana		
315808	Elazığ	Turkey	TR	Elazığ	23	38.6743	39.2232	443363	Europe/Istanbul		
3459462	Jundiaí	Brazil	BR	São Paulo	27	-23.1864	-46.8842	443221	America/Sao_Paulo		
2057087	Kupang	Indonesia	ID	East Nusa Tenggara	18	-10.1708	123.6069	442758	Asia/Makassar		
3514450	Xochimilco	Mexico	MX	Mexico City	09	19.2547	-99.1036	442178	America/Mexico_City		
3728338	Carrefour	Haiti	HT	Ouest	11	18.5411	-72.3992	442156	America/Port-au-Prince		
1256409	Shyamnagar	India	IN	West Bengal	28	22.8333	88.3667	441956	Asia/Kolkata		
1715430	Dasmariñas	Philippines	PH	Calabarzon	40	14.3294	120.9367	441876	Asia/Manila		
1813171	Zhangjiajie	China	CN	Hunan	11	29.1294	110.4783	441804	Asia/Shanghai		
2286304	Korhogo	Ivory Coast	CI	Savanes District	87	9.4580	-5.6296	440926	Africa/Abidjan		
1864092	Fujisawa	Japan	JP	Kanagawa	19	35.3493	139.4767	439728	Asia/Tokyo		
2374775	Bissau	Guinea-Bissau	GW	Bissau	11	11.8636	-15.5977	439704	Africa/Bissau		
1734052	Sandakan	Malaysia	MY	Sabah	16	5.8402	118.1179	439050	Asia/Kuching		
1308465	Mawlamyine	Myanmar	MM	Mon	13	16.4905	97.6282	438861	Asia/Yangon		
6050610	Laval	Canada	CA	Quebec	10	45.5699	-73.6920	438366	America/Toronto		
2512989	Palma	Spain	ES	Balearic Islands	07	39.5694	2.6502	438234	Europe/Madrid		
1869012	Sunch’ŏn	North Korea	KP	South Pyongan	15	39.4317	125.9328	437000	Asia/Pyongyang		
7628416	Sultangazi	Turkey	TR	Istanbul	34	41.1065	28.8685	436935	Europe/Istanbul		
2319480	Uyo	Nigeria	NG	Akwa Ibom State	21	5.0513	7.9335	436606	Africa/Lagos		
2038365	Bei’an	China	CN	Heilongjiang	08	48.2667	126.6000	436444	Asia/Shanghai		
1273368	Davangere	India	IN	Karnataka	19	14.4669	75.9269	435128	Asia/Kolkata		
2352379	Ado-Ekiti	Nigeria	NG	Ekiti State	54	7.6233	5.2209	435000	Africa/Lagos		
3675443	Manizales	Colombia	CO	Caldas Department	37	5.0668	-75.5068	434403	America/Bogota		
1841246	Masan	South Korea	KR	Gwangju	18	35.1272	126.8315	434371	Asia/Seoul		
1586896	Buôn Ma Thuột	Vietnam	VN	Dak Lak	66	12.6675	108.0378	434256	Asia/Ho_Chi_Minh		
3407669	Ananindeua	Brazil	BR	Pará	16	-1.3656	-48.3722	433956	America/Belem		
487846	Stavropol	Russia	RU	Stavropol Kray	70	45.0344	41.9642	433931	Europe/Moscow		
1794328	Shuozhou	China	CN	Shanxi	24	39.3158	112.4225	433700	Asia/Shanghai		
3449433	Santos	Brazil	BR	São Paulo	27	-23.9608	-46.3336	433656	America/Sao_Paulo		
1859924	Kashiwa	Japan	JP	Chiba	04	35.8622	139.9773	433436	Asia/Tokyo		
2327735	Ogbomoso	Nigeria	NG	Oyo State	32	8.1337	4.2401	433030	Africa/Lagos		
293397	Tel Aviv	Israel	IL	Tel Aviv	05	32.0809	34.7806	432892	Asia/Jerusalem		
216281	Goma	Democratic Republic of the Congo	CD	North Kivu	11	-1.6741	29.2284	432587	Africa/Lubumbashi		
3688452	Buenaventura	Colombia	CO	Valle del Cauca Department	29	3.5833	-77.0000	432385	America/Bogota		
940909	Welkom	South Africa	ZA	Free State	03	-27.9774	26.7351	431944	Africa/Johannesburg		
1818953	Sham Shui Po	Hong Kong	HK	Sham Shui Po District	KSS	22.3302	114.1595	431090	Asia/Hong_Kong		
1857871	Machida	Japan	JP	Tokyo	40	35.5403	139.4508	431079	Asia/Tokyo		
3827407	Venustiano Carranza	Mexico	MX	Mexico City	09	19.4436	-99.1050	430978	America/Mexico_City		
359493	Zagazig	Egypt	EG	Sharqia	14	30.5877	31.5020	430445	Africa/Cairo		
689558	Vinnytsya	Ukraine	UA	Vinnytsia	23	49.2322	28.4687	430091	Europe/Kyiv		
1635882	Mataram	Indonesia	ID	West Nusa Tenggara	17	-8.5833	116.1167	429651	Asia/Makassar		
361055	Ismailia	Egypt	EG	Ismailia	07	30.6043	32.2722	429465	Africa/Cairo		
1806097	Ningde	China	CN	Fujian	07	26.6617	119.5228	429260	Asia/Shanghai		
1279105	Akola	India	IN	Maharashtra	16	20.7096	76.9981	428857	Asia/Kolkata		
3941584	Cusco	Peru	PE	Cuzco Department	08	-13.5319	-71.9670	428450	America/Lima		
1279945	Jiuquan	China	CN	Gansu	15	39.7432	98.5174	428346	Asia/Shanghai		
3514783	Veracruz	Mexico	MX	Veracruz	30	19.1809	-96.1429	428323	America/Mexico_City		
7303419	East Jerusalem	Palestinian Territory	PS	West Bank	WE	31.7834	35.2339	428304	Asia/Hebron		
571476	Bryansk	Russia	RU	Bryansk Oblast	10	53.2710	34.3214	427236	Europe/Moscow		
741763	Maltepe	Turkey	TR	Istanbul	34	40.9357	29.1551	427040	Europe/Istanbul		
1734705	Kuala Terengganu	Malaysia	MY	Terengganu	13	5.3302	103.1408	426500	Asia/Kuala_Lumpur		
1849814	Toyota	Japan	JP	Aichi	01	35.0833	137.1500	426162	Asia/Tokyo		
2313002	Matadi	Democratic Republic of the Congo	CD	Bas-Congo	08	-5.8386	13.4631	425662	Africa/Kinshasa		
109353	Al Kharj	Saudi Arabia	SA	Riyadh Region	10	24.1554	47.3346	425300	Asia/Riyadh		
1818304	Wong Tai Sin	Hong Kong	HK	Wong Tai Sin District	KWT	22.3500	114.1833	425235	Asia/Hong_Kong		
13118244	Mandaluyong	Philippines	PH	National Capital Region	NCR	14.5784	121.0352	425000	Asia/Manila		
2330100	Minna	Nigeria	NG	Niger State	31	9.6152	6.5478	425000	Africa/Lagos		
3526617	Xalapa de Enríquez	Mexico	MX	Veracruz	30	19.5312	-96.9159	424755	America/Mexico_City		
2591949	Cazenga	Angola	AO	Luanda	20	-8.8380	13.2840	424528	Africa/Luanda		
1255783	Rajpur Sonarpur	India	IN	West Bengal	28	22.4382	88.4321	424368	Asia/Kolkata		
3060972	Bratislava	Slovakia	SK	Bratislava Region	02	48.1482	17.1067	423737	Europe/Bratislava		
12557764	Taman Petaling	Malaysia	MY	Kuala Lumpur	14	3.1992	101.6498	423062	Asia/Kuala_Lumpur		
1852139	Shinagawa	Japan	JP	Ehime	05	33.6363	133.0057	422488	Asia/Tokyo		
173811	Al Ḩasakah	Syria	SY	Al-Hasakah	01	36.5024	40.7477	422445	Asia/Damascus		
360502	Luxor	Egypt	EG	Luxor	28	25.6989	32.6421	422407	Africa/Cairo		
6058560	London	Canada	CA	Ontario	08	42.9834	-81.2330	422324	America/Toronto		
343137	Awasa	Ethiopia	ET	Sidama Region	SI	7.0621	38.4763	422200	Africa/Addis_Ababa		
1049261	Chimoio	Mozambique	MZ	Manica	10	-19.1164	33.4833	422046	Africa/Maputo		
1163965	Tando Allahyar	Pakistan	PK	Sindh	05	25.4605	68.7174	421923	Asia/Karachi		
2290486	Daloa	Ivory Coast	CI	Sassandra-Marahoue	96	6.8773	-6.4502	421871	Africa/Abidjan		
1812749	Dingxi	China	CN	Gansu	15	35.5709	104.6230	420614	Asia/Shanghai		
2234974	Bamenda	Cameroon	CM	North-West	07	5.9597	10.1460	420445	Africa/Douala		
480060	Tver	Russia	RU	Tver Oblast	77	56.8584	35.9006	420065	Europe/Moscow		
1566319	Thái Nguyên	Vietnam	VN	Thai Nguyen	19	21.5942	105.8482	420000	Asia/Bangkok		
3664980	Boa Vista	Brazil	BR	Roraima	25	2.8197	-60.6733	419652	America/Boa_Vista		
3662574	Rio Branco	Brazil	BR	Acre	01	-9.9747	-67.8100	419452	America/Rio_Branco		
5378538	Oakland	United States	US	California	CA	37.8044	-122.2708	419267	America/Los_Angeles		
1266122	Korba	India	IN	Chhattisgarh	37	22.3458	82.6963	419146	Asia/Kolkata		
1851100	Takamatsu	Japan	JP	Kagawa	17	34.3333	134.0500	418994	Asia/Tokyo		
1819607	Kowloon City	Hong Kong	HK	Kowloon City	KKC	22.3305	114.1922	418732	Asia/Hong_Kong		
3183875	Tirana	Albania	AL	Tirana	50	41.3274	19.8187	418495	Europe/Tirane		
4568127	San Juan	Puerto Rico	PR	San Juan	127	18.4663	-66.1057	418140	America/Puerto_Rico		
1736309	Alor Setar	Malaysia	MY	Kedah	02	6.1210	100.3601	417800	Asia/Kuala_Lumpur		
7064006	Tongchuan	China	CN	Shaanxi	26	34.8988	108.9506	417740	Asia/Shanghai		
1694611	Pasay	Philippines	PH	National Capital Region	NCR	14.5375	121.0014	416522	Asia/Manila		
3522551	Nuevo Laredo	Mexico	MX	Tamaulipas	28	27.4763	-99.5164	416055	America/Matamoros		
1849876	Toyama	Japan	JP	Toyama	42	36.7000	137.2167	415844	Asia/Tokyo		
2528910	Tétouan	Morocco	MA	Tanger-Tetouan-Al Hoceima	01	35.5784	-5.3684	415810	Africa/Casablanca		
2657896	Zürich	Switzerland	CH	Zurich	ZH	47.3667	8.5500	415367	Europe/Zurich		
1562820	Việt Trì	Vietnam	VN	Phu Tho	25	21.3227	105.4020	415280	Asia/Bangkok		
3532497	Azcapotzalco	Mexico	MX	Mexico City	09	19.4870	-99.1859	414711	America/Mexico_City		
4174757	Tampa	United States	US	Florida	FL	27.9475	-82.4584	414547	America/New_York		
3456814	Montes Claros	Brazil	BR	Minas Gerais	15	-16.7350	-43.8617	414240	America/Sao_Paulo		
234179	Bunamwaya	Uganda	UG	Central Region	C	0.2534	32.5572	413400	Africa/Kampala		
532288	Magnitogorsk	Russia	RU	Chelyabinsk	13	53.3981	59.0066	413351	Asia/Yekaterinburg		
4553433	Tulsa	United States	US	Oklahoma	OK	36.1540	-95.9928	413066	America/Chicago		
1269006	Jhānsi	India	IN	Uttar Pradesh	36	25.4589	78.5799	412927	Asia/Kolkata		
1818506	Tseung Kwan O	Hong Kong	HK	Sai Kung District	NSK	22.3279	114.2499	412900	Asia/Hong_Kong		
3645532	Ciudad Bolívar	Venezuela	VE	Bolívar	06	8.1237	-63.5469	412619	America/Caracas		
1762110	Kampung Kangkar Teberau	Malaysia	MY	Johor	01	1.5320	103.7549	412373	Asia/Kuala_Lumpur		
2285853	Koumassi	Ivory Coast	CI	Abidjan Autonomous District	93	5.2972	-3.9675	412282	Africa/Abidjan		
3985241	San Nicolás de los Garza	Mexico	MX	Nuevo León	19	25.7417	-100.3022	412199	America/Monterrey		
2192362	Christchurch	New Zealand	NZ	Canterbury	E9	-43.5333	172.6333	412000	Pacific/Auckland		
1809152	Guyuan	China	CN	Ningxia	21	36.0067	106.2808	411854	Asia/Shanghai		
2911285	Wandsbek	Germany	DE	Free and Hanseatic City of Hamburg	04	53.5833	10.0831	411422	Europe/Berlin		
5037649	Minneapolis	United States	US	Minnesota	MN	44.9800	-93.2638	410939	America/Chicago		
8629640	Thoothukudi	India	IN	Tamil Nadu	25	8.7674	78.1342	410760	Asia/Kolkata		
143083	Ardabīl	Iran	IR	Ardabil Province	32	38.2498	48.2933	410753	Asia/Tehran		
1276509	Ballari	India	IN	Karnataka	19	15.1420	76.9240	410445	Asia/Kolkata		
2038120	Chaoyang	China	CN	Liaoning	19	41.5703	120.4586	410005	Asia/Shanghai		
281133	Gaza	Palestinian Territory	PS	Gaza Strip	GZ	31.5016	34.4667	410000	Asia/Gaza		
1848313	Yokosuka	Japan	JP	Kanagawa	19	35.2836	139.6672	409478	Asia/Tokyo		
353802	Kom Ombo	Egypt	EG	Aswan	16	24.4767	32.9463	409311	Africa/Cairo		
1856177	Nagasaki	Japan	JP	Nagasaki	27	32.7500	129.8833	409118	Asia/Tokyo		
1281019	Gujangbagh	China	CN	Xinjiang	13	37.1093	79.9343	408894	Asia/Urumqi		
3981369	Tonalá	Mexico	MX	Jalisco	14	20.6226	-103.2417	408759	America/Mexico_City		
3703443	Panamá	Panama	PA	Panamá	08	8.9936	-79.5197	408168	America/Panama		
3453643	Piracicaba	Brazil	BR	São Paulo	27	-22.7253	-47.6492	407252	America/Sao_Paulo		
204405	Uvira	Democratic Republic of the Congo	CD	South Kivu	12	-3.3953	29.1378	407092	Africa/Lubumbashi		
1862540	Hirakata	Japan	JP	Osaka	32	34.8135	135.6491	406331	Asia/Tokyo		
555312	Ivanovo	Russia	RU	Ivanovo Oblast	21	56.9999	40.9726	406113	Europe/Moscow		
3644768	Cumaná	Venezuela	VE	Sucre	19	10.4639	-64.1786	405626	America/Caracas		
971421	Newcastle	South Africa	ZA	KwaZulu-Natal	02	-27.7580	29.9318	404838	Africa/Johannesburg		
1842225	Gumi	South Korea	KR	Gyeongsangbuk-do	14	36.1136	128.3360	404691	Asia/Seoul		
2082600	Jayapura	Indonesia	ID	Papua	36	-2.5337	140.7181	404004	Asia/Jayapura		
2036389	Jixi	China	CN	Heilongjiang	08	45.2932	130.9622	403759	Asia/Shanghai		
1735634	Kuching	Malaysia	MY	Sarawak	11	1.5500	110.3333	402738	Asia/Kuching		
1863641	Gifu	Japan	JP	Gifu	09	35.4229	136.7604	402557	Asia/Tokyo		
3402655	Caruaru	Brazil	BR	Pernambuco	30	-8.2833	-35.9761	402290	America/Recife		
1792621	Tongling	China	CN	Anhui	01	30.9500	117.7833	402062	Asia/Shanghai		
1682812	Tarlac City	Philippines	PH	Central Luzon	03	15.4802	120.5979	401892	Asia/Manila		
1849837	Toyonaka	Japan	JP	Osaka	32	34.7824	135.4693	401558	Asia/Tokyo		
372753	Kassala	Sudan	SD	Kassala	52	15.4510	36.4000	401477	Africa/Khartoum		
1856717	Miyazaki	Japan	JP	Miyazaki	25	31.9167	131.4167	401339	Asia/Tokyo		
2332121	Lekki	Nigeria	NG	Lagos	05	6.4122	4.0947	401272	Africa/Lagos		
3899539	Antofagasta	Chile	CL	Antofagasta	03	-23.6509	-70.3975	401096	America/Santiago		
11785389	Wah Cantt	Pakistan	PK	Punjab	04	33.7709	72.7512	400733	Asia/Karachi		
1276300	Bhāgalpur	India	IN	Bihar	34	25.2445	86.9718	400146	Asia/Kolkata		
1279290	Agartala	India	IN	Tripura	26	23.8361	91.2794	400004	Asia/Kolkata		
2347209	Bida	Nigeria	NG	Niger State	31	9.0804	6.0099	400000	Africa/Lagos		
292261	Dayrah	United Arab Emirates	AE	Dubai	03	25.2714	55.3021	400000	Asia/Dubai		
6722148	Saltivka	Ukraine	UA	Kharkivs’ka Oblast’	07	50.0221	36.3490	400000	Europe/Kyiv		
7498240	West Jerusalem	Israel	IL	Jerusalem	06	31.7820	35.2196	400000	Asia/Jerusalem		
217695	Bunia	Democratic Republic of the Congo	CD	Ituri	17	1.5594	30.2522	399282	Africa/Lubumbashi		
323779	Antakya	Turkey	TR	Hatay	31	36.2066	36.1572	399045	Europe/Istanbul		
9645085	Quận Mười	Vietnam	VN	Ho Chi Minh City (HCMC)	79	10.7682	106.6663	399000	Asia/Ho_Chi_Minh		
191245	Kisumu	Kenya	KE	Kisumu County	26	-0.1022	34.7617	397957	Africa/Nairobi		
702658	Luhansk	Ukraine	UA	Luhansk	14	48.5681	39.3055	397677	Europe/Kyiv		
3648546	Barinas	Venezuela	VE	Barinas	05	8.6206	-70.2310	397279	America/Caracas		
4281730	Wichita	United States	US	Kansas	KS	37.6922	-97.3375	396119	America/Chicago		
2558545	Al Hoceïma	Morocco	MA	Tanger-Tetouan-Al Hoceima	01	35.2516	-3.9372	395644	Africa/Casablanca		
3083829	Szczecin	Poland	PL	West Pomerania	87	53.4289	14.5530	395513	Europe/Warsaw		
3445026	Vila Velha	Brazil	BR	Espírito Santo	08	-20.3297	-40.2925	394930	America/Sao_Paulo		
3181928	Bologna	Italy	IT	Emilia-Romagna	05	44.4938	11.3387	394843	Europe/Rome		
11523293	Sejong	South Korea	KR	Sejong-si	22	36.5924	127.2922	394630	Asia/Seoul		
740264	Samsun	Turkey	TR	Samsun	55	41.2798	36.3361	394050	Europe/Istanbul		
588409	Tallinn	Estonia	EE	Harjumaa	01	59.4370	24.7535	394024	Europe/Tallinn		
149606	Tanga	Tanzania	TZ	Tanga	18	-5.0689	39.0988	393429	Africa/Dar_es_Salaam		
379003	El Obeid	Sudan	SD	North Kordofan	56	13.1842	30.2167	393311	Africa/Khartoum		
3464739	Diadema	Brazil	BR	São Paulo	27	-23.6861	-46.6228	393237	America/Sao_Paulo		
145531	Saurimo	Angola	AO	Lunda Sul	18	-9.6608	20.3915	393000	Africa/Luanda		
3688928	Bello	Colombia	CO	Antioquia	02	6.3373	-75.5580	392939	America/Bogota		
3672778	Pasto	Colombia	CO	Nariño	20	1.2146	-77.2785	392930	America/Bogota		
1810458	Gaomi	China	CN	Shandong	25	36.3833	119.7528	391986	Asia/Shanghai		
3836277	Santa Fe	Argentina	AR	Santa Fe	21	-31.6488	-60.7087	391164	America/Argentina/Cordoba		
2282006	San-Pédro	Ivory Coast	CI	Bas-Sassandra District	76	4.7485	-6.6363	390654	Africa/Abidjan		
2331140	Makurdi	Nigeria	NG	Benue State	26	7.7337	8.5214	390000	Africa/Lagos		
2294915	Takoradi	Ghana	GH	Western	09	4.8982	-1.7603	389114	Africa/Accra		
1606590	Samut Prakan	Thailand	TH	Samut Prakan	42	13.5976	100.5972	388920	Asia/Bangkok		
4671240	Arlington	United States	US	Texas	TX	32.7357	-97.1081	388125	America/Chicago		
105072	Khamis Mushait	Saudi Arabia	SA	'Asir Region	11	18.3000	42.7333	387553	Asia/Riyadh		
3660689	Ambato	Ecuador	EC	Tungurahua Province	19	-1.2491	-78.6167	387309	America/Guayaquil		
3466998	Carapicuíba	Brazil	BR	São Paulo	27	-23.5227	-46.8350	386984	America/Sao_Paulo		
3392242	Petrolina	Brazil	BR	Pernambuco	30	-9.3986	-40.5008	386791	America/Recife		
3827598	Ojo de Agua	Mexico	MX	México	15	19.6803	-99.0100	386290	America/Mexico_City		
3352136	Windhoek	Namibia	NA	Khomas Region	21	-22.5594	17.0832	386219	Africa/Windhoek		
2395914	Abomey-Calavi	Benin	BJ	Atlantique	09	6.4485	2.3557	385755	Africa/Porto-Novo		
2947416	Bochum	Germany	DE	North Rhine-Westphalia	07	51.4817	7.2165	385729	Europe/Berlin		
1851483	Suita	Japan	JP	Osaka	32	34.7614	135.5157	385567	Asia/Tokyo		
11048319	Sector 3	Romania	RO	Bucharest	10	44.4234	26.1687	385439	Europe/Bucharest		
6957079	Benito Juárez	Mexico	MX	Mexico City	09	19.3727	-99.1564	385439	America/Mexico_City		
310859	Kahramanmaraş	Turkey	TR	Kahramanmaraş	46	37.5847	36.9264	384953	Europe/Istanbul		
12159964	Chongzuo	China	CN	Guangxi	16	22.3816	107.3683	384905	Asia/Shanghai		
11962371	Grajaú	Brazil	BR	São Paulo	27	-23.7698	-46.6711	384873	America/Sao_Paulo		
1854376	Okazaki	Japan	JP	Aichi	01	34.9500	137.1667	384654	Asia/Tokyo		
3514519	Xico	Mexico	MX	México	15	19.2703	-98.9509	384327	America/Mexico_City		
3526700	Iztacalco	Mexico	MX	Mexico City	09	19.3953	-99.0978	384326	America/Mexico_City		
1268561	Kākināda	India	IN	Andhra Pradesh	02	16.9604	82.2381	384182	Asia/Kolkata		
3470044	Betim	Brazil	BR	Minas Gerais	15	-19.9678	-44.1983	384000	America/Sao_Paulo		
2515270	Las Palmas de Gran Canaria	Spain	ES	Canary Islands	53	28.1018	-15.4157	383516	Atlantic/Canary		
1716771	Cotabato	Philippines	PH	Autonomous Region in Muslim Mindanao	14	7.2236	124.2464	383383	Asia/Manila		
288764	Bawshar	Oman	OM	Muscat	06	23.5777	58.3998	383257	Asia/Muscat		
1265014	Latur	India	IN	Maharashtra	16	18.3972	76.5678	382940	Asia/Kolkata		
3726786	Delmas	Haiti	HT	Ouest	11	18.5448	-72.3004	382920	America/Port-au-Prince		
1913154	Tanzhou	China	CN	Guangdong	30	22.2550	113.4669	382445	Asia/Shanghai		
2179537	Wellington	New Zealand	NZ	Wellington Region	G2	-41.2866	174.7756	381900	Pacific/Auckland		
3996322	Mazatlán	Mexico	MX	Sinaloa	25	23.2216	-106.4189	381583	America/Mazatlan		
3466537	Caxias do Sul	Brazil	BR	Rio Grande do Sul	23	-29.1681	-51.1794	381270	America/Sao_Paulo		
520494	Nizhny Tagil	Russia	RU	Sverdlovsk Oblast	71	57.9194	59.9650	381116	Asia/Yekaterinburg		
4004330	Irapuato	Mexico	MX	Guanajuato	11	20.6767	-101.3563	380941	America/Mexico_City		
1861949	Ichinomiya	Japan	JP	Aichi	01	35.3000	136.8000	380073	Asia/Tokyo		
359792	Aswān	Egypt	EG	Aswan	16	24.0908	32.8994	379774	Africa/Cairo		
3078610	Brno	Czechia	CZ	South Moravian	78	49.1952	16.6080	379466	Europe/Prague		
3470279	Bauru	Brazil	BR	São Paulo	27	-22.3147	-49.0606	379297	America/Sao_Paulo		
675810	Iaşi	Romania	RO	Iași County	23	47.1667	27.6000	378954	Europe/Bucharest		
986822	Krugersdorp	South Africa	ZA	Gauteng	06	-26.0858	27.7752	378821	Africa/Johannesburg		
1260482	Pānihāti	India	IN	West Bengal	28	22.6909	88.3740	378705	Asia/Kolkata		
1185107	Shibganj	Bangladesh	BD	Rajshahi Division	83	25.0015	89.3227	378701	Asia/Dhaka		
3696183	Iquitos	Peru	PE	Loreto	16	-3.7481	-73.2529	377609	America/Lima		
1849846	Toyohashi	Japan	JP	Aichi	01	34.7667	137.3833	377453	Asia/Tokyo		
1808212	Hechuan	China	CN	Chongqing	33	29.9923	106.2646	377213	Asia/Shanghai		
2745912	Utrecht	The Netherlands	NL	Utrecht	09	52.0908	5.1222	376435	Europe/Amsterdam		
1258932	Rajamahendravaram	India	IN	Andhra Pradesh	02	17.0052	81.7778	376333	Asia/Kolkata		
1272691	Dhule	India	IN	Maharashtra	16	20.9013	74.7774	375559	Asia/Kolkata		
1852383	Minato	Japan	JP	Wakayama	43	34.2152	135.1501	375339	Asia/Tokyo		
1749822	Puchong	Malaysia	MY	Selangor	12	3.0000	101.6167	375181	Asia/Kuala_Lumpur		
2326171	Ondo	Nigeria	NG	Ondo State	48	7.0932	4.8353	375000	Africa/Lagos		
1258076	Rohtak	India	IN	Haryana	10	28.8945	76.5892	374292	Asia/Kolkata		
958724	Rustenburg	South Africa	ZA	North West	10	-25.6676	27.2421	373695	Africa/Johannesburg		
5325738	Bakersfield	United States	US	California	CA	35.3733	-119.0187	373640	America/Los_Angeles		
1649150	Bengkulu	Indonesia	ID	Bengkulu	03	-3.8004	102.2655	373591	Asia/Jakarta		
1621177	Yogyakarta	Indonesia	ID	Yogyakarta	10	-7.8014	110.3647	373589	Asia/Jakarta		
2033574	Xuanhua	China	CN	Hebei	10	40.6121	115.0646	373422	Asia/Shanghai		
939270	Emalahleni	South Africa	ZA	Mpumalanga	07	-25.8713	29.2332	373403	Africa/Johannesburg		
2235189	Bafoussam	Cameroon	CM	West	08	5.4778	10.4176	373268	Africa/Douala		
1633034	Palu	Indonesia	ID	Central Sulawesi	21	-0.9083	119.8708	373218	Asia/Makassar		
1565022	Thủ Dầu Một	Vietnam	VN	Ho Chi Minh City (HCMC)	79	10.9804	106.6519	373105	Asia/Ho_Chi_Minh		
1851002	Takasaki	Japan	JP	Gunma	10	36.3333	139.0167	372973	Asia/Tokyo		
1734810	Seremban	Malaysia	MY	Negeri Sembilan	05	2.7297	101.9381	372917	Asia/Kuala_Lumpur		
3827408	Miguel Hidalgo	Mexico	MX	Mexico City	09	19.4341	-99.2002	372889	America/Mexico_City		
1856215	Nagano	Japan	JP	Nagano	26	36.6500	138.1833	372760	Asia/Tokyo		
1734199	Tawau	Malaysia	MY	Sabah	16	4.2448	117.8911	372615	Asia/Kuching		
2653822	Cardiff	United Kingdom	GB	Wales	WLS	51.4800	-3.1800	372089	Europe/London		
8616121	Đống Đa	Vietnam	VN	Hanoi	01	21.0130	105.8250	371606	Asia/Bangkok		
1106542	Chitungwiza	Zimbabwe	ZW	Harare	10	-18.0127	31.0755	371246	Africa/Harare		
145459	Abadan	Iran	IR	Khuzestan	15	30.3392	48.3043	370180	Asia/Tehran		
10627325	Ingombota	Angola	AO	Luanda	20	-8.8181	13.2289	370000	Africa/Luanda		
2320576	Umuahia	Nigeria	NG	Abia State	45	5.5249	7.4946	370000	Africa/Lagos		
3629672	Puerto La Cruz	Venezuela	VE	Anzoátegui	02	10.2138	-64.6328	370000	America/Caracas		
7304020	Fenghuang	China	CN	Hunan	11	27.9356	109.5996	370000	Asia/Shanghai		
298299	Uşak	Turkey	TR	Uşak	64	38.6735	29.4058	369433	Europe/Istanbul		
1283613	Bharatpur	Nepal	NP	Bagmati Province	3	27.6803	84.4365	369377	Asia/Kathmandu		
3460644	Itaquaquecetuba	Brazil	BR	São Paulo	27	-23.4861	-46.3483	369275	America/Sao_Paulo		
7483813	Natore	Bangladesh	BD	Rajshahi Division	83	24.4111	88.9867	369138	Asia/Dhaka		
353219	6th of October City	Egypt	EG	Giza	08	29.8167	31.0500	368650	Africa/Cairo		
2644668	Leicester	United Kingdom	GB	England	ENG	52.6386	-1.1317	368600	Europe/London		
13546519	Desna	Ukraine	UA	Kyiv City	12	50.5221	30.6823	368500	Europe/Kyiv		
11048323	Sector 6	Romania	RO	Bucharest	10	44.4358	26.0165	367760	Europe/Bucharest		
2172517	Canberra	Australia	AU	Australian Capital Territory	01	-35.2835	149.1281	367752	Australia/Sydney		
1855612	Nara-shi	Japan	JP	Nara	28	34.6850	135.8048	367353	Asia/Tokyo		
3176959	Florence	Italy	IT	Tuscany	16	43.7792	11.2463	367150	Europe/Rome		
1279228	Ahilyanagar	India	IN	Maharashtra	16	19.0946	74.7384	367140	Asia/Kolkata		
1259091	Kollam	India	IN	Kerala	13	8.8811	76.5847	367107	Asia/Kolkata		
8537264	Huanggang	China	CN	Hubei	12	30.4514	114.8704	366769	Asia/Shanghai		
3393536	Olinda	Brazil	BR	Pernambuco	30	-8.0089	-34.8553	366754	America/Recife		
2654993	Bradford	United Kingdom	GB	England	ENG	53.7939	-1.7521	366187	Europe/London		
1275637	Bilāspur	India	IN	Chhattisgarh	37	22.0800	82.1554	365579	Asia/Kolkata		
1703320	Malabon	Philippines	PH	National Capital Region	NCR	14.6733	120.9397	365525	Asia/Manila		
5150529	Cleveland	United States	US	Ohio	OH	41.4995	-81.6954	365379	America/New_York		
2337181	Iseyin	Nigeria	NG	Oyo State	32	7.9702	3.5963	365300	Africa/Lagos		
2318123	Yenagoa	Nigeria	NG	Bayelsa State	52	4.9268	6.2676	365000	Africa/Lagos		
2341374	Gboko	Nigeria	NG	Benue State	26	7.3228	9.0011	365000	Africa/Lagos		
5950268	Etobicoke	Canada	CA	Ontario	08	43.6442	-79.5699	365000	America/Toronto		
1838343	Pyeongtaek	South Korea	KR	Gyeonggi-do	13	36.9947	127.0889	364694	Asia/Seoul		
3630297	Petare	Venezuela	VE	Miranda	15	10.4768	-66.8079	364684	America/Caracas		
1588060	Bến Cát	Vietnam	VN	Ho Chi Minh City (HCMC)	79	11.1500	106.6000	364578	Asia/Ho_Chi_Minh		
1817990	Anqiu	China	CN	Shandong	25	36.4342	119.1925	364208	Asia/Shanghai		
324190	Alanya	Turkey	TR	Antalya	07	36.5438	31.9998	364180	Europe/Istanbul		
1172128	Larkana	Pakistan	PK	Sindh	05	27.5590	68.2120	364033	Asia/Karachi		
379062	Al Qadarif	Sudan	SD	Al Qaḑārif	39	14.0349	35.3834	363945	Africa/Khartoum		
1647003	Cibinong	Indonesia	ID	West Java	30	-6.4817	106.8542	363424	Asia/Jakarta		
1169116	Nawabshah	Pakistan	PK	Sindh	05	26.2394	68.4037	363138	Asia/Karachi		
4335045	New Orleans	United States	US	Louisiana	LA	29.9547	-90.0751	362701	America/Chicago		
1678228	Keelung	Taiwan	TW	Taiwan	04	25.1309	121.7409	362487	Asia/Taipei		
2692969	Malmö	Sweden	SE	Skåne	27	55.6059	13.0007	362133	Europe/Stockholm		
1805029	Jizhou	China	CN	Hebei	10	37.5505	115.5687	362013	Asia/Shanghai		
2187404	Manukau City	New Zealand	NZ	Auckland	E7	-36.9928	174.8799	362000	Pacific/Auckland		
3469968	Blumenau	Brazil	BR	Santa Catarina	26	-26.9194	-49.0661	361855	America/Sao_Paulo		
2441291	Maradi	Niger	NE	Maradi Region	04	13.5000	7.1017	361702	Africa/Niamey		
6947637	Ataşehir	Turkey	TR	Istanbul	34	40.9833	29.1167	361615	Europe/Istanbul		
1799823	Nanqiao	China	CN	Shanghai	23	30.9161	121.4494	361185	Asia/Shanghai		
627904	Hrodna	Belarus	BY	Grodnenskaya	03	53.6758	23.8289	361115	Europe/Minsk		
2805753	Wuppertal	Germany	DE	North Rhine-Westphalia	07	51.2563	7.1482	360797	Europe/Berlin		
1626381	Sukabumi	Indonesia	ID	West Java	30	-6.9181	106.9267	360644	Asia/Jakarta		
2014407	Ulan-Ude	Russia	RU	Buryatiya Republic	11	51.8265	107.5998	360278	Asia/Irkutsk		
11694038	Huocheng	China	CN	Xinjiang	13	44.0530	80.8717	360000	Asia/Urumqi		
2338400	Ijebu Ode	Nigeria	NG	Ogun State	16	6.8194	3.9173	360000	Africa/Lagos		
932505	Maseru	Lesotho	LS	Maseru District	14	-29.3167	27.4833	359753	Africa/Maseru		
1275960	Bhilwara	India	IN	Rajasthan	24	25.3471	74.6408	359483	Asia/Kolkata		
5412347	Aurora	United States	US	Colorado	CO	39.7294	-104.8319	359407	America/Denver		
584923	Sumqayıt	Azerbaijan	AZ	Sumqayit	54	40.5897	49.6686	358675	Asia/Baku		
3463011	Franca	Brazil	BR	São Paulo	27	-20.5386	-47.4008	358539	America/Sao_Paulo		
620127	Vitebsk	Belarus	BY	Vitebsk	07	55.1904	30.2049	358395	Europe/Minsk		
1516905	Taraz	Kazakhstan	KZ	Zhambyl	17	42.8980	71.3733	358153	Asia/Almaty		
1832828	Yangsan	South Korea	KR	Gyeongsangnam-do	20	35.3420	129.0336	358074	Asia/Seoul		
3347939	Lobito	Angola	AO	Benguela	01	-12.3644	13.5360	357950	Africa/Luanda		
13546518	Dniprovskyi	Ukraine	UA	Kyiv City	12	50.4537	30.6015	357900	Europe/Kyiv		
1689395	San Jose del Monte	Philippines	PH	Central Luzon	03	14.8139	121.0453	357828	Asia/Manila		
13631407	Abū al-Kahṣīb	Iraq	IQ	Basra	02	30.4431	47.8780	357771	Asia/Baghdad		
1948005	Gwangmyeong	South Korea	KR	Gyeonggi-do	13	37.4772	126.8664	357545	Asia/Seoul		
111453	Zanjan	Iran	IR	Zanjan	36	36.6764	48.4963	357471	Asia/Tehran		
3673899	Neiva	Colombia	CO	Huila Department	16	2.9300	-75.2797	357392	America/Bogota		
2112539	Iwaki	Japan	JP	Fukushima	08	37.0500	140.8833	357309	Asia/Tokyo		
473247	Vladimir	Russia	RU	Vladimir Oblast	83	56.1385	40.3998	357024	Europe/Moscow		
1026014	Tete	Mozambique	MZ	Tete	08	-16.1564	33.5867	357000	Africa/Maputo		
1729524	Bacoor	Philippines	PH	Calabarzon	40	14.4590	120.9385	356974	Asia/Manila		
1926004	Wakayama	Japan	JP	Wakayama	43	34.2333	135.1667	356729	Asia/Tokyo		
1275198	Brahmapur	India	IN	Odisha	21	19.3115	84.7929	356598	Asia/Kolkata		
1673816	Fengshan	Taiwan	TW	Takao	02	22.6266	120.3613	356463	Asia/Taipei		
3402429	Caucaia	Brazil	BR	Ceará	06	-3.7361	-38.6531	355679	America/Fortaleza		
2214846	Misratah	Libya	LY	Misratah	72	32.3753	15.0925	355657	Africa/Tripoli		
3348078	Cuíto	Angola	AO	Bíe	02	-12.3833	16.9333	355423	Africa/Luanda		
3827406	Benito Juarez	Mexico	MX	Mexico City	09	19.3984	-99.1577	355017	America/Mexico_City		
1519922	Kyzylorda	Kazakhstan	KZ	Kyzylorda	14	44.8528	65.5092	354800	Asia/Qyzylorda		
1859740	Kawagoe	Japan	JP	Saitama	34	35.9086	139.4853	354571	Asia/Tokyo		
1850910	Takatsuki	Japan	JP	Osaka	32	34.8483	135.6168	354468	Asia/Tokyo		
1262330	Muzaffarpur	India	IN	Bihar	34	26.1226	85.3906	354462	Asia/Kolkata		
3516266	Tapachula	Mexico	MX	Chiapas	05	14.9054	-92.2589	353706	America/Merida		
8067345	Lhoka	China	CN	Tibet	14	29.2430	91.7724	353700	Asia/Shanghai		
3514670	Villahermosa	Mexico	MX	Tabasco	27	17.9862	-92.9393	353577	America/Merida		
3466954	Cariacica	Brazil	BR	Espírito Santo	08	-20.2639	-40.4200	353491	America/Sao_Paulo		
1735162	Setapak	Malaysia	MY	Selangor	12	3.2070	101.7270	353268	Asia/Kuala_Lumpur		
625665	Mahilyow	Belarus	BY	Mogilev	06	53.9088	30.3404	353110	Europe/Minsk		
141681	Bandar Abbas	Iran	IR	Hormozgan	11	27.1865	56.2808	352173	Asia/Tehran		
13580034	Pravyi Bereh	Ukraine	UA	Donetsk	05	47.1150	37.5852	352088	Europe/Kyiv		
1512296	Yunusobod	Uzbekistan	UZ	Tashkent	13	41.3714	69.2794	352000	Asia/Tashkent		
291074	Ras Al Khaimah	United Arab Emirates	AE	Ras Al Khaimah	05	25.7895	55.9432	351943	Asia/Dubai		
3647651	Cabimas	Venezuela	VE	Zulia	23	10.3991	-71.4521	351736	America/Caracas		
5856195	Honolulu	United States	US	Hawaii	HI	21.3069	-157.8583	350964	Pacific/Honolulu		
5323810	Anaheim	United States	US	California	CA	33.8353	-117.9145	350742	America/Los_Angeles		
299817	Tarsus	Turkey	TR	Mersin	32	36.9177	34.8928	350732	Europe/Istanbul		
1259239	Punāsa	India	IN	Madhya Pradesh	35	22.2351	76.3933	350000	Asia/Kolkata		
1798900	Pengze	China	CN	Jiangxi	03	29.8988	116.5457	350000	Asia/Shanghai		
342884	Bahir Dar	Ethiopia	ET	Amhara	46	11.5936	37.3908	350000	Africa/Addis_Ababa		
8764562	Diepsloot	South Africa	ZA	Gauteng	06	-25.9331	28.0121	350000	Africa/Johannesburg		
99100	Al Maḩmūdīyah	Iraq	IQ	Baghdad	07	33.0622	44.3656	350000	Asia/Baghdad		
8054802	Xilinhot	China	CN	Inner Mongolia	20	43.9389	116.0702	349953	Asia/Shanghai		
3452465	Praia Grande	Brazil	BR	São Paulo	27	-24.0058	-46.4028	349935	America/Sao_Paulo		
1028434	Quelimane	Mozambique	MZ	Zambezia Province	09	-17.8786	36.8883	349842	Africa/Maputo		
581049	Arkhangel’sk	Russia	RU	Arkhangelskaya	06	64.5461	40.5518	349742	Europe/Moscow		
1262332	Muzaffarnagar	India	IN	Uttar Pradesh	36	29.4709	77.7033	349706	Asia/Kolkata		
12548253	Hulunbuir	China	CN	Inner Mongolia	20	49.2114	119.7558	349400	Asia/Shanghai		
11790353	Shinjuku	Japan	JP	Tokyo	40	35.6912	139.7085	349385	Asia/Tokyo		
2451185	Sikasso	Mali	ML	Sikasso	06	11.3176	-5.6665	349324	Africa/Bamako		
117574	Sanandaj	Iran	IR	Kurdistan Province	16	35.3150	46.9988	349176	Asia/Tehran		
2025339	Chita	Russia	RU	Zabaykalskiy (Transbaikal) Kray	93	52.0431	113.4917	349005	Asia/Chita		
1688749	San Pedro	Philippines	PH	Calabarzon	40	14.3595	121.0473	348968	Asia/Manila		
3403642	Campina Grande	Brazil	BR	Paraíba	17	-7.2306	-35.8811	348936	America/Fortaleza		
2521978	Alicante	Spain	ES	Valencia	60	38.3452	-0.4815	348901	Europe/Madrid		
2388873	Bimbo	Central African Republic	CF	Ombella-M'Poko	17	4.2567	18.4158	348802	Africa/Bangui		
1321218	Kalemyo	Myanmar	MM	Sagaing Region	10	23.1901	94.0640	348573	Asia/Yangon		
2655984	Belfast	United Kingdom	GB	Northern Ireland	NIR	54.5968	-5.9254	348005	Europe/London		
1564064	Long Bien	Vietnam	VN	Hanoi	01	21.0333	105.9000	347829	Asia/Bangkok		
3566067	Camagüey	Cuba	CU	Camagüey	05	21.3808	-77.9169	347562	America/Havana		
1813206	Daye	China	CN	Hubei	12	30.0833	114.9500	347406	Asia/Shanghai		
3128026	Bilbao	Spain	ES	Basque Country	59	43.2627	-2.9253	347342	Europe/Madrid		
1651531	Ambon	Indonesia	ID	Maluku	28	-3.6958	128.1833	347288	Asia/Jayapura		
2038067	Chifeng	China	CN	Inner Mongolia	20	42.2683	118.9636	346654	Asia/Shanghai		
8310663	Central Coast	Australia	AU	New South Wales	02	-33.4298	151.3714	346596	Australia/Sydney		
10630449	Sunshine Coast	Australia	AU	Queensland	04	-26.6568	153.0796	346522	Australia/Brisbane		
3435217	Corrientes	Argentina	AR	Corrientes	06	-27.4678	-58.8344	346334	America/Argentina/Cordoba		
1877030	Hŭngnam	North Korea	KP	South Hamgyong	03	39.8420	127.6321	346082	Asia/Pyongyang		
1278130	Avadi	India	IN	Tamil Nadu	25	13.1147	80.1098	345996	Asia/Kolkata		
1526273	Astana	Kazakhstan	KZ	Astana	05	51.1801	71.4460	345604	Asia/Almaty		
12277239	Yunlong	China	CN	Jiangsu	04	34.2528	117.2517	345393	Asia/Shanghai		
1858729	Koshigaya	Japan	JP	Saitama	34	35.8903	139.7892	345353	Asia/Tokyo		
2652221	Coventry	United Kingdom	GB	England	ENG	52.4066	-1.5122	345324	Europe/London		
578072	Belgorod	Russia	RU	Belgorod Oblast	09	50.6034	36.5809	345289	Europe/Moscow		
1053384	Toamasina	Madagascar	MG	Atsinanana	31	-18.1492	49.4023	345107	Indian/Antananarivo		
1640344	Kendari	Indonesia	ID	Southeast Sulawesi	22	-3.9778	122.5151	345107	Asia/Makassar		
7281838	Logan City	Australia	AU	Queensland	04	-27.6392	153.1094	345098	Australia/Brisbane		
1853574	Ōtsu	Japan	JP	Shiga	35	35.0000	135.8667	345070	Asia/Tokyo		
371760	Kosti	Sudan	SD	White Nile	41	13.1629	32.6635	345068	Africa/Khartoum		
2035261	Qitaihe	China	CN	Heilongjiang	08	45.7680	130.9953	345033	Asia/Shanghai		
290030	Doha	Qatar	QA	Baladiyat ad Dawhah	01	25.2855	51.5310	344939	Asia/Qatar		
1273800	Kadapa	India	IN	Andhra Pradesh	02	14.4800	78.8235	344893	Asia/Kolkata		
8715035	Nakano	Japan	JP	Tokyo	40	35.7045	139.6695	344880	Asia/Tokyo		
3625829	Turmero	Venezuela	VE	Aragua	04	10.2286	-67.4742	344700	America/Caracas		
629634	Brest	Belarus	BY	Brest	01	52.1089	23.7175	344470	Europe/Minsk		
1850181	Tokorozawa	Japan	JP	Saitama	34	35.7992	139.4690	344194	Asia/Tokyo		
1721906	Cabanatuan City	Philippines	PH	Central Luzon	03	15.4859	120.9665	343672	Asia/Manila		
1785716	Pizhou	China	CN	Jiangsu	04	34.3114	117.9503	343421	Asia/Shanghai		
13580095	Darnytsya	Ukraine	UA	Kyiv City	12	50.4160	30.6953	343384	Europe/Kyiv		
338832	Dire Dawa	Ethiopia	ET	Dire Dawa	48	9.5931	41.8661	343000	Africa/Addis_Ababa		
2506999	Annaba	Algeria	DZ	Annaba	37	36.9000	7.7667	342703	Africa/Algiers		
2990440	Nice	France	FR	Provence-Alpes-Côte d'Azur	93	43.7031	7.2661	342669	Europe/Paris		
1711084	Iligan	Philippines	PH	Northern Mindanao	10	8.2289	124.2434	342618	Asia/Manila		
3667849	Soledad	Colombia	CO	Atlántico	04	10.9184	-74.7646	342556	America/Bogota		
2529013	Temara	Morocco	MA	Rabat-Salé-Kénitra	04	33.9287	-6.9066	342345	Africa/Casablanca		
1795060	Shiqi	China	CN	Guangdong	30	22.5168	113.3852	342306	Asia/Shanghai		
3392740	Paulista	Brazil	BR	Pernambuco	30	-7.9408	-34.8731	342167	America/Recife		
2566633	Obalende	Nigeria	NG	Lagos	05	6.4469	3.4153	342000	Africa/Lagos		
1646170	Cirebon	Indonesia	ID	West Java	30	-6.7063	108.5570	341980	Asia/Jakarta		
1265767	Kukatpally	India	IN	Telangana	40	17.4849	78.4138	341709	Asia/Kolkata		
1794479	Laixi	China	CN	Shandong	25	36.8592	120.5269	341470	Asia/Shanghai		
1175892	Jhang Sadr	Pakistan	PK	Punjab	04	31.2698	72.3169	341210	Asia/Karachi		
96994	Dihok	Iraq	IQ	Duhok	08	36.8661	42.9879	340900	Asia/Baghdad		
553915	Kaluga	Russia	RU	Kaluga Oblast	25	54.5306	36.2700	340851	Europe/Moscow		
13405933	Bắc Từ Liêm	Vietnam	VN	Hanoi	01	21.0653	105.7466	340605	Asia/Ho_Chi_Minh		
13535747	Svyatoshyn	Ukraine	UA	Kyiv City	12	50.4634	30.3461	340399	Europe/Kyiv		
4014875	Celaya	Mexico	MX	Guanajuato	11	20.5235	-100.8157	340387	America/Mexico_City		
2411989	Serekunda	Gambia	GM	Banjul	01	13.4383	-16.6781	340000	Africa/Banjul		
1199503	Kafrul	Bangladesh	BD	Dhaka Division	81	23.7882	90.3736	339734	Asia/Dhaka		
308988	Karşıyaka	Turkey	TR	İzmir Province	35	38.4577	27.1142	339624	Europe/Istanbul		
356436	Ḩadā’iq al Qubbah	Egypt	EG	Cairo	11	30.0884	31.2835	339612	Africa/Cairo		
702320	Makiyivka	Ukraine	UA	Donetsk	05	48.0478	37.9258	338968	Europe/Kyiv		
4498303	West Raleigh	United States	US	North Carolina	NC	35.7868	-78.6639	338759	America/New_York		
3529947	Cuernavaca	Mexico	MX	Morelos	17	18.9261	-99.2308	338650	America/Mexico_City		
6066513	Markham	Canada	CA	Ontario	08	43.8668	-79.2663	338503	America/Toronto		
1876373	Kaesŏng	North Korea	KP	Kaesong	19	37.9708	126.5544	338155	Asia/Pyongyang		
3445839	Uberaba	Brazil	BR	Minas Gerais	15	-19.7483	-47.9319	337836	America/Sao_Paulo		
1185098	Tungi	Bangladesh	BD	Dhaka Division	81	23.8915	90.4023	337579	Asia/Dhaka		
8504952	Krasnogvargeisky	Russia	RU	St.-Petersburg	66	59.9731	30.4761	337091	Europe/Moscow		
963241	Randburg	South Africa	ZA	Gauteng	06	-26.0941	28.0012	337053	Africa/Johannesburg		
2537881	Safi	Morocco	MA	Marrakesh-Safi	07	32.2994	-9.2372	336883	Africa/Casablanca		
693805	Simferopol	Ukraine	UA	Crimea	11	44.9572	34.1108	336460	Europe/Simferopol		
765876	Lublin	Poland	PL	Lublin	75	51.2506	22.5701	336339	Europe/Warsaw		
586523	Ganja	Azerbaijan	AZ	Gǝncǝ	20	40.6816	46.3613	335600	Asia/Baku		
3621849	San José	Costa Rica	CR	San José	08	9.9339	-84.0849	335007	America/Costa_Rica		
4167147	Orlando	United States	US	Florida	FL	28.5383	-81.3792	334854	America/New_York		
3868121	Viña del Mar	Chile	CL	Valparaiso	01	-33.0246	-71.5518	334248	America/Santiago		
2034439	Tieling	China	CN	Liaoning	19	42.2931	123.8414	333907	Asia/Shanghai		
119505	Qazvin	Iran	IR	Qazvin Province	38	36.2688	50.0041	333635	Asia/Tehran		
2130629	Asahikawa	Japan	JP	Hokkaido	12	43.7706	142.3649	333530	Asia/Tokyo		
1268257	Kāmārhāti	India	IN	West Bengal	28	22.6711	88.3747	332965	Asia/Kolkata		
3981941	Tepic	Mexico	MX	Nayarit	18	21.5073	-104.8933	332863	America/Mazatlan		
1833105	Wŏnju	South Korea	KR	Gangwon-do	06	37.3514	127.9453	332849	Asia/Seoul		
364103	Wad Medani	Sudan	SD	Al Jazirah	38	14.4012	33.5199	332714	Africa/Khartoum		
9645084	Quận Mười Một	Vietnam	VN	Ho Chi Minh City (HCMC)	79	10.7638	106.6436	332536	Asia/Ho_Chi_Minh		
601294	Nukus	Uzbekistan	UZ	Karakalpakstan	09	42.4586	59.6058	332500	Asia/Samarkand		
306641	Konak	Turkey	TR	İzmir Province	35	38.4000	27.1000	332277	Europe/Istanbul		
1857843	Maebashi	Japan	JP	Gunma	10	36.4000	139.0833	332149	Asia/Tokyo		
8469285	Kita	Japan	JP	Tokyo	40	35.7526	139.7335	332140	Asia/Tokyo		
3530580	Ciudad Victoria	Mexico	MX	Tamaulipas	28	23.7406	-99.1436	332100	America/Monterrey		
3982912	Soledad de Graciano Sánchez	Mexico	MX	San Luis Potosí	24	22.1891	-100.9379	332072	America/Mexico_City		
1859146	Kochi	Japan	JP	Kochi	20	33.5500	133.5333	332059	Asia/Tokyo		
2949186	Bielefeld	Germany	DE	North Rhine-Westphalia	07	52.0333	8.5333	331906	Europe/Berlin		
1645133	Dumai	Indonesia	ID	Riau	37	1.6671	101.4432	331832	Asia/Jakarta		
2503769	Blida	Algeria	DZ	Blida	20	36.4700	2.8277	331779	Africa/Algiers		
1819595	Kwai Chung	Hong Kong	HK	Kwai Tsing District	NKT	22.3683	114.1388	331600	Asia/Hong_Kong		
1701947	Mandaue City	Philippines	PH	Central Visayas	07	10.3236	123.9222	331320	Asia/Manila		
127319	Khorramshahr	Iran	IR	Khuzestan	15	30.4408	48.1843	330606	Asia/Tehran		
2946447	Bonn	Germany	DE	North Rhine-Westphalia	07	50.7344	7.0955	330579	Europe/Berlin		
1263364	Mathura	India	IN	Uttar Pradesh	36	27.5035	77.6722	330511	Asia/Kolkata		
12358476	Hechi	China	CN	Guangxi	16	24.6928	108.0838	330131	Asia/Shanghai		
3102014	Bydgoszcz	Poland	PL	Kujawsko-Pomorskie	73	53.1235	18.0076	330038	Europe/Warsaw		
491687	Smolensk	Russia	RU	Smolensk Oblast	69	54.7783	32.0509	330025	Europe/Moscow		
608668	Oral	Kazakhstan	KZ	West Kazakhstan	07	51.2460	51.4256	330000	Asia/Oral		
3448136	São Vicente	Brazil	BR	São Paulo	27	-23.9631	-46.3919	329911	America/Sao_Paulo		
127349	Khorramabad	Iran	IR	Lorestan Province	23	33.4878	48.3558	329825	Asia/Tehran		
3451353	Ribeirão das Neves	Brazil	BR	Minas Gerais	15	-19.7669	-44.0867	329794	America/Sao_Paulo		
3583096	Soyapango	El Salvador	SV	San Salvador Department	10	13.7102	-89.1399	329708	America/El_Salvador		
1787824	Tongshan	China	CN	Jiangsu	04	34.1805	117.1571	329661	Asia/Shanghai		
2595778	Guédiawaye	Senegal	SN	Dakar	01	14.7745	-17.4021	329659	Africa/Dakar		
3448632	São José dos Pinhais	Brazil	BR	Paraná	18	-25.5302	-49.2084	329628	America/Sao_Paulo		
728193	Plovdiv	Bulgaria	BG	Plovdiv	51	42.1539	24.7500	329489	Europe/Sofia		
4013704	Ciudad Obregón	Mexico	MX	Sonora	26	27.4864	-109.9408	329404	America/Hermosillo		
1866923	Wŏnsan	North Korea	KP	Kangwŏn-do	09	39.1528	127.4436	329207	Asia/Pyongyang		
2654789	Brent	United Kingdom	GB	England	ENG	51.5531	-0.3023	329100	Europe/London		
1520240	Pavlodar	Kazakhstan	KZ	Pavlodar Region	11	52.2760	76.9688	329002	Asia/Almaty		
1274693	Chānda	India	IN	Maharashtra	16	19.9508	79.2952	328351	Asia/Kolkata		
3467467	Canoas	Brazil	BR	Rio Grande do Sul	23	-29.9178	-51.1836	328291	America/Sao_Paulo		
2112141	Kōriyama	Japan	JP	Fukushima	08	37.4000	140.3833	327692	Asia/Tokyo		
491422	Sochi	Russia	RU	Krasnodar Krai	38	43.5970	39.7248	327608	Europe/Moscow		
324496	Aksaray	Turkey	TR	Aksaray	75	38.3725	34.0254	327575	Europe/Istanbul		
1275701	Vijayapura	India	IN	Karnataka	19	16.8244	75.7154	327427	Asia/Kolkata		
918702	Chipata	Zambia	ZM	Eastern Province	03	-13.6333	32.6500	327059	Africa/Lusaka		
2044757	Chongjin	North Korea	KP	North Hamgyong	17	41.7956	129.7758	327000	Asia/Pyongyang		
2033467	Yanji	China	CN	Jilin	05	42.8882	129.5024	326957	Asia/Shanghai		
936374	Roodepoort	South Africa	ZA	Gauteng	06	-26.1625	27.8725	326416	Africa/Johannesburg		
3693345	Pucallpa	Peru	PE	Ucayali	25	-8.3791	-74.5539	326040	America/Lima		
3457001	Mogi das Cruzes	Brazil	BR	São Paulo	27	-23.5228	-46.1883	325746	America/Sao_Paulo		
2519240	Córdoba	Spain	ES	Andalusia	51	37.8916	-4.7728	325708	Europe/Madrid		
2655613	Birkenhead	United Kingdom	GB	England	ENG	53.3934	-3.0148	325264	Europe/London		
2990969	Nantes	France	FR	Pays de la Loire	52	47.2172	-1.5534	325070	Europe/Paris		
2337704	Ilesa	Nigeria	NG	Osun State	42	7.6279	4.7416	325000	Africa/Lagos		
1209106	Bhatara	Bangladesh	BD	Dhaka Division	81	23.8000	90.4500	324300	Asia/Dhaka		
660158	Espoo	Finland	FI	Uusimaa	01	60.2052	24.6522	323910	Europe/Helsinki		
192126	Kikuyu	Kenya	KE	Kiambu County	22	-1.2463	36.6629	323881	Africa/Nairobi		
1732811	Kluang	Malaysia	MY	Johor	01	2.0305	103.3169	323762	Asia/Kuala_Lumpur		
1803590	Lincang	China	CN	Yunnan	29	23.8797	100.0945	323708	Asia/Shanghai		
2641170	Nottingham	United Kingdom	GB	England	ENG	52.9536	-1.1505	323632	Europe/London		
99608	Al ‘Amārah	Iraq	IQ	Maysan	14	31.8356	47.1448	323302	Asia/Baghdad		
472231	Volzhsky	Russia	RU	Volgograd Oblast	84	48.7858	44.7797	323293	Europe/Volgograd		
6173577	Vaughan	Canada	CA	Ontario	08	43.8361	-79.4983	323103	America/Toronto		
1807566	Xingyi	China	CN	Guizhou	18	25.0962	104.9064	322890	Asia/Shanghai		
3461789	Guarujá	Brazil	BR	São Paulo	27	-23.9931	-46.2564	322750	America/Sao_Paulo		
1256515	Shivamogga	India	IN	Karnataka	19	13.9316	75.5679	322650	Asia/Kolkata		
1278946	Alwar	India	IN	Rajasthan	24	27.5625	76.6250	322568	Asia/Kolkata		
2236568	Uíge	Angola	AO	Uíge	15	-7.6087	15.0613	322531	Africa/Luanda		
3526682	Ixtapaluca	Mexico	MX	México	15	19.3156	-98.8828	322271	America/Mexico_City		
1527534	Osh	Kyrgyzstan	KG	Osh Region	08	40.5283	72.7985	322164	Asia/Bishkek		
3652941	Portoviejo	Ecuador	EC	Manabí	14	-1.0576	-80.4514	321800	America/Guayaquil		
3665900	Villavicencio	Colombia	CO	Meta Department	19	4.1324	-73.6256	321717	America/Bogota		
1874533	Man’gyŏngdae-ri	North Korea	KP	Pyongyang	12	38.9918	125.6587	321690	Asia/Pyongyang		
3701329	San Miguelito	Panama	PA	Panamá	08	9.0503	-79.4707	321501	America/Panama		
3454244	Pelotas	Brazil	BR	Rio Grande do Sul	23	-31.7700	-52.3410	320674	America/Sao_Paulo		
1256728	Shāhjānpur	India	IN	Uttar Pradesh	36	27.8817	79.9092	320434	Asia/Kolkata		
4297983	Lexington	United States	US	Kentucky	KY	37.9887	-84.4777	320347	America/New_York		
6958518	Tantou	China	CN	Guangdong	30	22.7512	113.8350	320304	Asia/Shanghai		
3472287	Anápolis	Brazil	BR	Goiás	29	-16.3267	-48.9528	319587	America/Sao_Paulo		
1876401	Kaech’ŏn	North Korea	KP	South Pyongan	15	39.7006	125.8933	319554	Asia/Pyongyang		
1268773	Jūnāgadh	India	IN	Gujarat	09	21.5197	70.4598	319462	Asia/Kolkata		
2646003	Islington	United Kingdom	GB	England	ENG	51.5362	-0.1030	319143	Europe/London		
3556969	Holguín	Cuba	CU	Holguín Province	12	20.8872	-76.2631	319102	America/Havana		
1520316	Ust-Kamenogorsk	Kazakhstan	KZ	East Kazakhstan	15	49.9714	82.6059	319067	Asia/Almaty		
2239888	Maianga	Angola	AO	Luanda	20	-8.8469	13.2370	319000	Africa/Luanda		
1818209	Tsuen Wan	Hong Kong	HK	Tsuen Wan	NTW	22.3714	114.1133	318916	Asia/Hong_Kong		
2437798	Zinder	Niger	NE	Zinder Region	07	13.8072	8.9881	318874	Africa/Niamey		
498698	Saransk	Russia	RU	Mordoviya Republic	46	54.1848	45.1717	318841	Europe/Moscow		
99762	Al Diwaniyah	Iraq	IQ	Al-Qadisiyah	04	31.9929	44.9255	318801	Asia/Baghdad		
726050	Varna	Bulgaria	BG	Varna	61	43.2191	27.9102	318737	Europe/Sofia		
1177384	Hafizabad	Pakistan	PK	Punjab	04	32.0710	73.6880	318621	Asia/Karachi		
12278193	Marne La Vallée	France	FR	Île-de-France	11	48.8358	2.6424	318325	Europe/Paris		
358448	Damanhur	Egypt	EG	Beheira	03	31.0341	30.4682	318207	Africa/Cairo		
1181096	Chiniot	Pakistan	PK	Punjab	04	31.7209	72.9784	318165	Asia/Karachi		
3671916	Popayán	Colombia	CO	Cauca Department	09	2.4382	-76.6132	318059	America/Bogota		
2639577	Reading	United Kingdom	GB	England	ENG	51.4562	-0.9711	318014	Europe/London		
159908	Geita	Tanzania	TZ	Geita	28	-2.8725	32.2325	318006	Africa/Dar_es_Salaam		
3446682	Taubaté	Brazil	BR	São Paulo	27	-23.0264	-45.5553	317915	America/Sao_Paulo		
680963	Constanţa	Romania	RO	Constanța County	14	44.1807	28.6343	317832	Europe/Bucharest		
1261481	New Delhi	India	IN	Delhi	07	28.6214	77.2148	317797	Asia/Kolkata		
734077	Thessaloníki	Greece	GR	Central Macedonia	ESYE12	40.6407	22.9349	317778	Europe/Athens		
2244802	Thiès	Senegal	SN	Thies	07	14.7894	-16.9260	317763	Africa/Dakar		
1856035	Naha	Japan	JP	Okinawa	47	26.2130	127.6785	317625	Asia/Tokyo		
1631766	Pekalongan	Indonesia	ID	Central Java	07	-6.8886	109.6753	317524	Asia/Jakarta		
8519916	Obolon	Ukraine	UA	Kyiv City	12	50.5132	30.5055	317300	Europe/Kyiv		
5387877	Riverside	United States	US	California	CA	33.9534	-117.3962	317261	America/Los_Angeles		
2038569	Baicheng	China	CN	Jilin	05	45.6175	122.8330	316970	Asia/Shanghai		
3698304	Chimbote	Peru	PE	Ancash	02	-9.0751	-78.5937	316966	America/Lima		
3182351	Bari	Italy	IT	Apulia	13	41.1207	16.8698	316491	Europe/Rome		
3470353	Barueri	Brazil	BR	São Paulo	27	-23.5106	-46.8761	316473	America/Sao_Paulo		
4683416	Corpus Christi	United States	US	Texas	TX	27.8006	-97.3964	316239	America/Chicago		
1254187	Thrissur	India	IN	Kerala	13	10.5167	76.2167	315957	Asia/Kolkata		
569223	Cherepovets	Russia	RU	Vologda Oblast	85	59.1333	37.9000	315738	Europe/Moscow		
3658192	Eloy Alfaro	Ecuador	EC	Guayas	10	-2.1692	-79.8399	315724	America/Guayaquil		
8354626	Hamburg-Nord	Germany	DE	Free and Hanseatic City of Hamburg	04	53.5894	9.9840	315514	Europe/Berlin		
99131	Al-Kut	Iraq	IQ	Wasit	16	32.5128	45.8182	315162	Asia/Baghdad		
1732869	Muar	Malaysia	MY	Johor	01	2.0442	102.5689	314776	Asia/Kuala_Lumpur		
739549	Şişli	Turkey	TR	Istanbul	34	41.0605	28.9872	314684	Europe/Istanbul		
3445451	Várzea Grande	Brazil	BR	Mato Grosso	14	-15.6467	-56.1325	314627	America/Cuiaba		
4297999	Lexington-Fayette	United States	US	Kentucky	KY	38.0498	-84.4586	314488	America/New_York		
2228373	Maroua	Cameroon	CM	Far North	12	10.5909	14.3159	314122	Africa/Douala		
2645425	Kingston upon Hull	United Kingdom	GB	England	ENG	53.7446	-0.3352	314018	Europe/London		
2639912	Preston	United Kingdom	GB	England	ENG	53.7628	-2.7045	313332	Europe/London		
2036434	Lianshan	China	CN	Liaoning	19	40.7643	120.8533	313247	Asia/Shanghai		
317109	Denizli	Turkey	TR	Denizli	20	37.7742	29.0875	313238	Europe/Istanbul		
2338313	Ikeja	Nigeria	NG	Lagos	05	6.5965	3.3420	313196	Africa/Lagos		
7799991	New Cairo	Egypt	EG	Cairo	11	30.0300	31.4700	313139	Africa/Cairo		
8134081	Al Qāhirah al Jadīdah	Egypt	EG		00	30.0421	31.4445	313139	Africa/Cairo		
3444924	Vitória	Brazil	BR	Espírito Santo	08	-20.3194	-40.3378	312656	America/Sao_Paulo		
3673164	Palmira	Colombia	CO	Valle del Cauca Department	29	3.5394	-76.3036	312519	America/Bogota		
472459	Vologda	Russia	RU	Vologda Oblast	85	59.2239	39.8840	312420	Europe/Moscow		
1711082	Iligan City	Philippines	PH	Soccsksargen	12	8.2500	124.4000	312323	Asia/Manila		
3457671	Maringá	Brazil	BR	Paraná	18	-23.4253	-51.9386	311724	America/Sao_Paulo		
2525068	Catania	Italy	IT	Sicily	15	37.4922	15.0704	311584	Europe/Rome		
11962408	Jardim Angela	Brazil	BR	São Paulo	27	-23.7164	-46.7687	311432	America/Sao_Paulo		
1261258	Nizāmābād	India	IN	Telangana	40	18.6715	78.0988	311152	Asia/Kolkata		
4508722	Cincinnati	United States	US	Ohio	OH	39.1271	-84.5144	311097	America/New_York		
1214189	Percut	Indonesia	ID	North Sumatra	26	3.6253	98.8640	311063	Asia/Jakarta		
3530517	Coatzacoalcos	Mexico	MX	Veracruz	30	18.1490	-94.4447	310698	America/Mexico_City		
5392900	Santa Ana	United States	US	California	CA	33.7456	-117.8678	310227	America/Los_Angeles		
1870883	Sariwŏn-si	North Korea	KP	North Hwanghae	07	38.5072	125.7558	310100	Asia/Pyongyang		
1016670	Botshabelo	South Africa	ZA	Free State	03	-29.2674	26.7260	309714	Africa/Johannesburg		
1722186	Butuan	Philippines	PH	Caraga	13	8.9492	125.5436	309709	Asia/Manila		
143860	Shahrīār	Iran	IR	Tehran	26	35.6588	51.0577	309607	Asia/Tehran		
120292	Shahr-e Qods	Iran	IR	Tehran	26	35.7214	51.1090	309605	Asia/Tehran		
9871722	Gia Lâm	Vietnam	VN	Hanoi	01	21.0200	105.9390	309353	Asia/Bangkok		
1501321	Kurgan	Russia	RU	Kurgan Oblast	40	55.4490	65.3434	309285	Asia/Yekaterinburg		
3516355	Tampico	Mexico	MX	Tamaulipas	28	22.2852	-97.8778	309003	America/Monterrey		
2566696	Akowonjo	Nigeria	NG	Lagos	05	6.6101	3.3097	308900	Africa/Lagos		
1721281	Cabuyao	Philippines	PH	Calabarzon	40	14.2726	121.1262	308745	Asia/Manila		
149658	Tabora	Tanzania	TZ	Tabora	17	-5.0162	32.8266	308741	Africa/Dar_es_Salaam		
1859891	Kasugai	Japan	JP	Aichi	01	35.2476	136.9723	308681	Asia/Tokyo		
1594308	An Nhơn	Vietnam	VN	Gia Lai	52	13.8858	109.1082	308396	Asia/Ho_Chi_Minh		
2566676	Alimosho	Nigeria	NG	Lagos	05	6.6066	3.3024	308290	Africa/Lagos		
4003757	Ciudad Benito Juárez	Mexico	MX	Nuevo León	19	25.6472	-100.0958	308285	America/Monterrey		
2873891	Mannheim	Germany	DE	Baden-Wurttemberg	01	49.4891	8.4669	307960	Europe/Berlin		
1641134	Karawang	Indonesia	ID	West Java	30	-6.3053	107.3197	307880	Asia/Jakarta		
2113126	Akita	Japan	JP	Akita	02	39.7167	140.1167	307672	Asia/Tokyo		
3447212	Suzano	Brazil	BR	São Paulo	27	-23.5425	-46.3108	307429	America/Sao_Paulo		
1254089	Tumkūr	India	IN	Karnataka	19	13.3414	77.1022	307359	Asia/Kolkata		
1846052	Chinju	South Korea	KR	Gyeongsangnam-do	20	35.1928	128.0847	307242	Asia/Seoul		
1260341	Parbhani	India	IN	Maharashtra	16	19.2686	76.7708	307170	Asia/Kolkata		
1270022	Hisar	India	IN	Haryana	10	29.1539	75.7229	307024	Asia/Kolkata		
1843491	Iksan	South Korea	KR	Jeollabuk-do	03	35.9439	126.9544	307000	Asia/Seoul		
1271885	Fīrozābād	India	IN	Uttar Pradesh	36	27.1509	78.3978	306409	Asia/Kolkata		
3474574	Palmas	Brazil	BR	Tocantins	31	-10.1675	-48.3277	306296	America/Araguaina		
473249	Vladikavkaz	Russia	RU	North Ossetia–Alania	68	43.0410	44.6699	306258	Europe/Moscow		
3718420	Port-de-Paix	Haiti	HT	Nord-Ouest	03	19.9398	-72.8304	306217	America/Port-au-Prince		
358048	Damietta	Egypt	EG	Damietta	20	31.4165	31.8133	305920	Africa/Cairo		
3429886	Posadas	Argentina	AR	Misiones	14	-27.3918	-55.9238	305874	America/Argentina/Cordoba		
1016181	Brakpan	South Africa	ZA	Gauteng	06	-26.2366	28.3694	305692	Africa/Johannesburg		
5399020	Stockton	United States	US	California	CA	37.9577	-121.2908	305658	America/Los_Angeles		
1848373	Yokkaichi	Japan	JP	Mie	23	34.9667	136.6167	305424	Asia/Tokyo		
1265711	Kulti	India	IN	West Bengal	28	23.7317	86.8437	305405	Asia/Kolkata		
3515463	Tláhuac	Mexico	MX	Mexico City	09	19.2869	-99.0051	305076	America/Mexico_City		
2323675	Sapele	Nigeria	NG	Delta	36	5.8941	5.6767	305000	Africa/Lagos		
5206379	Pittsburgh	United States	US	Pennsylvania	PA	40.4406	-79.9959	304391	America/New_York		
3689560	Armenia	Colombia	CO	Quindío Department	23	4.5366	-75.6726	304314	America/Bogota		
3984583	Santa Catarina	Mexico	MX	Nuevo León	19	25.6732	-100.4581	304052	America/Monterrey		
149703	Sumbawanga	Tanzania	TZ	Rukwa	24	-7.9667	31.6167	303986	Africa/Dar_es_Salaam		
515012	Orël	Russia	RU	Oryol oblast	56	52.9688	36.0791	303696	Europe/Moscow		
1847966	Akashi	Japan	JP	Hyōgo	13	34.6552	135.0069	303601	Asia/Tokyo		
8616127	Hai Bà Trưng	Vietnam	VN	Hanoi	01	21.0134	105.8477	303586	Asia/Bangkok		
1858088	Kurume	Japan	JP	Fukuoka	07	33.3167	130.5167	303579	Asia/Tokyo		
2778067	Graz	Austria	AT	Styria	06	47.0673	15.4420	303270	Europe/Vienna		
5045360	Saint Paul	United States	US	Minnesota	MN	44.9444	-93.0933	303176	America/Chicago		
1572532	Nghi Sơn	Vietnam	VN	Thanh Hóa Province	38	19.3275	105.8214	302210	Asia/Bangkok		
1267708	Karnāl	India	IN	Haryana	10	29.6920	76.9845	302140	Asia/Kolkata		
1815482	Changyi	China	CN	Shandong	25	36.8536	119.3908	302072	Asia/Shanghai		
3439101	Ciudad del Este	Paraguay	PY	Alto Paraná Department	01	-25.5036	-54.6507	301815	America/Asuncion		
350203	Rosetta	Egypt	EG	Beheira	03	31.3995	30.4172	301795	Africa/Cairo		
1277029	Barddhamān	India	IN	West Bengal	28	23.2557	87.8569	301725	Asia/Kolkata		
8572994	Toshima	Japan	JP	Tokyo	40	35.7613	139.7449	301599	Asia/Tokyo		
897045	Solwezi	Zambia	ZM	North-Western	06	-12.1688	26.3894	301370	Africa/Lusaka		
2911288	Hamburg-Mitte	Germany	DE	Free and Hanseatic City of Hamburg	04	53.5500	10.0167	301231	Europe/Berlin		
3106672	Valladolid	Spain	ES	Castille and León	55	41.6554	-4.7235	300618	Europe/Madrid		
1738050	Miri	Malaysia	MY	Sarawak	11	4.3993	113.9916	300543	Asia/Kuching		
1789262	Xinyi	China	CN	Jiangsu	04	34.3842	118.3462	300511	Asia/Shanghai		
1170880	Mardan	Pakistan	PK	Khyber Pakhtunkhwa	03	34.1979	72.0496	300424	Asia/Karachi		
1490624	Surgut	Russia	RU	Khanty-Mansia	32	61.2576	73.4177	300367	Asia/Yekaterinburg		
2636432	Swansea	United Kingdom	GB	Wales	WLS	51.6208	-3.9432	300352	Europe/London		
1688830	San Pablo	Philippines	PH	Calabarzon	40	14.0683	121.3256	300166	Asia/Manila		
2641673	Newcastle upon Tyne	United Kingdom	GB	England	ENG	54.9733	-1.6140	300125	Europe/London		
11679708	Gundupālaiyam	India	IN	Puducherry	22	11.9410	79.8029	300104	Asia/Kolkata		
5959974	Gatineau	Canada	CA	Quebec	10	45.4772	-75.7016	300045	America/Toronto		
1171305	Malir Cantonment	Pakistan	PK	Sindh	05	24.9434	67.2059	300000	Asia/Karachi		
1725115	Biñan	Philippines	PH	Calabarzon	40	14.3427	121.0807	300000	Asia/Manila		
1787323	Yangshuo	China	CN	Guangxi	16	24.7808	110.4897	300000	Asia/Shanghai		
3632308	Mérida	Venezuela	VE	Mérida	14	8.5790	-71.1692	300000	America/Caracas		
363807	Winejok	South Sudan	SS	Northern Bahr al Ghazal	05	9.0122	27.5708	300000	Africa/Juba		
442301	Batikent	Turkey	TR	Ankara	68	39.9683	32.7308	300000	Europe/Istanbul		
1803364	Linqu	China	CN	Shandong	25	36.5156	118.5397	299646	Asia/Shanghai		
3980760	Uruapan	Mexico	MX	Michoacán	16	19.4168	-102.0584	299523	America/Mexico_City		
1282931	Pātan	Nepal	NP	Bagmati Province	3	27.6766	85.3142	299283	Asia/Kathmandu		
1514019	Fergana	Uzbekistan	UZ	Fergana	03	40.3842	71.7843	299200	Asia/Tashkent		
3865086	Bahía Blanca	Argentina	AR	Buenos Aires	01	-38.7176	-62.2655	299101	America/Argentina/Buenos_Aires		
1687687	Santol	Philippines	PH	Central Luzon	03	15.1622	120.5675	298976	Asia/Manila		
2250805	Kaolack	Senegal	SN	Kaolack	10	14.1520	-16.0726	298904	Africa/Dakar		
1642588	Jember	Indonesia	ID	East Java	08	-8.1721	113.6995	298585	Asia/Jakarta		
2130658	Aomori	Japan	JP	Aomori	03	40.8167	140.7333	298394	Asia/Tokyo		
1277065	Bārāsat	India	IN	West Bengal	28	22.7215	88.4820	298127	Asia/Kolkata		
12165955	Mulugu	India	IN	Telangana	40	18.1910	79.9430	297671	Asia/Kolkata		
1275716	Bihār Sharīf	India	IN	Bihar	34	25.2008	85.5239	297268	Asia/Kolkata		
558418	Grozny	Russia	RU	Chechnya	12	43.3120	45.6889	297137	Europe/Moscow		
2316702	Boma	Democratic Republic of the Congo	CD	Bas-Congo	08	-5.8510	13.0536	297009	Africa/Kinshasa		
1277539	Bāli	India	IN	West Bengal	28	22.6486	88.3411	296973	Asia/Kolkata		
1794209	Pu'er	China	CN	Yunnan	29	22.7886	100.9748	296565	Asia/Shanghai		
1258599	Rāmpur	India	IN	Uttar Pradesh	36	28.8101	79.0270	296418	Asia/Kolkata		
1273491	Darbhanga	India	IN	Bihar	34	26.1522	85.8971	296039	Asia/Kolkata		
1260476	Panipat	India	IN	Haryana	10	29.3875	76.9682	295970	Asia/Kolkata		
776069	Białystok	Poland	PL	Podlasie	81	53.1333	23.1643	295683	Europe/Warsaw		
8461573	Mwene	Democratic Republic of the Congo	CD	Lualaba	22	-9.8170	22.8702	295683	Africa/Lubumbashi		
2246512	Rufisque	Senegal	SN	Dakar	01	14.7154	-17.2733	295459	Africa/Dakar		
524305	Murmansk	Russia	RU	Murmansk	49	68.9678	33.0992	295374	Europe/Moscow		
1254360	Tirupati	India	IN	Andhra Pradesh	02	13.6355	79.4199	295323	Asia/Kolkata		
2637433	Southend-on-Sea	United Kingdom	GB	England	ENG	51.5378	0.7143	295310	Europe/London		
5072006	Lincoln	United States	US	Nebraska	NE	40.8000	-96.6670	294757	America/Chicago		
8531735	Phu Quoc	Vietnam	VN	An Giang	91	10.2241	103.9716	294419	Asia/Ho_Chi_Minh		
1817240	Baiyin	China	CN	Gansu	15	36.5470	104.1702	294400	Asia/Shanghai		
2112923	Fukushima	Japan	JP	Fukushima	08	37.7500	140.4667	294237	Asia/Tokyo		
3161732	Bergen	Norway	NO	Vestland	46	60.3930	5.3242	294029	Europe/Oslo		
6954929	Greater Noida	India	IN	Uttar Pradesh	36	28.4962	77.5360	293908	Asia/Kolkata		
7279746	Noida	India	IN	Uttar Pradesh	36	28.5800	77.3300	293908	Asia/Kolkata		
484646	Tambov	Russia	RU	Tambov Oblast	72	52.7363	41.4410	293661	Europe/Moscow		
3105976	Vigo	Spain	ES	Galicia	58	42.2328	-8.7226	293642	Europe/Madrid		
1633118	Palangkaraya	Indonesia	ID	Central Kalimantan	13	-2.2083	113.9167	293500	Asia/Pontianak		
1279186	Aizawl	India	IN	Mizoram	31	23.7289	92.7179	293416	Asia/Kolkata		
8616118	Thanh Xuân	Vietnam	VN	Hanoi	01	20.9947	105.7998	293292	Asia/Bangkok		
109571	Al Hufūf	Saudi Arabia	SA	Eastern Province	06	25.3647	49.5876	293179	Asia/Riyadh		
3530757	Cholula	Mexico	MX	Puebla	21	19.0641	-98.3035	292881	America/Mexico_City		
1271715	Gandhinagar	India	IN	Gujarat	09	23.2167	72.6833	292797	Asia/Kolkata		
1519422	Semey	Kazakhstan	KZ	Abai Region	12510143	50.4206	80.2502	292780	Asia/Almaty		
8616113	Cầu Giấy	Vietnam	VN	Hanoi	01	21.0323	105.8007	292536	Asia/Bangkok		
1272543	Dindigul	India	IN	Tamil Nadu	25	10.3690	77.9804	292512	Asia/Kolkata		
3453186	Ponta Grossa	Brazil	BR	Paraná	18	-25.0950	-50.1619	292177	America/Sao_Paulo		
1810295	Gaozhou	China	CN	Guangdong	30	21.9197	110.8568	292164	Asia/Shanghai		
1175088	Kamoke	Pakistan	PK	Punjab	04	31.9753	74.2230	291980	Asia/Karachi		
3458575	Limeira	Brazil	BR	São Paulo	27	-22.5647	-47.4017	291869	America/Sao_Paulo		
1254649	Thanjavur	India	IN	Tamil Nadu	25	10.7852	79.1391	291067	Asia/Kolkata		
946877	Kariega	South Africa	ZA	Eastern Cape	05	-33.7556	25.4007	291052	Africa/Johannesburg		
325330	Adıyaman	Turkey	TR	Adıyaman Province	02	37.7644	38.2763	290883	Europe/Istanbul		
109101	Al Mubarraz	Saudi Arabia	SA	Eastern Province	06	25.4077	49.5903	290802	Asia/Riyadh		
3429577	Resistencia	Argentina	AR	Chaco	03	-27.4636	-58.9866	290793	America/Argentina/Cordoba		
2111834	Morioka	Japan	JP	Iwate	16	39.7000	141.1500	290700	Asia/Tokyo		
610529	Atyrau	Kazakhstan	KZ	Atyrau Oblisi	06	47.1048	51.8843	290700	Asia/Atyrau		
11048318	Sector 2	Romania	RO	Bucharest	10	44.4528	26.1332	290507	Europe/Bucharest		
1788245	Xiuying	China	CN	Hainan	31	20.0007	110.2936	290000	Asia/Shanghai		
3628473	San Cristóbal	Venezuela	VE	Táchira	20	7.7659	-72.2358	289852	America/Caracas		
1267755	Karīmnagar	India	IN	Telangana	40	18.4392	79.1286	289821	Asia/Kolkata		
6174041	Victoria	Canada	CA	British Columbia	02	48.4359	-123.3516	289625	America/Vancouver		
5879400	Anchorage	United States	US	Alaska	AK	61.2181	-149.9003	289600	America/Anchorage		
1273066	Dewas	India	IN	Madhya Pradesh	35	22.9658	76.0553	289550	Asia/Kolkata		
2505572	Batna	Algeria	DZ	Batna	03	35.5560	6.1741	289504	Africa/Algiers		
598316	Kaunas	Lithuania	LT	Kaunas	57	54.9016	23.9091	289380	Europe/Vilnius		
1255744	Sonīpat	India	IN	Haryana	10	28.9948	77.0194	289333	Asia/Kolkata		
3654533	Machala	Ecuador	EC	El Oro	08	-3.2589	-79.9588	289141	America/Guayaquil		
737071	Zeytinburnu	Turkey	TR	Istanbul	34	40.9944	28.9042	288743	Europe/Istanbul		
4300488	Meads	United States	US	Kentucky	KY	38.4126	-82.7091	288649	America/New_York		
916095	Kabwe	Zambia	ZM	Central Province	02	-14.4469	28.4464	288598	Africa/Lusaka		
1646494	Cileungsir	Indonesia	ID	West Java	30	-6.3947	106.9592	288347	Asia/Jakarta		
2040893	Sinŭiju	North Korea	KP	P'yŏngan-bukto	11	40.1006	124.3981	288112	Asia/Pyongyang		
11790374	Meguro	Japan	JP	Tokyo	40	35.6322	139.7017	288088	Asia/Tokyo		
11048320	Sector 4	Romania	RO	Bucharest	10	44.3757	26.1209	287828	Europe/Bucharest		
1851454	Sumida	Japan	JP	Tokyo	40	35.7329	139.8209	287766	Asia/Tokyo		
1862033	Ibaraki	Japan	JP	Osaka	32	34.8164	135.5683	287730	Asia/Tokyo		
1591449	Bắc Ninh	Vietnam	VN	Bac Ninh	24	21.1861	106.0763	287658	Asia/Bangkok		
1269834	Ichalkaranji	India	IN	Maharashtra	16	16.6912	74.4605	287353	Asia/Kolkata		
2911287	Marienthal	Germany	DE	Free and Hanseatic City of Hamburg	04	53.5667	10.0833	287101	Europe/Berlin		
1570357	Phú Mỹ	Vietnam	VN	Ho Chi Minh City (HCMC)	79	10.6333	107.0667	287055	Asia/Ho_Chi_Minh		
3466489	Ceilândia	Brazil	BR	Federal District	07	-15.8091	-48.1310	287023	America/Sao_Paulo		
3096472	Katowice	Poland	PL	Silesia	83	50.2597	19.0217	286960	Europe/Warsaw		
752850	Adapazarı	Turkey	TR	Sakarya	54	40.7806	30.4033	286787	Europe/Istanbul		
7628419	Sultanbeyli	Turkey	TR	Istanbul	34	40.9607	29.2707	286622	Europe/Istanbul		
681290	Cluj-Napoca	Romania	RO	Cluj County	13	46.7667	23.6000	286598	Europe/Bucharest		
1842030	Gunpo	South Korea	KR	Gyeonggi-do	13	37.3675	126.9469	286485	Asia/Seoul		
877401	Songea	Tanzania	TZ	Ruvuma	14	-10.6833	35.6500	286285	Africa/Dar_es_Salaam		
217562	Butembo	Democratic Republic of the Congo	CD	North Kivu	11	0.1416	29.2912	286242	Africa/Lubumbashi		
3928128	Tacna	Peru	PE	Tacna	23	-18.0146	-70.2536	286240	America/Lima		
3447259	Sumaré	Brazil	BR	São Paulo	27	-22.8219	-47.2669	286211	America/Sao_Paulo		
1575627	Long Xuyên	Vietnam	VN	An Giang	91	10.3864	105.4352	286140	Asia/Ho_Chi_Minh		
1349452	Savar	Bangladesh	BD	Dhaka Division	81	23.8486	90.2500	286008	Asia/Dhaka		
1276070	Bathinda	India	IN	Punjab	23	30.2075	74.9389	285788	Asia/Kolkata		
5505411	Henderson	United States	US	Nevada	NV	36.0397	-114.9819	285667	America/Los_Angeles		
1269395	Jālna	India	IN	Maharashtra	16	19.8410	75.8864	285577	Asia/Kolkata		
11808941	Sekondi	Ghana	GH	Western	09	4.9342	-1.7145	285506	Africa/Accra		
10858926	Kyengera	Uganda	UG	Central Region	C	0.2952	32.5016	285400	Africa/Kampala		
4469146	Greensboro	United States	US	North Carolina	NC	36.0726	-79.7920	285342	America/New_York		
294801	Haifa	Israel	IL	Haifa	04	32.8130	34.9993	285316	Asia/Jerusalem		
2624652	Århus	Denmark	DK	Central Jutland	18	56.1567	10.2108	285273	Europe/Copenhagen		
3445156	Viamão	Brazil	BR	Rio Grande do Sul	23	-30.0811	-51.0233	285269	America/Sao_Paulo		
1812990	Dengzhou	China	CN	Henan	09	32.6827	112.0887	285032	Asia/Shanghai		
1281743	Artux	China	CN	Xinjiang	13	39.7084	76.1797	285000	Asia/Urumqi		
1845136	Chuncheon	South Korea	KR	Gangwon-do	06	37.8747	127.7342	284855	Asia/Seoul		
3487903	Alto Barinas	Venezuela	VE	Barinas	05	8.5931	-70.2261	284289	America/Caracas		
2248477	Mbour	Senegal	SN	Thies	07	14.4220	-16.9638	284189	Africa/Dakar		
2654710	Brighton	United Kingdom	GB	England	ENG	50.8284	-0.1395	283870	Europe/London		
2892794	Karlsruhe	Germany	DE	Baden-Wurttemberg	01	49.0094	8.4044	283799	Europe/Berlin		
2088122	Port Moresby	Papua New Guinea	PG	National Capital	20	-9.4772	147.1509	283733	Pacific/Port_Moresby		
3450083	Santa Maria	Brazil	BR	Rio Grande do Sul	23	-29.6842	-53.8069	283677	America/Sao_Paulo		
360686	Minya	Egypt	EG	Minya	10	28.0919	30.7581	283605	Africa/Cairo		
4719457	Plano	United States	US	Texas	TX	33.0198	-96.6989	283558	America/Chicago		
2112664	Ichihara	Japan	JP	Chiba	04	35.5167	140.0833	283531	Asia/Tokyo		
1798097	Qibao	China	CN	Shanghai	23	31.1527	121.3569	283352	Asia/Shanghai		
10263153	Kirāri Sulemānnagar	India	IN	Delhi	07	28.6974	77.0648	283211	Asia/Kolkata		
1720840	Cainta	Philippines	PH	Calabarzon	40	14.5786	121.1222	283172	Asia/Manila		
3719028	Pétionville	Haiti	HT	Ouest	11	18.5125	-72.2853	283052	America/Port-au-Prince		
1257022	Satna	India	IN	Madhya Pradesh	35	24.5773	80.8272	282977	Asia/Kolkata		
2165798	Geelong	Australia	AU	Victoria	07	-38.1471	144.3607	282809	Australia/Melbourne		
1624494	Tegal	Indonesia	ID	Central Java	07	-6.8694	109.1402	282781	Asia/Jakarta		
710735	Chernihiv	Ukraine	UA	Chernihiv	02	51.5054	31.2866	282747	Europe/Kyiv		
1529046	Xinyuan	China	CN	Xinjiang	13	43.4265	83.2496	282718	Asia/Urumqi		
1588129	Ba Vì	Vietnam	VN	Hanoi	01	21.0833	105.3833	282600	Asia/Bangkok		
3868626	Valparaíso	Chile	CL	Valparaiso	01	-33.0360	-71.6296	282448	America/Santiago		
3938527	Ica	Peru	PE	Ica	11	-14.0754	-75.7342	282407	America/Lima		
1818558	Tin Shui Wai	Hong Kong	HK	Yuen Long	NYL	22.4568	114.0023	282400	Asia/Hong_Kong		
1259166	Purnia	India	IN	Bihar	34	25.7789	87.4742	282248	Asia/Kolkata		
5101798	Newark	United States	US	New Jersey	NJ	40.7357	-74.1724	281944	America/New_York		
3680450	Itagüí	Colombia	CO	Antioquia	02	6.1846	-75.5991	281853	America/Bogota		
3522732	Nicolás Romero	Mexico	MX	México	15	19.6418	-99.3068	281799	America/Mexico_City		
747014	Gebze	Turkey	TR	Kocaeli	41	40.8028	29.4307	281436	Europe/Istanbul		
1043893	Lichinga	Mozambique	MZ	Niassa Province	07	-13.3128	35.2406	281341	Africa/Maputo		
1185117	Narsingdi	Bangladesh	BD	Dhaka Division	81	23.9230	90.7177	281080	Asia/Dhaka		
2467454	Sfax	Tunisia	TN	Sfax Governorate	32	34.7406	10.7603	280566	Africa/Tunis		
3513966	Zumpango	Mexico	MX	México	15	19.7967	-99.0995	280455	America/Mexico_City		
13546520	Solomyansk	Ukraine	UA	Kyiv City	12	50.4284	30.4521	280400	Europe/Kyiv		
11238838	Merkezefendi	Turkey	TR	Denizli	20	37.8054	29.0424	280341	Europe/Istanbul		
5261457	Madison	United States	US	Wisconsin	WI	43.0731	-89.4012	280305	America/Chicago		
1217662	Bukhara	Uzbekistan	UZ	Bukhara	02	39.7703	64.4307	280187	Asia/Samarkand		
2171507	Wollongong	Australia	AU	New South Wales	02	-34.4240	150.8935	280153	Australia/Sydney		
1170395	Mingora	Pakistan	PK	Khyber Pakhtunkhwa	03	34.7795	72.3627	279914	Asia/Karachi		
3444876	Volta Redonda	Brazil	BR	Rio de Janeiro	21	-22.5231	-44.1042	279898	America/Sao_Paulo		
3068799	Ostrava	Czechia	CZ	Moravian-Silesian Region	85	49.8347	18.2820	279791	Europe/Prague		
4407066	St. Louis	United States	US	Missouri	MO	38.6273	-90.1979	279695	America/Chicago		
696643	Poltava	Ukraine	UA	Poltava	18	49.5892	34.5537	279593	Europe/Kyiv		
2343983	Efon-Alaaye	Nigeria	NG	Ekiti State	54	7.6565	4.9223	279319	Africa/Lagos		
1215355	Binjai	Indonesia	ID	North Sumatra	26	3.6001	98.4854	279302	Asia/Jakarta		
509820	Petrozavodsk	Russia	RU	Karelia	28	61.7849	34.3469	279190	Europe/Moscow		
1811720	Enshi	China	CN	Hubei	12	30.3000	109.4833	279185	Asia/Shanghai		
484907	Taganrog	Russia	RU	Rostov	61	47.2363	38.9053	279056	Europe/Moscow		
3627047	Santa Teresa del Tuy	Venezuela	VE	Miranda	15	10.2329	-66.6647	278890	America/Caracas		
6697759	South Dublin	Ireland	IE	Leinster	L	53.2903	-6.3415	278749	Europe/Dublin		
2809346	Wiesbaden	Germany	DE	Hesse	05	50.0860	8.2444	278609	Europe/Berlin		
1568770	Quảng Ngãi	Vietnam	VN	Quang Ngai	51	15.1205	108.7923	278496	Asia/Ho_Chi_Minh		
1216311	Qarshi	Uzbekistan	UZ	Qashqadaryo	08	38.8606	65.7891	278300	Asia/Samarkand		
1793419	Tanghe	China	CN	Henan	09	32.6855	112.8323	278055	Asia/Shanghai		
3530569	Coacalco	Mexico	MX	México	15	19.6292	-99.1069	277959	America/Mexico_City		
3667983	Sincelejo	Colombia	CO	Sucre Department	27	9.3045	-75.3905	277773	America/Bogota		
1783633	Zoucheng	China	CN	Shandong	25	35.4006	116.9656	277400	Asia/Shanghai		
418710	Khomeynī Shahr	Iran	IR	Isfahan	28	32.6856	51.5361	277334	Asia/Tehran		
543878	Kostroma	Russia	RU	Kostroma Oblast	37	57.7664	40.9283	277280	Europe/Moscow		
1269771	Imphal	India	IN	Manipur	17	24.8081	93.9442	277196	Asia/Kolkata		
2288829	Gagnoa	Ivory Coast	CI	Goh-Djiboua	95	6.1319	-5.9506	277044	Africa/Abidjan		
1880159	Ulu Bedok	Singapore	SG		00	1.3333	103.9333	276990	Asia/Singapore		
1884382	Bedok New Town	Singapore	SG		04	1.3264	103.9417	276990	Asia/Singapore		
2325314	Owo	Nigeria	NG	Ondo State	48	7.1962	5.5868	276574	Africa/Lagos		
1835648	Suncheon	South Korea	KR	Jeollanam-do	16	34.9505	127.4878	276375	Asia/Seoul		
12269572	Fangchenggang	China	CN	Guangxi	16	21.7694	108.3566	276315	Asia/Shanghai		
2021851	Komsomolsk-on-Amur	Russia	RU	Khabarovsk	30	50.5503	137.0100	275908	Asia/Vladivostok		
1185056	Abbottabad	Pakistan	PK	Khyber Pakhtunkhwa	03	34.1463	73.2117	275890	Asia/Karachi		
1804866	Kaili	China	CN	Guizhou	18	26.5858	107.9797	275745	Asia/Shanghai		
2130188	Hakodate	Japan	JP	Hokkaido	12	41.7758	140.7367	275730	Asia/Tokyo		
2279755	Yamoussoukro	Ivory Coast	CI	Lacs District	81	6.8205	-5.2767	275686	Africa/Abidjan		
2505854	Bab Ezzouar	Algeria	DZ	Algiers	01	36.7261	3.1829	275630	Africa/Algiers		
2973783	Strasbourg	France	FR	Grand Est	44	48.5839	7.7455	274845	Europe/Paris		
1214204	Pematangsiantar	Indonesia	ID	North Sumatra	26	2.9595	99.0687	274838	Asia/Jakarta		
1257845	Saugor	India	IN	Madhya Pradesh	35	23.8388	78.7387	274556	Asia/Kolkata		
1671467	Neihu	Taiwan	TW	Taiwan	04	25.0815	121.5881	274538	Asia/Taipei		
1849796	Tsu	Japan	JP	Mie	23	34.7333	136.5167	274537	Asia/Tokyo		
8594670	Xingning	China	CN	Guangdong	30	24.1483	115.7227	274499	Asia/Shanghai		
1803331	Linxia Chengguanzhen	China	CN	Gansu	15	35.6003	103.2064	274466	Asia/Shanghai		
706369	Khmelnytskyi	Ukraine	UA	Khmelnytskyi	09	49.4183	26.9794	274452	Europe/Kyiv		
12032137	Kushinagar	India	IN	Uttar Pradesh	36	26.7413	83.8869	274403	Asia/Kolkata		
3654667	Loja	Ecuador	EC	Loja	12	-3.9931	-79.2042	274112	America/Guayaquil		
1818673	Tai Po	Hong Kong	HK	Tai Po	NTP	22.4501	114.1688	274100	Asia/Hong_Kong		
1514896	Isfara	Tajikistan	TJ	Sughd	03	40.1265	70.6253	274000	Asia/Dushanbe		
3347719	Luena	Angola	AO	Moxico	14	-11.7833	19.9167	273675	Africa/Luanda		
1632228	Pasarkemis	Indonesia	ID	West Java	30	-6.1703	106.5303	273659	Asia/Jakarta		
3447186	Taboão da Serra	Brazil	BR	São Paulo	27	-23.6261	-46.7917	273542	America/Sao_Paulo		
1220253	Istaravshan	Tajikistan	TJ	Sughd	03	39.9142	69.0033	273500	Asia/Dushanbe		
1529114	Turpan	China	CN	Xinjiang	13	42.9477	89.1789	273385	Asia/Urumqi		
1258315	Rourkela	India	IN	Odisha	21	22.2250	84.8641	273317	Asia/Kolkata		
1848522	Yao	Japan	JP	Osaka	32	34.6167	135.6000	273213	Asia/Tokyo		
359173	Banī Suwayf	Egypt	EG	Beni Suweif	18	29.0744	31.0979	273151	Africa/Cairo		
1193745	Nagar Naluākot	Bangladesh	BD	Dhaka Division	81	24.1561	90.7728	273000	Asia/Dhaka		
3557689	Guantánamo	Cuba	CU	Guantánamo Province	10	20.1444	-75.2092	272801	America/Havana		
1728930	Baguio	Philippines	PH	Cordillera	15	16.4164	120.5931	272714	Asia/Manila		
3454031	Petrópolis	Brazil	BR	Rio de Janeiro	21	-22.5050	-43.1786	272691	America/Sao_Paulo		
289888	Ar Rayyān	Qatar	QA	Baladiyat ar Rayyan	06	25.2919	51.4244	272465	Asia/Qatar		
965289	Polokwane	South Africa	ZA	Limpopo	09	-23.9045	29.4688	272461	Africa/Johannesburg		
3196359	Ljubljana	Slovenia	SI	Ljubljana	61	46.0511	14.5051	272220	Europe/Ljubljana		
1139715	Jalālābād	Afghanistan	AF	Nangarhar	18	34.4265	70.4515	271900	Asia/Kabul		
170794	Deir ez-Zor	Syria	SY	Deir ez-Zor	07	35.3359	40.1408	271800	Asia/Damascus		
3121424	Gijón	Spain	ES	Asturias	34	43.5357	-5.6615	271780	Europe/Madrid		
106297	Hafar Al-Batin	Saudi Arabia	SA	Eastern Province	06	28.4328	45.9708	271642	Asia/Riyadh		
1860704	Kakogawachō-honmachi	Japan	JP	Hyōgo	13	34.7694	134.8290	271634	Asia/Tokyo		
11048322	Sector 5	Romania	RO	Bucharest	10	44.3881	26.0714	271575	Europe/Bucharest		
9645072	Quận Sáu	Vietnam	VN	Ho Chi Minh City (HCMC)	79	10.7468	106.6490	271050	Asia/Ho_Chi_Minh		
11962376	Capao Redondo	Brazil	BR	São Paulo	27	-23.6688	-46.7805	270767	America/Sao_Paulo		
1574023	Mỹ Tho	Vietnam	VN	Dong Thap	82	10.3600	106.3600	270700	Asia/Ho_Chi_Minh		
2111901	Mito	Japan	JP	Ibaraki	14	36.3500	140.4500	270685	Asia/Tokyo		
2651347	Derby	United Kingdom	GB	England	ENG	52.9228	-1.4766	270468	Europe/London		
339219	Dessie	Ethiopia	ET	Amhara	46	11.1333	39.6333	270400	Africa/Addis_Ababa		
3448744	São José	Brazil	BR	Santa Catarina	26	-27.6153	-48.6275	270299	America/Sao_Paulo		
2867543	Münster	Germany	DE	North Rhine-Westphalia	07	51.9624	7.6257	270184	Europe/Berlin		
1580410	Hạ Long	Vietnam	VN	Quảng Ninh	22	20.9505	107.0734	270054	Asia/Bangkok		
2921466	Gelsenkirchen	Germany	DE	North Rhine-Westphalia	07	51.5051	7.0965	270028	Europe/Berlin		
12492660	Longling County	China	CN	Yunnan	29	24.5866	98.6893	270000	Asia/Shanghai		
710791	Cherkasy	Ukraine	UA	Cherkasy	01	49.4445	32.0574	269836	Europe/Kyiv		
1702540	Malolos	Philippines	PH	Central Luzon	03	14.8443	120.8104	269809	Asia/Manila		
2637487	Southampton	United Kingdom	GB	England	ENG	50.9040	-1.4043	269781	Europe/London		
1732901	Kapar	Malaysia	MY	Selangor	12	3.1333	101.3833	269627	Asia/Kuala_Lumpur		
748879	Çorum	Turkey	TR	Çorum	19	40.5489	34.9533	269595	Europe/Istanbul		
1529435	Ghulja	China	CN	Xinjiang	13	43.9151	81.3215	269158	Asia/Urumqi		
2911293	Eimsbüttel	Germany	DE	Free and Hanseatic City of Hamburg	04	53.5742	9.9568	269118	Europe/Berlin		
3430697	Merlo	Argentina	AR	Buenos Aires	01	-34.6654	-58.7274	268961	America/Argentina/Buenos_Aires		
1884138	Yeosu	South Korea	KR	Jeollanam-do	16	34.7606	127.6621	268823	Asia/Seoul		
1272181	Durg	India	IN	Chhattisgarh	37	21.1915	81.2762	268806	Asia/Kolkata		
1810979	Fuling	China	CN	Chongqing	33	29.7100	107.3939	268658	Asia/Shanghai		
1841066	Mokpo	South Korea	KR	Jeollanam-do	16	34.8128	126.3918	268402	Asia/Seoul		
1283581	Birgañj	Nepal	NP	Madhesh	2	27.0174	84.8805	268273	Asia/Kathmandu		
466806	Yoshkar-Ola	Russia	RU	Mariy-El Republic	45	56.6388	47.8908	268272	Europe/Moscow		
7838895	Russeifa	Jordan	JO	Zarqa	17	32.0178	36.0464	268237	Asia/Amman		
349158	Shibīn al Kawm	Egypt	EG	Monufia	09	30.5526	31.0090	267945	Africa/Cairo		
6317872	Parauapebas	Brazil	BR	Pará	16	-6.0675	-49.9022	267836	America/Belem		
1170295	Mirpur Khas	Pakistan	PK	Sindh	05	25.5276	69.0126	267833	Asia/Karachi		
3682385	Floridablanca	Colombia	CO	Santander Department	26	7.0622	-73.0864	267591	America/Bogota		
1850158	Tokushima	Japan	JP	Tokushima	39	34.0667	134.5667	267345	Asia/Tokyo		
487495	Sterlitamak	Russia	RU	Bashkortostan Republic	08	53.6379	55.9533	267231	Asia/Yekaterinburg		
1278672	Anantapur	India	IN	Andhra Pradesh	02	14.6778	77.6081	267161	Asia/Kolkata		
3392998	Parnamirim	Brazil	BR	Rio Grande do Norte	22	-5.9156	-35.2628	267036	America/Fortaleza		
1841598	Gyeongsan-si	South Korea	KR	Gyeongsangbuk-do	14	35.8233	128.7378	266951	Asia/Seoul		
347796	Sohag	Egypt	EG	Sohag	24	26.5570	31.6948	266944	Africa/Cairo		
1856199	Nagaoka	Japan	JP	Niigata	29	37.4500	138.8500	266936	Asia/Tokyo		
6318632	Sapopemba	Brazil	BR	São Paulo	27	-23.5956	-46.5247	266715	America/Sao_Paulo		
6544100	Eixample	Spain	ES	Catalonia	56	41.3890	2.1618	266477	Europe/Madrid		
1185281	Bagerhat	Bangladesh	BD	Khulna Division	82	22.6566	89.7912	266388	Asia/Dhaka		
1581047	Hà Tĩnh	Vietnam	VN	Hà Tĩnh Province	42	18.3428	105.9057	266321	Asia/Bangkok		
6141256	Saskatoon	Canada	CA	Saskatchewan	11	52.1324	-106.6689	266141	America/Regina		
1786640	Chengzhong	China	CN	Hubei	12	30.9445	113.5528	265886	Asia/Shanghai		
2500017	Djelfa	Algeria	DZ	Djelfa	22	34.6728	3.2630	265833	Africa/Algiers		
5336899	Chula Vista	United States	US	California	CA	32.6401	-117.0842	265757	America/Los_Angeles		
1852225	Shimonoseki	Japan	JP	Yamaguchi	45	33.9555	130.9371	265684	Asia/Tokyo		
5174035	Toledo	United States	US	Ohio	OH	41.6639	-83.5552	265638	America/New_York		
158027	Kibaha	Tanzania	TZ	Pwani	02	-6.7667	38.9167	265360	Africa/Dar_es_Salaam		
2036670	Hulan Ergi	China	CN	Heilongjiang	08	47.2042	123.6333	265344	Asia/Shanghai		
1880216	Tampines Estate	Singapore	SG		00	1.3581	103.9403	265340	Asia/Singapore		
3031582	Bordeaux	France	FR	New Aquitaine	75	44.8412	-0.5805	265328	Europe/Paris		
3247449	Aachen	Germany	DE	North Rhine-Westphalia	07	50.7766	6.0834	265208	Europe/Berlin		
2797656	Gent	Belgium	BE	Flanders	VLG	51.0500	3.7167	265086	Europe/Brussels		
3462089	Gravataí	Brazil	BR	Rio Grande do Sul	23	-29.9422	-50.9928	265074	America/Sao_Paulo		
1701472	Mantampay	Philippines	PH	Northern Mindanao	10	8.1667	124.2167	265032	Asia/Manila		
1258342	Ratlām	India	IN	Madhya Pradesh	35	23.3303	75.0403	264914	Asia/Kolkata		
4004886	Nogales	Mexico	MX	Sonora	26	31.3086	-110.9422	264782	America/Hermosillo		
380148	El Daein	Sudan	SD	Eastern Darfur	60	11.4619	26.1258	264734	Africa/Khartoum		
1812521	Donghai	China	CN	Guangdong	30	22.9459	115.6420	264709	Asia/Shanghai		
36618	Dezfūl	Iran	IR	Khuzestan	15	32.4167	48.2167	264709	Asia/Tehran		
1842025	Gunsan	South Korea	KR	Jeollabuk-do	03	35.9786	126.7114	264656	Asia/Seoul		
3394682	Mossoró	Brazil	BR	Rio Grande do Norte	22	-5.1875	-37.3442	264577	America/Fortaleza		
1258451	Rānipet	India	IN	Tamil Nadu	25	12.9247	79.3333	264330	Asia/Kolkata		
1336142	Brāhmanbāria	Bangladesh	BD	Chittagong	84	23.9746	91.1123	264326	Asia/Dhaka		
2392087	Porto-Novo	Benin	BJ	Ouémé	16	6.4965	2.6036	264320	Africa/Porto-Novo		
710719	Chernivtsi	Ukraine	UA	Chernivtsi	03	48.2904	25.9324	264298	Europe/Kyiv		
5099836	Jersey City	United States	US	New Jersey	NJ	40.7282	-74.0776	264290	America/New_York		
3654410	Manta	Ecuador	EC	Manabí	14	-0.9494	-80.7314	264281	America/Guayaquil		
5511077	Reno	United States	US	Nevada	NV	39.5296	-119.8138	264165	America/Los_Angeles		
2389422	Bégoua	Central African Republic	CF	Ombella-M'Poko	17	4.4544	18.5347	264067	Africa/Bangui		
3652350	Riobamba	Ecuador	EC	Chimborazo Province	06	-1.6651	-78.6589	264048	America/Guayaquil		
300619	Sivas	Turkey	TR	Sivas	58	39.7483	37.0161	264022	Europe/Istanbul		
2633691	Wolverhampton	United Kingdom	GB	England	ENG	52.5855	-2.1230	263700	Europe/London		
1819873	Fanling	Hong Kong	HK	North District	NNO	22.4949	114.1395	263200	Asia/Hong_Kong		
1678836	Chiayi City	Taiwan	TW	Taiwan	04	23.4792	120.4489	263188	Asia/Taipei		
1812228	Dongtai	China	CN	Jiangsu	04	32.8523	120.3095	262873	Asia/Shanghai		
11611632	Fuchū	Japan	JP	Tokyo	40	35.6745	139.4822	262790	Asia/Tokyo		
1881953	Jurong Town	Singapore	SG		05	1.3342	103.7228	262730	Asia/Singapore		
124877	Marāgheh	Iran	IR	East Azerbaijan	33	37.3921	46.2391	262604	Asia/Tehran		
124878	Marāgheh	Iran	IR	Razavi Khorasan	42	35.8292	59.6332	262604	Asia/Tehran		
3429652	Quilmes	Argentina	AR	Buenos Aires	01	-34.7206	-58.2545	262379	America/Argentina/Buenos_Aires		
1863985	Fukui-shi	Japan	JP	Fukui	06	36.0644	136.2226	262328	Asia/Tokyo		
7302826	Lal Bahadur Nagar	India	IN	Telangana	40	17.3477	78.5576	261987	Asia/Kolkata		
2869894	Mönchengladbach	Germany	DE	North Rhine-Westphalia	07	51.1854	6.4417	261742	Europe/Berlin		
13060482	Bagong Silang	Philippines	PH	National Capital Region	NCR	14.7783	121.0449	261729	Asia/Manila		
686967	Zhytomyr	Ukraine	UA	Zhytomyr	27	50.2623	28.6791	261624	Europe/Kyiv		
1529401	Karamay	China	CN	Xinjiang	13	45.5847	84.8872	261445	Asia/Urumqi		
11962429	Sacomã	Brazil	BR	São Paulo	27	-23.6308	-46.5982	261436	America/Sao_Paulo		
1278483	Arrah	India	IN	Bihar	34	25.5563	84.6633	261430	Asia/Kolkata		
2034400	Tongliao	China	CN	Inner Mongolia	20	43.6125	122.2653	261110	Asia/Shanghai		
13546341	Rangel	Angola	AO	Luanda	20	-8.8264	13.2629	261000	Africa/Luanda		
161218	Bariadi	Tanzania	TZ	Simiyu	31	-2.8000	33.9833	260927	Africa/Dar_es_Salaam		
1069166	Antsirabe	Madagascar	MG	Vakinankaratra	12	-19.8659	47.0333	260907	Indian/Antananarivo		
5289282	Chandler	United States	US	Arizona	AZ	33.3062	-111.8413	260828	America/Phoenix		
363619	Yei	South Sudan	SS	Central Equatoria	01	4.0944	30.6764	260720	Africa/Juba		
1514230	Chilanzar	Uzbekistan	UZ	Tashkent	13	41.2819	69.1811	260700	Asia/Tashkent		
634963	Tampere	Finland	FI	Pirkanmaa	06	61.4991	23.7871	260646	Europe/Helsinki		
1062663	Mahajanga	Madagascar	MG	Boeny	41	-15.7167	46.3167	260556	Indian/Antananarivo		
13353696	Minato City	Japan	JP	Tokyo	40	35.6581	139.7515	260486	Asia/Tokyo		
4920423	Fort Wayne	United States	US	Indiana	IN	41.1306	-85.1289	260326	America/Indiana/Indianapolis		
2640194	Plymouth	United Kingdom	GB	England	ENG	50.3715	-4.1430	260203	Europe/London		
1799471	Nianbo	China	CN	Qinghai	06	36.4800	102.4164	260184	Asia/Shanghai		
1277082	Baranagar	India	IN	West Bengal	28	22.6413	88.3773	260072	Asia/Kolkata		
1164709	Skardu	Pakistan	PK	Gilgit-Baltistan	07	35.2979	75.6337	260000	Asia/Karachi		
1701053	Marawi City	Philippines	PH	Autonomous Region in Muslim Mindanao	14	8.0034	124.2840	259993	Asia/Manila		
1882115	Tampines New Town	Singapore	SG		00	1.3492	103.9497	259900	Asia/Singapore		
1512979	Qo‘qon	Uzbekistan	UZ	Fergana	03	40.5286	70.9425	259700	Asia/Tashkent		
11962427	Jardim Sao Luis	Brazil	BR	São Paulo	27	-23.6807	-46.7394	259377	America/Sao_Paulo		
1684712	Tacloban	Philippines	PH	Eastern Visayas	08	11.2433	125.0047	259353	Asia/Manila		
2954172	Augsburg	Germany	DE	Bavaria	02	48.3715	10.8985	259196	Europe/Berlin		
3450909	Rondonópolis	Brazil	BR	Mato Grosso	14	-16.4708	-54.6356	259167	America/Cuiaba		
1815669	Changle	China	CN	Shandong	25	36.7058	118.8275	259161	Asia/Shanghai		
7302833	Gajuwaka	India	IN	Andhra Pradesh	02	17.7000	83.2167	258944	Asia/Kolkata		
2036458	Jining	China	CN	Inner Mongolia	20	41.0275	113.1058	258757	Asia/Shanghai		
2185964	North Shore	New Zealand	NZ	Auckland	E7	-36.8000	174.7500	258697	Pacific/Auckland		
293703	Rishon LeTsiyyon	Israel	IL	Central District	02	31.9710	34.7894	258535	Asia/Jerusalem		
1862462	Hiratsuka	Japan	JP	Kanagawa	19	35.3278	139.3373	258422	Asia/Tokyo		
2636841	Stoke-on-Trent	United Kingdom	GB	England	ENG	53.0042	-2.1854	258366	Europe/London		
3463030	Foz do Iguaçu	Brazil	BR	Paraná	18	-25.5478	-54.5881	258248	America/Sao_Paulo		
5110629	Buffalo	United States	US	New York	NY	42.8865	-78.8784	258071	America/New_York		
3164527	Verona	Italy	IT	Veneto	20	45.4385	10.9938	258031	Europe/Rome		
1584071	Ðà Lạt	Vietnam	VN	Lam Dong	68	11.9465	108.4419	258014	Asia/Ho_Chi_Minh		
3836564	San Salvador de Jujuy	Argentina	AR	Jujuy	10	-24.1928	-65.2934	257970	America/Argentina/Jujuy		
4464368	Durham	United States	US	North Carolina	NC	35.9940	-78.8986	257636	America/New_York		
1881955	Jurong West	Singapore	SG		00	1.3503	103.7228	257470	Asia/Singapore		
1271987	Etāwah	India	IN	Uttar Pradesh	36	26.7762	79.0213	257448	Asia/Kolkata		
3104499	Gasteiz / Vitoria	Spain	ES	Basque Country	59	42.8500	-2.6727	257407	Europe/Madrid		
10942183	Rugao	China	CN	Jiangsu	04	32.3704	120.5765	257400	Asia/Shanghai		
4005775	Gómez Palacio	Mexico	MX	Durango	10	25.5687	-103.4996	257352	America/Monterrey		
3466779	Cascavel	Brazil	BR	Paraná	18	-24.9558	-53.4553	257172	America/Sao_Paulo		
4171563	St. Petersburg	United States	US	Florida	FL	27.7709	-82.6793	257083	America/New_York		
3120619	L'Hospitalet de Llobregat	Spain	ES	Catalonia	56	41.3597	2.1003	257038	Europe/Madrid		
3099424	Gdynia	Poland	PL	Pomerania	82	54.5189	18.5319	257000	Europe/Warsaw		
1646559	Cilacap	Indonesia	ID	Central Java	07	-7.7264	109.0094	256996	Asia/Jakarta		
5359777	Irvine	United States	US	California	CA	33.6695	-117.8231	256927	America/Los_Angeles		
5992996	Kitchener	Canada	CA	Ontario	08	43.4254	-80.5112	256885	America/Toronto		
1793899	Suicheng	China	CN	Jiangsu	04	33.8963	117.9331	256665	Asia/Shanghai		
1800234	Nada	China	CN	Hainan	31	19.5213	109.5790	256652	Asia/Shanghai		
6544489	Latina	Spain	ES	Madrid	29	40.3890	-3.7457	256644	Europe/Madrid		
3997479	Los Mochis	Mexico	MX	Sinaloa	25	25.7910	-108.9982	256613	America/Mazatlan		
2051523	Bratsk	Russia	RU	Irkutsk Oblast	20	56.1325	101.6142	256600	Asia/Irkutsk		
3522210	Pachuca de Soto	Mexico	MX	Hidalgo	13	20.1170	-98.7333	256584	America/Mexico_City		
919009	Chingola	Zambia	ZM	Copperbelt	08	-12.5290	27.8838	256560	Africa/Lusaka		
692194	Sumy	Ukraine	UA	Sumy	21	50.9174	34.7991	256474	Europe/Kyiv		
2642465	Milton Keynes	United Kingdom	GB	England	ENG	52.0417	-0.7558	256385	Europe/London		
3461311	Indaiatuba	Brazil	BR	São Paulo	27	-23.0884	-47.2119	256223	America/Sao_Paulo		
4705349	Laredo	United States	US	Texas	TX	27.5064	-99.5075	256153	America/Chicago		
1002108	Germiston	South Africa	ZA	Gauteng	06	-26.2348	28.1766	255863	Africa/Johannesburg		
3878431	Ñuñoa	Chile	CL	Santiago Metropolitan	12	-33.4474	-70.5828	255823	America/Santiago		
2392204	Parakou	Benin	BJ	Borgou	10	9.3372	2.6303	255478	Africa/Porto-Novo		
215771	Isiro	Democratic Republic of the Congo	CD	Haut-Uele	16	2.7739	27.6160	255409	Africa/Lubumbashi		
116996	Sari	Iran	IR	Māzandarān	35	36.5633	53.0601	255396	Asia/Tehran		
1882316	Woodlands	Singapore	SG		03	1.4380	103.7888	255180	Asia/Singapore		
1215502	Banda Aceh	Indonesia	ID	Aceh	01	5.5417	95.3333	255029	Asia/Jakarta		
3522507	Oaxaca	Mexico	MX	Oaxaca	20	17.0602	-96.7254	255029	America/Mexico_City		
3347019	Mossamedes	Angola	AO	Namibe	13	-15.1961	12.1522	255000	Africa/Luanda		
99106	Al Madīnah	Iraq	IQ	Basra	02	30.9632	47.2700	255000	Asia/Baghdad		
2338106	Ikot Ekpene	Nigeria	NG	Akwa Ibom State	21	5.1819	7.7148	254806	Africa/Lagos		
1787031	Yanzhou	China	CN	Shandong	25	35.5528	116.8286	254788	Asia/Shanghai		
1897007	Hanam	South Korea	KR	Gyeonggi-do	13	37.5400	127.2056	254415	Asia/Seoul		
1608133	Mueang Nonthaburi	Thailand	TH	Nonthaburi	38	13.8607	100.5148	254375	Asia/Bangkok		
1626542	Sorong	Indonesia	ID	Southwest Papua	PD	-0.8796	131.2610	254294	Asia/Jayapura		
2246452	Saint-Louis	Senegal	SN	Saint-Louis	14	16.0179	-16.4896	254171	Africa/Dakar		
1735166	Batu Caves	Malaysia	MY	Selangor	12	3.2380	101.6820	254083	Asia/Kuala_Lumpur		
3456068	Novo Hamburgo	Brazil	BR	Rio Grande do Sul	23	-29.6783	-51.1306	253841	America/Sao_Paulo		
1336134	Cox’s Bāzār	Bangladesh	BD	Chittagong	84	21.4397	92.0096	253788	Asia/Dhaka		
6544493	Carabanchel	Spain	ES	Madrid	29	40.3909	-3.7242	253678	Europe/Madrid		
3465284	Cotia	Brazil	BR	São Paulo	27	-23.6039	-46.9192	253608	America/Sao_Paulo		
293918	Petaẖ Tiqva	Israel	IL	Central District	02	32.0871	34.8875	253529	Asia/Jerusalem		
1513243	Marg‘ilon	Uzbekistan	UZ	Fergana	03	40.4724	71.7246	253500	Asia/Tashkent		
1278903	Ambarnath	India	IN	Maharashtra	16	19.2000	73.1667	253475	Asia/Kolkata		
2394092	Godomè	Benin	BJ	Atlantique	09	6.3895	2.3458	253262	Africa/Porto-Novo		
1262131	Naihāti	India	IN	West Bengal	28	22.8940	88.4152	253221	Asia/Kolkata		
683844	Braşov	Romania	RO	Brașov County	09	45.6486	25.6061	253200	Europe/Bucharest		
1560565	Xuân Lộc	Vietnam	VN	Dong Nai	75	10.9333	107.2333	253140	Asia/Ho_Chi_Minh		
3444914	Vitória da Conquista	Brazil	BR	Bahia	05	-14.8661	-40.8394	253137	America/Bahia		
1804386	Laohekou	China	CN	Hubei	12	32.3858	111.6678	253112	Asia/Shanghai		
962367	Richards Bay	South Africa	ZA	KwaZulu-Natal	02	-28.7830	32.0377	252968	Africa/Johannesburg		
350550	Qina	Egypt	EG	Qena	23	26.1642	32.7267	252883	Africa/Cairo		
1276128	Bharatpur	India	IN	Rajasthan	24	27.2173	77.4901	252838	Asia/Kolkata		
632453	Vantaa	Finland	FI	Uusimaa	01	60.2941	25.0410	252724	Europe/Helsinki		
2735943	Porto	Portugal	PT	Porto	17	41.1485	-8.6110	252687	Europe/Lisbon		
2163355	Hobart	Australia	AU	Tasmania	06	-42.8794	147.3294	252639	Australia/Hobart		
379555	El Fasher	Sudan	SD	Northern Darfur	55	13.6279	25.3494	252609	Africa/Khartoum		
2244799	Thiès Nones	Senegal	SN	Thies	07	14.7833	-16.9667	252320	Africa/Dakar		
2034655	Suihua	China	CN	Heilongjiang	08	46.6481	126.9666	252245	Asia/Shanghai		
3633622	Los Teques	Venezuela	VE	Miranda	15	10.3495	-67.0427	252242	America/Caracas		
3835869	Santiago del Estero	Argentina	AR	Santiago del Estero	22	-27.8005	-64.2629	252192	America/Argentina/Cordoba		
2481700	Sétif	Algeria	DZ	Sétif	12	36.1911	5.4137	252127	Africa/Algiers		
1276609	Begusarai	India	IN	Bihar	34	25.4185	86.1339	252008	Asia/Kolkata		
140044	Borūjerd	Iran	IR	Lorestan Province	23	33.8973	48.7516	251958	Asia/Tehran		
32767	Qarchak	Iran	IR	Tehran	26	35.4287	51.5776	251834	Asia/Tehran		
325303	Afyonkarahisar	Turkey	TR	Afyonkarahisar Province	03	38.7567	30.5433	251799	Europe/Istanbul		
311111	İskenderun	Turkey	TR	Hatay	31	36.5872	36.1735	251682	Europe/Istanbul		
3928245	Santiago de Surco	Peru	PE	Lima region	15	-12.1359	-77.0074	251648	America/Lima		
179330	Thika	Kenya	KE	Nairobi County	05	-1.0333	37.0693	251407	Africa/Nairobi		
1690039	San Fernando	Philippines	PH	Central Luzon	03	15.0343	120.6844	251248	Asia/Manila		
3347353	Menongue	Angola	AO	Cuando Cobango	04	-14.6585	17.6910	251178	Africa/Luanda		
13535744	Holosiyiv	Ukraine	UA	Kyiv City	12	50.3443	30.5518	251021	Europe/Kyiv		
248583	Ḩayy Khildā	Jordan	JO	Amman	16	31.9920	35.8400	251000	Asia/Amman		
333772	Jimma	Ethiopia	ET	Oromiya	51	7.6734	36.8344	250900	Africa/Addis_Ababa		
3462315	Governador Valadares	Brazil	BR	Minas Gerais	15	-18.8511	-41.9494	250878	America/Sao_Paulo		
665087	Timişoara	Romania	RO	Timiș County	36	45.7537	21.2257	250849	Europe/Bucharest		
3464305	Embu das Artes	Brazil	BR	São Paulo	27	-23.6489	-46.8522	250691	America/Sao_Paulo		
3537906	Santa Clara	Cuba	CU	Villa Clara Province	16	22.4071	-79.9658	250512	America/Havana		
2336905	Iwo	Nigeria	NG	Osun State	42	7.6353	4.1816	250443	Africa/Lagos		
3119841	A Coruña	Spain	ES	Galicia	58	43.3713	-8.3960	250438	Europe/Madrid		
1706684	Libertad	Philippines	PH	Caraga	13	8.9442	125.5019	250353	Asia/Manila		
2911296	Altona	Germany	DE	Free and Hanseatic City of Hamburg	04	53.5500	9.9333	250192	Europe/Berlin		
4000900	La Paz	Mexico	MX	Baja California Sur	03	24.1423	-110.3132	250141	America/Mazatlan		
366847	Singa	Sudan	SD	Sennar	58	13.1483	33.9312	250000	Africa/Khartoum		
7280708	Colonia del Valle	Mexico	MX	Mexico City	09	19.3861	-99.1620	250000	America/Mexico_City		
787657	Niš	Serbia	RS	Central Serbia	SE	43.3247	21.9033	250000	Europe/Belgrade		
95005	Kelar	Iraq	IQ	Sulaymaniyah	05	34.6281	45.3185	250000	Asia/Baghdad		
1624725	Tarakan	Indonesia	ID	North Kalimantan	42	3.3133	117.5915	249960	Asia/Makassar		
3872348	San Bernardo	Chile	CL	Santiago Metropolitan	12	-33.5922	-70.6996	249858	America/Santiago		
1851604	Sōka	Japan	JP	Saitama	34	35.8364	139.7996	249645	Asia/Tokyo		
925475	Mzuzu	Malawi	MW	Northern Region	N	-11.4656	34.0207	249564	Africa/Blantyre		
1697846	Navotas	Philippines	PH	National Capital Region	NCR	14.6667	120.9500	249463	Asia/Manila		
1254320	Tiruvottiyūr	India	IN	Tamil Nadu	25	13.1582	80.3018	249446	Asia/Kolkata		
11962392	Cidade Ademar	Brazil	BR	São Paulo	27	-23.6738	-46.6568	249218	America/Sao_Paulo		
5911606	Burnaby	Canada	CA	British Columbia	02	49.2664	-122.9526	249125	America/Vancouver		
5525577	Lubbock	United States	US	Texas	TX	33.5779	-101.8552	249042	America/Chicago		
1582497	Thị Trấn Đông Triều	Vietnam	VN	Quảng Ninh	22	21.0824	106.5138	248896	Asia/Bangkok		
107991	Thuqbah	Saudi Arabia	SA	Eastern Province	06	26.2602	50.2049	248888	Asia/Riyadh		
2110556	Yamagata	Japan	JP	Yamagata	44	38.2333	140.3667	248772	Asia/Tokyo		
3516109	Tehuacán	Mexico	MX	Puebla	21	18.4642	-97.3974	248716	America/Mexico_City		
3640049	Guarenas	Venezuela	VE	Miranda	15	10.4703	-66.6193	248588	America/Caracas		
2992166	Montpellier	France	FR	Occitanie	76	43.6109	3.8763	248252	Europe/Paris		
2336056	Jimeta	Nigeria	NG	Adamawa	35	9.2795	12.4582	248148	Africa/Lagos		
3100946	Częstochowa	Poland	PL	Silesia	83	50.7965	19.1241	248125	Europe/Warsaw		
1271717	Gāndhīdhām	India	IN	Gujarat	09	23.0833	70.1333	247992	Asia/Kolkata		
1816790	Beibei	China	CN	Chongqing	33	29.8274	106.4364	247702	Asia/Shanghai		
1321937	Insein	Myanmar	MM	Yangon	17	16.8887	96.1026	247675	Asia/Yangon		
2634341	City of Westminster	United Kingdom	GB	England	ENG	51.4975	-0.1357	247614	Europe/London		
5295903	Gilbert	United States	US	Arizona	AZ	33.3528	-111.7890	247542	America/Phoenix		
2940132	Chemnitz	Germany	DE	Saxony	13	50.8357	12.9292	247220	Europe/Berlin		
3841956	Paraná	Argentina	AR	Entre Rios	08	-31.7327	-60.5290	247139	America/Argentina/Cordoba		
3583446	San Miguel	El Salvador	SV	San Miguel Department	09	13.4826	-88.1821	247126	America/El_Salvador		
1630634	Probolinggo	Indonesia	ID	East Java	08	-7.7543	113.2159	246980	Asia/Jakarta		
1916862	Shijie	China	CN	Guangdong	30	23.0955	113.7919	246960	Asia/Shanghai		
145778	Chitato	Angola	AO	Luanda Norte	17	-7.3000	20.7333	246880	Africa/Luanda		
514734	Orsk	Russia	RU	Orenburg Oblast	55	51.2321	58.4880	246836	Asia/Yekaterinburg		
944986	Vanderbijlpark	South Africa	ZA	Gauteng	06	-26.7117	27.8379	246754	Africa/Johannesburg		
3645213	Coro	Venezuela	VE	Falcón	11	11.4077	-69.6782	246657	America/Caracas		
3472343	Americana	Brazil	BR	São Paulo	27	-22.7392	-47.3314	246655	America/Sao_Paulo		
2891122	Kiel	Germany	DE	Schleswig-Holstein	10	54.3213	10.1349	246601	Europe/Berlin		
3465927	Colombo	Brazil	BR	Paraná	18	-25.2917	-49.2242	246540	America/Sao_Paulo		
1529484	Hami	China	CN	Xinjiang	13	42.8339	93.5060	246373	Asia/Urumqi		
933773	Gaborone	Botswana	BW	Gaborone	14	-24.6545	25.9086	246325	Africa/Gaborone		
353229	Al ‘Āshir min Ramaḑān	Egypt	EG	Sharqia	14	30.2964	31.7463	246148	Africa/Cairo		
1626916	Singkawang	Indonesia	ID	West Kalimantan	11	0.9093	108.9846	246112	Asia/Pontianak		
1263311	Mau	India	IN	Uttar Pradesh	36	25.9417	83.5611	246050	Asia/Kolkata		
3874960	Puerto Montt	Chile	CL	Los Lagos Region	14	-41.4693	-72.9424	245902	America/Santiago		
2641430	Northampton	United Kingdom	GB	England	ENG	52.2500	-0.8833	245899	Europe/London		
3937513	Juliaca	Peru	PE	Puno	21	-15.5000	-70.1333	245675	America/Lima		
1864134	Fuji	Japan	JP	Shizuoka	37	35.1667	138.6833	245392	Asia/Tokyo		
1841603	Gyeongju	South Korea	KR	Gyeongsangbuk-do	14	35.8428	129.2117	245365	Asia/Seoul		
2281606	Sinfra	Ivory Coast	CI	Zanzan District	92	6.6210	-5.9114	245226	Africa/Abidjan		
485239	Syktyvkar	Russia	RU	Komi	34	61.6639	50.8163	245083	Europe/Moscow		
132892	Gorgān	Iran	IR	Golestan	37	36.8427	54.4439	244937	Asia/Tehran		
1497543	Nizhnevartovsk	Russia	RU	Khanty-Mansia	32	60.9344	76.5531	244937	Asia/Yekaterinburg		
2755251	Groningen	The Netherlands	NL	Groningen	04	53.2192	6.5667	244807	Europe/Amsterdam		
1283582	Biratnagar	Nepal	NP	Koshi	1	26.4550	87.2701	244750	Asia/Kathmandu		
2945024	Braunschweig	Germany	DE	Lower Saxony	06	52.2659	10.5267	244715	Europe/Berlin		
3625542	Valera	Venezuela	VE	Trujillo	21	9.3178	-70.6036	244708	America/Caracas		
7289760	Sengkang New Town	Singapore	SG		02	1.3917	103.8944	244600	Asia/Singapore		
3388441	São José de Ribamar	Brazil	BR	Maranhão	13	-2.5557	-44.0599	244579	America/Fortaleza		
1256320	Sīkar	India	IN	Rajasthan	24	27.6121	75.1400	244497	Asia/Kolkata		
1300466	Bago	Myanmar	MM	Bago Region	16	17.3352	96.4814	244376	Asia/Yangon		
3648439	Baruta	Venezuela	VE	Miranda	15	10.4342	-66.8756	244216	America/Caracas		
3112737	Puente de Vallecas	Spain	ES	Madrid	29	40.3935	-3.6620	244151	Europe/Madrid		
3458142	Magé	Brazil	BR	Rio de Janeiro	21	-22.6528	-43.0406	244092	America/Sao_Paulo		
738648	Trabzon	Turkey	TR	Trabzon	61	41.0050	39.7269	244083	Europe/Istanbul		
7289169	Tri-Cities	United States	US	Washington	WA	46.2454	-119.1962	244036	America/Los_Angeles		
13546343	Sambizanga	Angola	AO	Luanda	20	-8.7888	13.2751	244000	Africa/Luanda		
1336140	Jessore	Bangladesh	BD	Khulna Division	82	23.1697	89.2137	243987	Asia/Dhaka		
304827	Manisa	Turkey	TR	Manisa	45	38.6120	27.4265	243971	Europe/Istanbul		
695594	Rivne	Ukraine	UA	Rivne	19	50.6204	26.2370	243873	Europe/Kyiv		
3407327	Arapiraca	Brazil	BR	Alagoas	02	-9.7525	-36.6611	243661	America/Maceio		
12042053	Musaffah	United Arab Emirates	AE	Abu Dhabi	01	24.3589	54.4827	243341	Asia/Dubai		
11962395	Brasilandia	Brazil	BR	São Paulo	27	-23.4486	-46.6884	243273	America/Sao_Paulo		
1852899	Sasebo	Japan	JP	Nagasaki	27	33.1683	129.7250	243223	Asia/Tokyo		
2027667	Angarsk	Russia	RU	Irkutsk Oblast	20	52.5597	103.9141	243158	Asia/Irkutsk		
529237	Mar’ino	Russia	RU	Moscow	48	55.6500	37.7167	243000	Europe/Moscow		
8347656	Ramagundam	India	IN	Telangana	40	18.7550	79.4740	242979	Asia/Kolkata		
1270393	Hāpur	India	IN	Uttar Pradesh	36	28.7298	77.7807	242920	Asia/Kolkata		
1864624	Chigasaki	Japan	JP	Kanagawa	19	35.3364	139.4043	242798	Asia/Tokyo		
1864518	Chōfu	Japan	JP	Tokyo	40	35.6592	139.5484	242614	Asia/Tokyo		
1806988	Huayin	China	CN	Shaanxi	26	34.5653	110.0664	242488	Asia/Shanghai		
64435	Berbera	Somalia	SO	Woqooyi Galbeed	20	10.4396	45.0143	242344	Africa/Mogadishu		
1805012	Jiyuan	China	CN	Henan	09	35.0891	112.5881	242143	Asia/Shanghai		
11611478	Yamato	Japan	JP	Kanagawa	19	35.4728	139.4510	242065	Asia/Tokyo		
2284647	Man	Ivory Coast	CI	Montagnes	78	7.4125	-7.5538	241969	Africa/Abidjan		
1183883	Bahawalnagar	Pakistan	PK	Punjab	04	29.9983	73.2527	241873	Asia/Karachi		
518255	Novorossiysk	Russia	RU	Krasnodar Krai	38	44.7319	37.7618	241856	Europe/Moscow		
2110681	Tsukuba	Japan	JP	Ibaraki	14	36.0833	140.1167	241656	Asia/Tokyo		
3899361	Arica	Chile	CL	Arica y Parinacota Region	16	-18.4755	-70.3006	241653	America/Santiago		
3876682	Peñalolén	Chile	CL	Santiago Metropolitan	12	-33.4684	-70.5341	241599	America/Santiago		
1581326	Hải Dương	Vietnam	VN	Hai Phong	31	20.9410	106.3330	241373	Asia/Bangkok		
4499612	Winston-Salem	United States	US	North Carolina	NC	36.0999	-80.2442	241218	America/New_York		
1271942	Farrukhābād	India	IN	Uttar Pradesh	36	27.3913	79.5793	241152	Asia/Kolkata		
1857519	Matsumoto	Japan	JP	Nagano	26	36.2333	137.9667	241145	Asia/Tokyo		
7628420	Sancaktepe	Turkey	TR	Istanbul	34	41.0024	29.2319	241000	Europe/Istanbul		
1278985	Alappuzha	India	IN	Kerala	13	9.4900	76.3264	240991	Asia/Kolkata		
3460718	Itapevi	Brazil	BR	São Paulo	27	-23.5489	-46.9342	240961	America/Sao_Paulo		
1267480	Katihar	India	IN	Bihar	34	25.5385	87.5704	240838	Asia/Kolkata		
3457692	Marília	Brazil	BR	São Paulo	27	-22.2139	-49.9458	240590	America/Sao_Paulo		
147622	Lankaran	Azerbaijan	AZ	Lənkəran	29	38.7543	48.8506	240300	Asia/Baku		
3645527	Ciudad Ojeda	Venezuela	VE	Zulia	23	10.2016	-71.3148	240283	America/Caracas		
5295985	Glendale	United States	US	Arizona	AZ	33.5386	-112.1860	240126	America/Phoenix		
11790632	Bunkyo	Japan	JP	Kanagawa	19	35.5331	139.4217	240069	Asia/Tokyo		
3460950	Itaboraí	Brazil	BR	Rio de Janeiro	21	-22.7444	-42.8594	240040	America/Sao_Paulo		
1732905	Klang	Malaysia	MY	Selangor	12	3.0367	101.4433	240016	Asia/Kuala_Lumpur		
32900	Golestān	Iran	IR	Tehran	26	35.5183	51.1819	240000	Asia/Tehran		
3569175	Almendares	Cuba	CU	Havana	02	23.1101	-82.4232	240000	America/Havana		
688758	Vyhurivshchyna-Troyeshchyna	Ukraine	UA	Kyiv City	12	50.5114	30.6025	240000	Europe/Kyiv		
550280	Khimki	Russia	RU	Moscow Oblast	47	55.9001	37.4285	239967	Europe/Moscow		
707753	Horlivka	Ukraine	UA	Donetsk	05	48.2999	38.0171	239828	Europe/Kyiv		
1035025	Nacala	Mozambique	MZ	Nampula	06	-14.5626	40.6854	239808	Africa/Maputo		
1790371	Xiantao	China	CN	Hubei	12	30.3708	113.4429	239406	Asia/Shanghai		
523523	Nalchik	Russia	RU	Kabardino-Balkariya Republic	22	43.4981	43.6189	239300	Europe/Moscow		
2130203	Hachinohe	Japan	JP	Aomori	03	40.5000	141.5000	239046	Asia/Tokyo		
1839652	Osan	South Korea	KR	Gyeonggi-do	13	37.1522	127.0706	238788	Asia/Seoul		
3121969	Fuencarral	Spain	ES	Madrid	29	40.5000	-3.6833	238765	Europe/Madrid		
2998324	Lille	France	FR	Hauts-de-France	32	50.6339	3.0551	238695	Europe/Paris		
6697563	Neyagawa	Japan	JP	Osaka	32	34.7662	135.6276	238549	Asia/Tokyo		
1697018	Ormoc	Philippines	PH	Eastern Visayas	08	11.0064	124.6075	238545	Asia/Manila		
3523760	Magdalena Contreras	Mexico	MX	Mexico City	09	19.3321	-99.2112	238431	America/Mexico_City		
1185159	Nāgarpur	Bangladesh	BD	Dhaka Division	81	24.0578	89.8770	238422	Asia/Dhaka		
158214	Kasulu	Tanzania	TZ	Kigoma	05	-4.5767	30.1025	238321	Africa/Dar_es_Salaam		
2224827	Ngaoundéré	Cameroon	CM	Adamaoua	10	7.3277	13.5847	238196	Africa/Douala		
707471	Ivano-Frankivsk	Ukraine	UA	Ivano-Frankivsk	06	48.9231	24.7125	238196	Europe/Kyiv		
3468615	Cabo Frio	Brazil	BR	Rio de Janeiro	21	-22.8872	-42.0262	238166	America/Sao_Paulo		
322165	Balıkesir	Turkey	TR	Balıkesir	10	39.6492	27.8861	238151	Europe/Istanbul		
3870011	Temuco	Chile	CL	Araucania	04	-38.7363	-72.5974	238129	America/Santiago		
4776222	Norfolk	United States	US	Virginia	VA	36.8468	-76.2852	238005	America/New_York		
2884509	Krefeld	Germany	DE	North Rhine-Westphalia	07	51.3364	6.5538	237984	Europe/Berlin		
2911522	Halle (Saale)	Germany	DE	Saxony-Anhalt	14	51.4816	11.9795	237865	Europe/Berlin		
3397154	Juazeiro	Brazil	BR	Bahia	05	-9.4117	-40.4986	237821	America/Bahia		
1271685	Sri Ganganagar	India	IN	Rajasthan	24	29.9201	73.8750	237780	Asia/Kolkata		
1329221	Amarapura	Myanmar	MM	Mandalay Region	08	21.9071	96.0489	237618	Asia/Yangon		
143534	Āmol	Iran	IR	Māzandarān	35	36.4696	52.3507	237528	Asia/Tehran		
3370356	Athlone	South Africa	ZA	Western Cape	11	-33.9672	18.5021	237414	Africa/Johannesburg		
1726280	Batangas	Philippines	PH	Calabarzon	40	13.7567	121.0584	237370	Asia/Manila		
109435	Al Jubayl	Saudi Arabia	SA	Eastern Province	06	27.0174	49.6225	237274	Asia/Riyadh		
1868144	Tŏkch’ŏn	North Korea	KP	South Pyongan	15	39.7526	126.2580	237133	Asia/Pyongyang		
2641022	Oldham	United Kingdom	GB	England	ENG	53.5405	-2.1183	237110	Europe/London		
1328421	Pathein	Myanmar	MM	Ayeyarwady	03	16.7792	94.7321	237089	Asia/Yangon		
4158476	Hialeah	United States	US	Florida	FL	25.8576	-80.2781	237069	America/New_York		
1185099	Sylhet	Bangladesh	BD	Sylhet Division	86	24.8990	91.8720	237000	Asia/Dhaka		
3363094	Paarl	South Africa	ZA	Western Cape	11	-33.7338	18.9752	236910	Africa/Johannesburg		
4693003	Garland	United States	US	Texas	TX	32.9126	-96.6389	236897	America/Chicago		
3193044	Podgorica	Montenegro	ME	Podgorica	16	42.4412	19.2631	236852	Europe/Podgorica		
5313457	Scottsdale	United States	US	Arizona	AZ	33.5092	-111.8990	236839	America/Phoenix		
4700168	Irving	United States	US	Texas	TX	32.8140	-96.9489	236607	America/Chicago		
1105777	Centurion	South Africa	ZA	Gauteng	06	-25.8589	28.1858	236580	Africa/Johannesburg		
1786731	Qingzhou	China	CN	Shandong	25	36.6967	118.4797	236406	Asia/Shanghai		
9478811	Pākdasht	Iran	IR	Tehran	26	35.4785	51.6834	236319	Asia/Tehran		
10941913	Kajang	Malaysia	MY	Selangor	12	2.9942	101.7887	236240	Asia/Kuala_Lumpur		
1214369	Padangsidempuan	Indonesia	ID	North Sumatra	26	1.3795	99.2715	236217	Asia/Jakarta		
3467722	Campo Limpo	Brazil	BR	São Paulo	27	-23.6363	-46.7657	236162	America/Sao_Paulo		
1785974	Yuci	China	CN	Shanxi	24	37.6803	112.7319	235929	Asia/Shanghai		
2874545	Magdeburg	Germany	DE	Saxony-Anhalt	14	52.1313	11.6319	235775	Europe/Berlin		
6544105	Sant Martí	Spain	ES	Catalonia	56	41.4181	2.1993	235719	Europe/Madrid		
2756253	Eindhoven	The Netherlands	NL	North Brabant	06	51.4408	5.4778	235691	Europe/Amsterdam		
5586437	Boise	United States	US	Idaho	ID	43.6135	-116.2035	235684	America/Boise		
1258182	Rewa	India	IN	Madhya Pradesh	35	24.5326	81.2923	235654	Asia/Kolkata		
2013159	Yakutsk	Russia	RU	Sakha	63	62.0311	129.7229	235600	Asia/Yakutsk		
8521718	Bole	China	CN	Xinjiang	13	44.8933	82.0699	235585	Asia/Shanghai		
1169605	Muzaffargarh	Pakistan	PK	Punjab	04	30.0726	71.1938	235541	Asia/Karachi		
4752186	Chesapeake	United States	US	Virginia	VA	36.8190	-76.2749	235429	America/New_York		
1253880	Uluberiya	India	IN	West Bengal	28	22.4756	88.0990	235345	Asia/Kolkata		
1814093	Dali	China	CN	Yunnan	29	25.5847	100.2123	235305	Asia/Shanghai		
418606	Najafābād	Iran	IR	Isfahan	28	32.6346	51.3653	235281	Asia/Tehran		
8594709	Thành Phố Bà Rịa	Vietnam	VN	Ho Chi Minh City (HCMC)	79	10.4963	107.1685	235192	Asia/Ho_Chi_Minh		
1640660	Kediri	Indonesia	ID	East Java	08	-7.8167	112.0167	235143	Asia/Jakarta		
3378644	Georgetown	Guyana	GY	Demerara-Mahaica	12	6.8045	-58.1553	235017	America/Guyana		
55671	Kismayo	Somalia	SO	Lower Juba	09	-0.3582	42.5454	234852	Africa/Mogadishu		
5509403	North Las Vegas	United States	US	Nevada	NV	36.1989	-115.1175	234807	America/Los_Angeles		
2518559	Elche	Spain	ES	Valencia	60	38.2622	-0.7011	234765	Europe/Madrid		
1255947	Sivakasi	India	IN	Tamil Nadu	25	9.4500	77.7980	234704	Asia/Kolkata		
212902	Kindu	Democratic Republic of the Congo	CD	Maniema	10	-2.9437	25.9224	234651	Africa/Lubumbashi		
3395473	Maracanaú	Brazil	BR	Ceará	06	-3.8767	-38.6256	234509	America/Fortaleza		
521118	Nizhnekamsk	Russia	RU	Tatarstan Republic	73	55.6379	51.8150	234297	Europe/Moscow		
3461655	Hortolândia	Brazil	BR	São Paulo	27	-22.8583	-47.2200	234259	America/Sao_Paulo		
1267648	Karur	India	IN	Tamil Nadu	25	10.9577	78.0810	234191	Asia/Kolkata		
1637158	Lubuklinggau	Indonesia	ID	South Sumatra	32	-3.2945	102.8614	234166	Asia/Jakarta		
680332	Craiova	Romania	RO	Dolj	17	44.3167	23.8000	234140	Europe/Bucharest		
1259012	Rāichūr	India	IN	Karnataka	19	16.2055	77.3557	234073	Asia/Kolkata		
1260692	Pallāvaram	India	IN	Tamil Nadu	25	12.9680	80.1502	233984	Asia/Kolkata		
1665221	Yongkang	Taiwan	TW	Taiwan	04	23.0244	120.2556	233730	Asia/Taipei		
2517117	Granada	Spain	ES	Andalusia	51	37.1882	-3.6067	233532	Europe/Madrid		
1253993	Ooty	India	IN	Tamil Nadu	25	11.4134	76.6952	233426	Asia/Kolkata		
1853303	Saga	Japan	JP	Saga	33	33.2333	130.3000	233301	Asia/Tokyo		
1684269	Magugpo Poblacion	Philippines	PH	Davao Region	11	7.4475	125.8046	233254	Asia/Manila		
563708	Dzerzhinsk	Russia	RU	Nizhny Novgorod Oblast	51	56.2442	43.4554	233126	Europe/Moscow		
1028918	Pemba	Mozambique	MZ	Cabo Delgado Province	01	-12.9740	40.5177	232932	Africa/Maputo		
11101805	Geoje	South Korea	KR	Gyeongsangnam-do	20	34.8138	128.7056	232921	Asia/Seoul		
1735459	Teluk Intan	Malaysia	MY	Perak	07	4.0222	101.0208	232800	Asia/Kuala_Lumpur		
149879	Singida	Tanzania	TZ	Singida	16	-4.8163	34.7436	232459	Africa/Dar_es_Salaam		
157738	Kigoma	Tanzania	TZ	Kigoma	05	-4.8769	29.6267	232388	Africa/Dar_es_Salaam		
5350734	Fremont	United States	US	California	CA	37.5483	-121.9886	232206	America/Los_Angeles		
1771298	Kampong Baharu Cheras Batu Sebelas	Malaysia	MY	Selangor	12	3.0500	101.7667	232100	Asia/Kuala_Lumpur		
1280957	Jiayuguan	China	CN	Gansu	15	39.8112	98.2862	231853	Asia/Shanghai		
1682598	Taytay	Philippines	PH	Calabarzon	40	14.5588	121.1329	231460	Asia/Manila		
13589354	Phổ Yên	Vietnam	VN	Thai Nguyen	19	21.4198	105.8899	231363	Asia/Bangkok		
3843123	Neuquén	Argentina	AR	Neuquen	15	-38.9508	-68.0592	231198	America/Argentina/Salta		
3464688	Divinópolis	Brazil	BR	Minas Gerais	15	-20.1436	-44.8907	231091	America/Sao_Paulo		
1219649	Türkmenabat	Turkmenistan	TM	Lebap	04	39.0733	63.5786	230861	Asia/Ashgabat		
11808021	Shibuya	Japan	JP	Tokyo	40	35.6589	139.7066	230609	Asia/Tokyo		
1567621	Sơn Tây	Vietnam	VN	Hanoi	01	21.1405	105.5069	230577	Asia/Bangkok		
1571951	Ninh Hòa	Vietnam	VN	Khanh Hoa	56	12.4919	109.1249	230566	Asia/Ho_Chi_Minh		
1736372	Pasir Mas	Malaysia	MY	Kelantan	03	6.0493	102.1399	230424	Asia/Kuala_Lumpur		
1630328	Purwokerto	Indonesia	ID	Central Java	07	-7.4214	109.2344	230235	Asia/Jakarta		
12076997	José C. Paz	Argentina	AR	Buenos Aires	01	-34.5154	-58.7681	230208	America/Argentina/Buenos_Aires		
54225	Marka	Somalia	SO	Lower Shabeelle	14	1.7159	44.7717	230100	Africa/Mogadishu		
1260716	Pāli	India	IN	Rajasthan	24	25.7728	73.3234	230075	Asia/Kolkata		
2349019	Atani	Nigeria	NG	Anambra	25	6.0128	6.7477	230000	Africa/Lagos		
355795	Ḩalwān	Egypt	EG	Cairo	11	29.8414	31.3008	230000	Africa/Cairo		
701822	Mariupol	Ukraine	UA	Donetsk	05	47.0951	37.5413	230000	Europe/Kyiv		
7843638	Changzheng	China	CN	Shanghai	23	31.2391	121.3678	229925	Asia/Shanghai		
1859884	Kasukabe	Japan	JP	Saitama	34	35.9831	139.7497	229792	Asia/Tokyo		
2970479	Paris 15 Vaugirard	France	FR	Île-de-France	11	48.8412	2.3003	229713	Europe/Paris		
6182962	Windsor	Canada	CA	Ontario	08	42.3001	-83.0165	229660	America/Toronto		
1269934	Hosūr	India	IN	Tamil Nadu	25	12.7365	77.8326	229528	Asia/Kolkata		
5811696	Spokane	United States	US	Washington	WA	47.6597	-117.4291	229447	America/Los_Angeles		
266826	Tripoli	Lebanon	LB	North Lebanon	09	34.4335	35.8441	229398	Asia/Beirut		
6059891	Longueuil	Canada	CA	Quebec	10	45.5152	-73.4682	229330	America/Toronto		
741100	Ordu	Turkey	TR	Ordu	52	40.9778	37.8905	229214	Europe/Istanbul		
3805673	San Fernando de Apure	Venezuela	VE	Apure	03	7.8896	-67.4718	229197	America/Caracas		
3727135	Croix-des-Bouquets	Haiti	HT	Ouest	11	18.5768	-72.2262	229127	America/Port-au-Prince		
1705357	Lucena	Philippines	PH	Calabarzon	40	13.9314	121.6172	228758	Asia/Manila		
3461144	Ipatinga	Brazil	BR	Minas Gerais	15	-19.4683	-42.5367	228746	America/Sao_Paulo		
1253084	Vizianagaram	India	IN	Andhra Pradesh	02	18.1169	83.4115	228720	Asia/Kolkata		
1805733	Jinchang	China	CN	Gansu	15	38.5006	102.1938	228561	Asia/Shanghai		
1571058	Phan Thiết	Vietnam	VN	Lam Dong	68	10.9289	108.1021	228536	Asia/Ho_Chi_Minh		
294071	Netanya	Israel	IL	Central District	02	32.3329	34.8599	228204	Asia/Jerusalem		
3124964	Ciudad Lineal	Spain	ES	Madrid	29	40.4451	-3.6513	228171	Europe/Madrid		
1699802	Meycauayan	Philippines	PH	Central Luzon	03	14.7369	120.9608	228023	Asia/Manila		
2350434	Aliayabiagba	Nigeria	NG	Lagos	05	6.4500	3.3333	228000	Africa/Lagos		
2655775	Bexley	United Kingdom	GB	England	ENG	51.4416	0.1487	228000	Europe/London		
3571824	Nassau	Bahamas	BS	New Providence	23	25.0582	-77.3431	227940	America/Nassau		
3437056	San Lorenzo	Paraguay	PY	Central Department	06	-25.3397	-57.5088	227876	America/Asuncion		
2983990	Rennes	France	FR	Brittany	53	48.1111	-1.6743	227830	Europe/Paris		
2542051	Mohammedia	Morocco	MA	Casablanca-Settat	06	33.6861	-7.3830	227799	Africa/Casablanca		
3639898	Guatire	Venezuela	VE	Miranda	15	10.4740	-66.5424	227666	America/Caracas		
1624863	Tanjung Pinang	Indonesia	ID	Riau Islands	40	0.9167	104.4583	227663	Asia/Jakarta		
1881948	Hougang New Town	Singapore	SG		00	1.3567	103.8908	227560	Asia/Singapore		
4315588	Baton Rouge	United States	US	Louisiana	LA	30.4433	-91.1875	227470	America/Chicago		
3447624	Sete Lagoas	Brazil	BR	Minas Gerais	15	-19.4658	-44.2467	227397	America/Sao_Paulo		
3085128	Sosnowiec	Poland	PL	Silesia	83	50.2868	19.1039	227295	Europe/Warsaw		
6956648	Diez de Octubre	Cuba	CU	Havana	02	23.0881	-82.3597	227293	America/Havana		
1517945	Turkestan	Kazakhstan	KZ	Turkistan	10	43.2946	68.2569	227098	Asia/Almaty		
989921	Klerksdorp	South Africa	ZA	North West	10	-26.8521	26.6667	227039	Africa/Johannesburg		
5142036	Upper West Side	United States	US	New York	NY	40.7871	-73.9754	226989	America/New_York		
487928	Staryy Oskol	Russia	RU	Belgorod Oblast	09	51.3025	37.8461	226977	Europe/Moscow		
1865714	Ageo	Japan	JP	Saitama	34	35.9714	139.6138	226940	Asia/Tokyo		
2339937	Gusau	Nigeria	NG	Zamfara State	57	12.1702	6.6641	226857	Africa/Lagos		
2864072	Neue Neustadt	Germany	DE	Saxony-Anhalt	14	52.1500	11.6333	226851	Europe/Berlin		
709932	Kamyanske	Ukraine	UA	Dnipropetrovsk	04	48.5172	34.6062	226845	Europe/Kyiv		
295629	Ashdod	Israel	IL	Southern District	01	31.7921	34.6497	226838	Asia/Jerusalem		
760778	Radom	Poland	PL	Mazovia	78	51.4025	21.1471	226794	Europe/Warsaw		
13100478	Paya Terubong	Malaysia	MY	Penang	09	5.3728	100.2797	226712	Asia/Kuala_Lumpur		
4781708	Richmond	United States	US	Virginia	VA	37.5538	-77.4603	226610	America/New_York		
1583478	Điện Bàn	Vietnam	VN	Da Nang City	48	15.8885	108.2545	226564	Asia/Ho_Chi_Minh		
1679136	Chang-hua	Taiwan	TW	Taiwan	04	24.0733	120.5628	226564	Asia/Taipei		
1993459	Changhua	Taiwan	TW	Taiwan	04	24.0692	120.5512	226564	Asia/Taipei		
1851012	Takarazuka	Japan	JP	Hyōgo	13	34.7994	135.3570	226432	Asia/Tokyo		
2416969	Nzérékoré	Guinea	GN	Nzérékoré Region	N	7.7562	-8.8179	226426	Africa/Conakry		
6119109	Regina	Canada	CA	Saskatchewan	11	50.4501	-104.6178	226404	America/Regina		
1586443	Cà Mau	Vietnam	VN	Ca Mau	96	9.1768	105.1524	226372	Asia/Ho_Chi_Minh		
1256422	Shrīrāmpur	India	IN	West Bengal	28	22.7528	88.3422	226317	Asia/Kolkata		
2035225	Fendou	China	CN	Heilongjiang	08	46.6414	124.8628	226298	Asia/Shanghai		
118063	Sabzevar	Iran	IR	Razavi Khorasan	42	36.2126	57.6819	226183	Asia/Tehran		
1807508	Huanggang	China	CN	Guangdong	30	23.6770	116.9996	225956	Asia/Shanghai		
7302845	Quthbullapur	India	IN	Telangana	40	17.5011	78.4582	225816	Asia/Kolkata		
2329821	Mubi	Nigeria	NG	Adamawa	35	10.2686	13.2670	225705	Africa/Lagos		
3451055	Rio Verde	Brazil	BR	Goiás	29	-17.7981	-50.9281	225696	America/Sao_Paulo		
6316328	Águas Lindas de Goiás	Brazil	BR	Goiás	29	-15.7619	-48.2817	225693	America/Sao_Paulo		
3452324	Presidente Prudente	Brazil	BR	São Paulo	27	-22.1256	-51.3889	225668	America/Sao_Paulo		
11048317	Sector 1	Romania	RO	Bucharest	10	44.4924	26.0483	225453	Europe/Bucharest		
6951112	Somerset West	South Africa	ZA	Western Cape	11	-34.0840	18.8211	225289	Africa/Johannesburg		
2643339	Luton	United Kingdom	GB	England	ENG	51.8797	-0.4175	225262	Europe/London		
691650	Ternopil	Ukraine	UA	Ternopil	22	49.5540	25.5907	225238	Europe/Kyiv		
3397147	Juazeiro do Norte	Brazil	BR	Ceará	06	-7.2131	-39.3153	225230	America/Fortaleza		
1648637	Bitung	Indonesia	ID	North Sulawesi	31	1.4406	125.1282	225134	Asia/Makassar		
1185162	Mymensingh	Bangladesh	BD	Mymensingh Division	H	24.7564	90.4065	225126	Asia/Dhaka		
2026609	Blagoveshchensk	Russia	RU	Amur Oblast	05	50.2759	127.5264	225091	Asia/Yakutsk		
1262292	Nadiād	India	IN	Gujarat	09	22.6939	72.8616	225071	Asia/Kolkata		
2229752	Kumba	Cameroon	CM	South-West	09	4.6363	9.4469	225046	Africa/Douala		
724443	Košice	Slovakia	SK	Košice Region	03	48.7144	21.2580	225044	Europe/Bratislava		
1805618	Jingling	China	CN	Hubei	12	30.6500	113.1000	224871	Asia/Shanghai		
1262204	Nāgercoil	India	IN	Tamil Nadu	25	8.1790	77.4323	224849	Asia/Kolkata		
3903987	Sucre	Bolivia	BO	Chuquisaca Department	01	-19.0333	-65.2627	224838	America/La_Paz		
884979	Mutare	Zimbabwe	ZW	Manicaland	01	-18.9707	32.6709	224802	Africa/Harare		
1853677	Ōta	Japan	JP	Gunma	10	36.3000	139.3667	224358	Asia/Tokyo		
10265057	Karāwalnagar	India	IN	Delhi	07	28.7271	77.2705	224281	Asia/Kolkata		
3991328	Puerto Vallarta	Mexico	MX	Jalisco	14	20.6170	-105.2302	224166	America/Mexico_City		
1857144	Minamirinkan	Japan	JP	Kanagawa	19	35.4953	139.4428	224015	Asia/Tokyo		
1847963	Atsugi	Japan	JP	Kanagawa	19	35.4427	139.3693	223960	Asia/Tokyo		
2036973	Heihe	China	CN	Heilongjiang	08	50.2441	127.4902	223832	Asia/Shanghai		
13353441	Mango	India	IN	Jharkhand	38	22.8275	86.2164	223805	Asia/Kolkata		
3383330	Paramaribo	Suriname	SR	Paramaribo District	16	5.8664	-55.1668	223757	America/Paramaribo		
1185155	Narayanganj	Bangladesh	BD	Dhaka Division	81	23.6135	90.5030	223622	Asia/Dhaka		
1680116	NIA Valencia	Philippines	PH	Northern Mindanao	10	7.9064	125.0942	223620	Asia/Manila		
1795196	Tongchuanshi	China	CN	Shaanxi	26	35.0747	109.0850	223603	Asia/Shanghai		
3893894	Concepción	Chile	CL	Biobio	06	-36.8270	-73.0498	223574	America/Santiago		
98717	Ramadi	Iraq	IQ	Anbar	01	33.4206	43.3078	223500	Asia/Baghdad		
5509952	Paradise	United States	US	Nevada	NV	36.0972	-115.1467	223167	America/Los_Angeles		
5812944	Tacoma	United States	US	Washington	WA	47.2529	-122.4443	222906	America/Los_Angeles		
519336	Velikiy Novgorod	Russia	RU	Novgorod Oblast	52	58.5213	31.2710	222868	Europe/Moscow		
1735153	Sungai Buloh	Malaysia	MY	Selangor	12	3.2100	101.5610	222858	Asia/Kuala_Lumpur		
1692685	Puerto Princesa	Philippines	PH	Mimaropa	41	9.7392	118.7353	222673	Asia/Manila		
1788618	Xintai	China	CN	Shandong	25	35.9006	117.7519	222459	Asia/Shanghai		
3641351	El Tigre	Venezuela	VE	Anzoátegui	02	8.8890	-64.2527	222450	America/Caracas		
1877615	Haeju	North Korea	KP	South Hwanghae	06	38.0406	125.7147	222396	Asia/Pyongyang		
3433899	Formosa	Argentina	AR	Formosa	09	-26.1849	-58.1731	222226	America/Argentina/Cordoba		
2338273	Ikire	Nigeria	NG	Osun State	42	7.3698	4.1863	222160	Africa/Lagos		
3608248	La Ceiba	Honduras	HN	Atlántida Department	01	15.7597	-86.7822	222055	America/Tegucigalpa		
2746301	Tilburg	The Netherlands	NL	North Brabant	06	51.5555	5.0913	221947	Europe/Amsterdam		
7289846	Ba Dinh	Vietnam	VN	Hanoi	01	21.0365	105.8268	221893	Asia/Bangkok		
1262395	Murwāra	India	IN	Madhya Pradesh	35	23.8378	80.3940	221883	Asia/Kolkata		
153209	Moshi	Tanzania	TZ	Kilimanjaro	06	-3.3500	37.3333	221733	Africa/Dar_es_Salaam		
1268159	Kanchipuram	India	IN	Tamil Nadu	25	12.8352	79.7001	221715	Asia/Kolkata		
2464915	Sousse	Tunisia	TN	Sousse Governorate	23	35.8254	10.6370	221715	Africa/Tunis		
1649824	Batu	Indonesia	ID	East Java	08	-7.8700	112.5283	221714	Asia/Jakarta		
3666645	Tuluá	Colombia	CO	Valle del Cauca Department	29	4.0847	-76.1954	221684	America/Bogota		
1882155	Yishun New Town	Singapore	SG		03	1.4333	103.8311	221610	Asia/Singapore		
1567788	Sóc Trăng	Vietnam	VN	Can Tho City	92	9.5999	105.9719	221430	Asia/Ho_Chi_Minh		
2419992	Kankan	Guinea	GN	Kankan Region	K	10.3854	-9.3057	221428	Africa/Conakry		
496015	Shakhty	Russia	RU	Rostov	61	47.7192	40.2160	221312	Europe/Moscow		
229268	Mbarara	Uganda	UG	Western Region	W	-0.6047	30.6485	221300	Africa/Kampala		
1697175	Olongapo	Philippines	PH	Central Luzon	03	14.8292	120.2828	221178	Asia/Manila		
3655673	Ibarra	Ecuador	EC	Imbabura	11	0.3488	-78.1246	221149	America/Guayaquil		
3204541	Banja Luka	Bosnia and Herzegovina	BA	Srpska	02	44.7788	17.2063	221106	Europe/Sarajevo		
11101625	Rufisque est	Senegal	SN	Dakar	01	14.7162	-17.2728	221066	Africa/Dakar		
122285	Neyshābūr	Iran	IR	Razavi Khorasan	42	36.2133	58.7957	220929	Asia/Tehran		
116667	Sāveh	Iran	IR	Markazi	34	35.0213	50.3566	220762	Asia/Tehran		
1790894	Wuxue	China	CN	Hubei	12	29.8506	115.5525	220661	Asia/Shanghai		
1585489	Chí Linh	Vietnam	VN	Hai Phong	31	21.0667	106.3167	220421	Asia/Ho_Chi_Minh		
3531732	Campeche	Mexico	MX	Campeche	04	19.8407	-90.5168	220389	America/Merida		
9645086	Quận Ba	Vietnam	VN	Ho Chi Minh City (HCMC)	79	10.7749	106.6863	220375	Asia/Ho_Chi_Minh		
7279754	Singrauli	India	IN	Madhya Pradesh	35	24.1997	82.6753	220257	Asia/Kolkata		
8285534	Fuencarral-El Pardo	Spain	ES	Madrid	29	40.4984	-3.7314	220085	Europe/Madrid		
13546521	Shevchenkivskyi	Ukraine	UA	Kyiv City	12	50.4641	30.4658	220077	Europe/Kyiv		
1262995	Mirzāpur	India	IN	Uttar Pradesh	36	25.1449	82.5653	220029	Asia/Kolkata		
3114711	Oviedo	Spain	ES	Asturias	34	43.3603	-5.8448	220027	Europe/Madrid		
13118272	Bandar Seri Alam	Malaysia	MY	Johor	01	1.5043	103.8752	220000	Asia/Kuala_Lumpur		
2524170	Messina	Italy	IT	Sicily	15	38.1939	15.5526	219948	Europe/Rome		
1234569	Dehiwala-Mount Lavinia	Sri Lanka	LK	Western Province	36	6.8402	79.8712	219827	Asia/Colombo		
705812	Kropyvnytskyi	Ukraine	UA	Kirovohrad	10	48.5083	32.2662	219676	Europe/Kyiv		
1266976	Kharagpur	India	IN	West Bengal	28	22.3397	87.3250	219665	Asia/Kolkata		
215527	Kabinda	Democratic Republic of the Congo	CD	Lomami	21	-6.1379	24.4818	219396	Africa/Lubumbashi		
1176515	Jacobabad	Pakistan	PK	Sindh	05	28.2819	68.4376	219315	Asia/Karachi		
149402	Tunduma	Tanzania	TZ	Songwe	32	-9.3000	32.7667	219309	Africa/Dar_es_Salaam		
1725094	Binangonan	Philippines	PH	Calabarzon	40	14.4646	121.1929	219204	Asia/Manila		
2860410	Oberhausen	Germany	DE	North Rhine-Westphalia	07	51.4781	6.8625	219176	Europe/Berlin		
1611110	Chon Buri	Thailand	TH	Chon Buri	46	13.3622	100.9835	219164	Asia/Bangkok		
3450144	Santa Luzia	Brazil	BR	Minas Gerais	15	-19.7697	-43.8514	219132	America/Sao_Paulo		
1494114	Prokop’yevsk	Russia	RU	Kuzbass	29	53.9152	86.7189	219000	Asia/Novokuznetsk		
12432979	Samambaia	Brazil	BR	Federal District	07	-15.8823	-48.1043	218840	America/Sao_Paulo		
3657990	Esmeraldas	Ecuador	EC	Esmeraldas	09	0.9592	-79.6540	218727	America/Guayaquil		
3108286	Terrassa	Spain	ES	Catalonia	56	41.5667	2.0167	218535	Europe/Madrid		
2656333	Barking	United Kingdom	GB	England	ENG	51.5333	0.0833	218534	Europe/London		
1791249	Wuhai	China	CN	Inner Mongolia	20	39.6844	106.8158	218427	Asia/Shanghai		
3398269	Imperatriz	Brazil	BR	Maranhão	13	-5.5264	-47.4917	218106	America/Fortaleza		
2454268	Koutiala	Mali	ML	Sikasso	06	12.3872	-5.4651	218031	Africa/Bamako		
1272051	Eluru	India	IN	Andhra Pradesh	02	16.7131	81.1044	218020	Asia/Kolkata		
10524295	Rāniganj	India	IN	Telangana	40	17.4284	78.4936	217910	Asia/Kolkata		
3493032	San Pedro de Macorís	Dominican Republic	DO	San Pedro de Macorís	24	18.4539	-69.3086	217899	America/Santo_Domingo		
677697	Galaţi	Romania	RO	Galați County	18	45.4369	28.0503	217851	Europe/Bucharest		
3129028	Badalona	Spain	ES	Catalonia	56	41.4500	2.2474	217741	Europe/Madrid		
704147	Kremenchuk	Ukraine	UA	Poltava	18	49.0625	33.4048	217710	Europe/Kyiv		
764484	Mokotów	Poland	PL	Mazovia	78	52.1934	21.0349	217683	Europe/Warsaw		
1734586	Taiping	Malaysia	MY	Perak	07	4.8500	100.7333	217647	Asia/Kuala_Lumpur		
12358616	Yintai	China	CN	Shaanxi	26	35.1152	109.0970	217509	Asia/Shanghai		
2874225	Mainz	Germany	DE	Rheinland-Pfalz	08	49.9819	8.2801	217123	Europe/Berlin		
1252797	Yamuna Nagar	India	IN	Haryana	10	30.1280	77.2837	217071	Asia/Kolkata		
3404545	Cabo de Santo Agostinho	Brazil	BR	Pernambuco	30	-8.2877	-35.0292	216969	America/Recife		
10968247	Arakawa	Japan	JP	Tokyo	40	35.7383	139.7805	216900	Asia/Tokyo		
1632654	Pangkalpinang	Indonesia	ID	Bangka–Belitung Islands	35	-2.1291	106.1138	216893	Asia/Jakarta		
5122520	Jamaica	United States	US	New York	NY	40.6915	-73.8057	216866	America/New_York		
3827606	Buenavista	Mexico	MX	México	15	19.6083	-99.1694	216776	America/Mexico_City		
1178338	Gilgit	Pakistan	PK	Gilgit-Baltistan	07	35.9187	74.3124	216760	Asia/Karachi		
500004	Rybinsk	Russia	RU	Yaroslavl Oblast	88	58.0456	38.8381	216724	Europe/Moscow		
1687894	Santa Rosa	Philippines	PH	Calabarzon	40	14.3122	121.1114	216650	Asia/Manila		
3133880	Trondheim	Norway	NO	Trøndelag	21	63.4305	10.3951	216518	Europe/Oslo		
13308246	Raurkela Industrial Township	India	IN	Odisha	21	22.1999	84.8618	216410	Asia/Kolkata		
3629965	Porlamar	Venezuela	VE	Nueva Esparta	17	10.9577	-63.8697	216234	America/Caracas		
5391710	San Bernardino	United States	US	California	CA	34.1083	-117.2898	216108	America/Los_Angeles		
4013728	Ciudad Acuña	Mexico	MX	Coahuila	07	29.3232	-100.9522	216099	America/Matamoros		
643492	Oulu	Finland	FI	North Ostrobothnia	17	65.0124	25.4682	216066	Europe/Helsinki		
6318696	Sinop	Brazil	BR	Mato Grosso	14	-11.8642	-55.5025	216029	America/Cuiaba		
1275738	Bidar	India	IN	Karnataka	19	17.9080	77.5152	216020	Asia/Kolkata		
470451	Vykhino-Zhulebino	Russia	RU	Moscow	48	55.7020	37.8118	216000	Europe/Moscow		
702569	Lutsk	Ukraine	UA	Volyn	24	50.7578	25.3502	215986	Europe/Kyiv		
2925177	Freiburg	Germany	DE	Baden-Wurttemberg	01	47.9959	7.8522	215966	Europe/Berlin		
3519537	San Cristóbal de las Casas	Mexico	MX	Chiapas	05	16.7301	-92.6382	215874	America/Merida		
463829	Zelenograd	Russia	RU	Moscow	48	55.9825	37.1814	215727	Europe/Moscow		
11777624	Archway	United Kingdom	GB	England	ENG	51.5673	-0.1341	215667	Europe/London		
12750606	Wangsa Maju	Malaysia	MY	Kuala Lumpur	14	3.2006	101.7397	215600	Asia/Kuala_Lumpur		
5780993	Salt Lake City	United States	US	Utah	UT	40.7608	-111.8911	215548	America/Denver		
1510018	Biysk	Russia	RU	Altai Krai	04	52.5342	85.1966	215430	Asia/Barnaul		
3194360	Novi Sad	Serbia	RS	Vojvodina	VO	45.2517	19.8369	215400	Europe/Belgrade		
3526485	Jiutepec	Mexico	MX	Morelos	17	18.8814	-99.1778	215357	America/Mexico_City		
1802656	Longgang	China	CN	Guangdong	30	22.7229	114.2633	215273	Asia/Shanghai		
3995523	Monclova	Mexico	MX	Coahuila	07	26.9069	-101.4206	215271	America/Monterrey		
1567069	Tân An	Vietnam	VN	Tay Ninh	80	10.5359	106.4137	215250	Asia/Ho_Chi_Minh		
1819400	Ma On Shan	Hong Kong	HK	Sha Tin	NST	22.4061	114.2408	215200	Asia/Hong_Kong		
7090983	Commonwealth	Philippines	PH	National Capital Region	NCR	14.6969	121.0801	215034	Asia/Manila		
4068590	Huntsville	United States	US	Alabama	AL	34.7304	-86.5859	215006	America/Chicago		
11962390	Jabaquara	Brazil	BR	São Paulo	27	-23.6505	-46.6459	214958	America/Sao_Paulo		
2243940	Ziguinchor	Senegal	SN	Ziguinchor	12	12.5680	-16.2733	214874	Africa/Dakar		
1221194	Kŭlob	Tajikistan	TJ	Khatlon Province	02	37.9146	69.7845	214700	Asia/Dushanbe		
1646034	Citeureup	Indonesia	ID	West Java	30	-6.4856	106.8819	214668	Asia/Jakarta		
8504960	Centralniy	Russia	RU	St.-Petersburg	66	59.9311	30.3607	214625	Europe/Moscow		
1568212	Sa Dec	Vietnam	VN	Dong Thap	82	10.2909	105.7563	214610	Asia/Ho_Chi_Minh		
1858296	Kure	Japan	JP	Hiroshima	11	34.2322	132.5666	214592	Asia/Tokyo		
2323411	Shagamu	Nigeria	NG	Ogun State	16	6.8485	3.6463	214558	Africa/Lagos		
295514	Bnei Brak	Israel	IL	Tel Aviv	05	32.0807	34.8338	214444	Asia/Jerusalem		
2544248	Khouribga	Morocco	MA	Beni Mellal-Khenifra	05	32.8811	-6.9063	214241	Africa/Casablanca		
1786577	Yingtan	China	CN	Jiangxi	03	28.2333	117.0000	214229	Asia/Shanghai		
4853828	Des Moines	United States	US	Iowa	IA	41.6005	-93.6091	214133	America/Chicago		
2595323	Marcory	Ivory Coast	CI	Abidjan Autonomous District	93	5.3120	-3.9936	214061	Africa/Abidjan		
2520058	Cartagena	Spain	ES	Murcia	31	37.6020	-0.9840	213943	Europe/Madrid		
3652567	Quevedo	Ecuador	EC	Los Ríos	13	-1.0288	-79.4626	213842	America/Guayaquil		
6092122	Oakville	Canada	CA	Ontario	08	43.4501	-79.6829	213759	America/Toronto		
2929670	Erfurt	Germany	DE	Thuringia	15	50.9773	11.0354	213692	Europe/Berlin		
122438	Naz̧arābād	Iran	IR	Alborz Province	44	35.9541	50.6061	213388	Asia/Tehran		
139889	Būkān	Iran	IR	West Azerbaijan	01	36.5210	46.2089	213331	Asia/Tehran		
1262482	Munger	India	IN	Bihar	34	25.3746	86.4745	213303	Asia/Kolkata		
3460370	Jacareí	Brazil	BR	São Paulo	27	-23.3053	-45.9658	213110	America/Sao_Paulo		
2516326	Jerez de la Frontera	Spain	ES	Andalusia	51	36.6865	-6.1361	212879	Europe/Madrid		
2550078	El Jadida	Morocco	MA	Casablanca-Settat	06	33.2568	-8.5088	212863	Africa/Casablanca		
1783700	Zitong	China	CN	Chongqing	33	30.1782	105.8299	212819	Asia/Shanghai		
1637510	Loa Janan	Indonesia	ID	East Kalimantan	14	-0.5829	117.0950	212816	Asia/Makassar		
665004	Târgu Mureş	Romania	RO	Mureș County	27	46.5425	24.5575	212752	Europe/Bucharest		
5349755	Fontana	United States	US	California	CA	34.0922	-117.4351	212704	America/Los_Angeles		
1677112	Zhubei	Taiwan	TW	Taiwan	04	24.8383	121.0078	212695	Asia/Taipei		
3873775	Rancagua	Chile	CL	O'Higgins Region	08	-34.1691	-70.7405	212695	America/Santiago		
352951	Mallawī	Egypt	EG	Minya	10	27.7326	30.8413	212628	Africa/Cairo		
1632033	Pasuruan	Indonesia	ID	East Java	08	-7.6453	112.9075	212466	Asia/Jakarta		
2302357	Cape Coast	Ghana	GH	Central	04	5.1053	-1.2466	212426	Africa/Accra		
1735079	Bukit Mertajam	Malaysia	MY	Penang	09	5.3630	100.4667	212329	Asia/Kuala_Lumpur		
1706090	Lipa City	Philippines	PH	Calabarzon	40	13.9411	121.1631	212287	Asia/Manila		
2875601	Lübeck	Germany	DE	Schleswig-Holstein	10	53.8689	10.6873	212207	Europe/Berlin		
1801909	Luojiang	China	CN	Sichuan	32	31.3050	104.5048	212186	Asia/Shanghai		
1734821	Sepang	Malaysia	MY	Selangor	12	2.6931	101.7498	212050	Asia/Kuala_Lumpur		
3598119	Cobán	Guatemala	GT	Alta Verapaz	01	15.4703	-90.3745	212047	America/Guatemala		
3457708	Maricá	Brazil	BR	Rio de Janeiro	21	-22.9194	-42.8186	211986	America/Sao_Paulo		
1586151	Cao Lãnh	Vietnam	VN	Dong Thap	82	10.4602	105.6329	211912	Asia/Ho_Chi_Minh		
1861436	Isesaki	Japan	JP	Gunma	10	36.3167	139.2000	211850	Asia/Tokyo		
3111199	Sabadell	Spain	ES	Catalonia	56	41.5433	2.1094	211734	Europe/Madrid		
3460103	Jaraguá	Brazil	BR	São Paulo	27	-23.4408	-46.7377	211610	America/Sao_Paulo		
11790369	Taito	Japan	JP	Tokyo	40	35.7075	139.7788	211444	Asia/Tokyo		
1261927	Nandyāl	India	IN	Andhra Pradesh	02	15.4780	78.4836	211424	Asia/Kolkata		
2511174	Santa Cruz de Tenerife	Spain	ES	Canary Islands	53	28.4682	-16.2546	211359	Atlantic/Canary		
6690108	Panchkula	India	IN	Haryana	10	30.6946	76.8504	211355	Asia/Kolkata		
747323	Esenyurt	Turkey	TR	Istanbul	34	41.0270	28.6773	211330	Europe/Istanbul		
5373900	Modesto	United States	US	California	CA	37.6391	-120.9969	211266	America/Los_Angeles		
1695804	Panabo	Philippines	PH	Davao Region	11	7.3081	125.6842	211242	Asia/Manila		
1813253	Lijiang	China	CN	Yunnan	29	26.8688	100.2207	211151	Asia/Shanghai		
1514891	Konibodom	Tajikistan	TJ	Sughd	03	40.2941	70.4312	211100	Asia/Dushanbe		
2037078	Hailar	China	CN	Inner Mongolia	20	49.2000	119.7000	211066	Asia/Shanghai		
3460634	Itaquera	Brazil	BR	São Paulo	27	-23.5319	-46.4442	210960	America/Sao_Paulo		
1709968	Kabankalan	Philippines	PH	Western Visayas	06	9.9839	122.8142	210893	Asia/Manila		
110690	Abha	Saudi Arabia	SA	'Asir Region	11	18.2164	42.5053	210886	Asia/Riyadh		
1275068	Burhānpur	India	IN	Madhya Pradesh	35	21.3087	76.2303	210886	Asia/Kolkata		
732770	Burgas	Bulgaria	BG	Burgas	39	42.5065	27.4689	210646	Europe/Sofia		
504341	Pskov	Russia	RU	Pskov Oblast	60	57.8192	28.3318	210501	Europe/Moscow		
1262775	Morvi	India	IN	Gujarat	09	22.8173	70.8377	210451	Asia/Kolkata		
1814082	Daliang	China	CN	Guangdong	30	22.8407	113.2503	210411	Asia/Shanghai		
3874212	Quilicura	Chile	CL	Santiago Metropolitan	12	-33.3680	-70.7139	210410	America/Santiago		
2555745	Beni Mellal	Morocco	MA	Beni Mellal-Khenifra	05	32.3372	-6.3498	210397	Africa/Casablanca		
1212405	Ashuganj City	Bangladesh	BD	Chittagong	84	24.0402	91.0117	210356	Asia/Dhaka		
2481007	Sidi Bel Abbes	Algeria	DZ	Sidi Bel Abbès	30	35.1899	-0.6309	210146	Africa/Algiers		
3568342	Arroyo Naranjo	Cuba	CU	Havana	02	23.0381	-82.3770	210053	America/Havana		
11524601	Jebel Ali	United Arab Emirates	AE	Dubai	03	25.0025	55.1081	210000	Asia/Dubai		
1337233	Bogra	Bangladesh	BD	Rajshahi Division	83	24.8510	89.3711	210000	Asia/Dhaka		
1519928	Kostanay	Kazakhstan	KZ	Kostanay	13	53.2144	63.6246	210000	Asia/Qostanay		
6122085	Richmond	Canada	CA	British Columbia	02	49.1700	-123.1368	209937	America/Vancouver		
5134086	Rochester	United States	US	New York	NY	43.1548	-77.6156	209802	America/New_York		
2043572	Kanggye	North Korea	KP	Chagang	01	40.9695	126.5852	209530	Asia/Pyongyang		
1845033	Chungju	South Korea	KR	North Chungcheong	05	36.9767	127.9287	209483	Asia/Seoul		
1278685	Anand	India	IN	Gujarat	09	22.5525	72.9552	209410	Asia/Kolkata		
3448622	São Leopoldo	Brazil	BR	Rio Grande do Sul	23	-29.7603	-51.1472	209229	America/Sao_Paulo		
1670909	Bade	Taiwan	TW	Taiwan	04	24.9298	121.2837	209148	Asia/Taipei		
3458329	Luziânia	Brazil	BR	Goiás	29	-16.2525	-47.9503	209129	America/Sao_Paulo		
3909234	Oruro	Bolivia	BO	Oruro	05	-17.9715	-67.0932	208684	America/La_Paz		
1817848	Bachuan	China	CN	Chongqing	33	29.8486	106.0505	208520	Asia/Shanghai		
3500957	La Romana	Dominican Republic	DO	La Romana	12	18.4233	-68.9664	208437	America/Santo_Domingo		
328689	Shashamane	Ethiopia	ET	Oromiya	51	7.2000	38.6000	208400	Africa/Addis_Ababa		
1808931	Hangu	China	CN	Tianjin	28	39.2489	117.7892	208369	Asia/Shanghai		
1261045	Ongole	India	IN	Andhra Pradesh	02	15.5036	80.0445	208344	Asia/Kolkata		
3114472	Pamplona	Spain	ES	Navarre	32	42.8169	-1.6432	208243	Europe/Madrid		
5303929	Maryvale	United States	US	Arizona	AZ	33.5020	-112.1776	208189	America/Phoenix		
1843137	Gangneung	South Korea	KR	Gangwon-do	06	37.7527	128.8724	208161	Asia/Seoul		
2639996	Portsmouth	United Kingdom	GB	England	ENG	50.7990	-1.0913	208100	Europe/London		
216449	Gandajika	Democratic Republic of the Congo	CD	Lomami	21	-6.7450	23.9533	208051	Africa/Lubumbashi		
1809380	Gunan	China	CN	Chongqing	33	29.0231	106.6480	208010	Asia/Shanghai		
1571067	Phan Rang-Tháp Chàm	Vietnam	VN	Khanh Hoa	56	11.5643	108.9886	207998	Asia/Ho_Chi_Minh		
1646194	Ciputat	Indonesia	ID	West Java	30	-6.2375	106.6956	207858	Asia/Jakarta		
232110	Kasangati	Uganda	UG	Central Region	C	0.4380	32.6025	207800	Africa/Kampala		
114259	Sirjan	Iran	IR	Kerman	29	29.4514	55.6809	207645	Asia/Tehran		
4744709	Arlington	United States	US	Virginia	VA	38.8810	-77.1043	207627	America/New_York		
339666	Bishoftu	Ethiopia	ET	Oromiya	51	8.7523	38.9785	207400	Africa/Addis_Ababa		
1850692	Nishi-Tokyo-shi	Japan	JP	Tokyo	40	35.7253	139.5383	207388	Asia/Tokyo		
630468	Bobruysk	Belarus	BY	Mogilev	06	53.1464	29.2055	207351	Europe/Minsk		
2045220	Changam-ch’on	North Korea	KP	South Hamgyong	03	40.6061	128.7819	207299	Asia/Pyongyang		
712165	Bila Tserkva	Ukraine	UA	Kyiv	13	49.8004	30.1285	207273	Europe/Kyiv		
5380184	Oxnard	United States	US	California	CA	34.1975	-119.1770	207254	America/Los_Angeles		
1647383	Ciampea	Indonesia	ID	West Java	30	-6.5547	106.7008	207212	Asia/Jakarta		
361291	Hurghada	Egypt	EG	Red Sea	02	27.2574	33.8129	207132	Africa/Cairo		
3116025	Móstoles	Spain	ES	Madrid	29	40.3223	-3.8650	207095	Europe/Madrid		
4188985	Columbus	United States	US	Georgia	GA	32.4610	-84.9877	206922	America/New_York		
3547932	Mantilla	Cuba	CU	Havana	02	23.0679	-82.3414	206918	America/Havana		
3685095	Dosquebradas	Colombia	CO	Risaralda Department	24	4.8392	-75.6673	206693	America/Bogota		
1681602	Toledo	Philippines	PH	Central Visayas	07	10.3773	123.6386	206692	Asia/Manila		
633679	Turku	Finland	FI	Southwest Finland	02	60.4515	22.2687	206655	Europe/Helsinki		
4956184	Worcester	United States	US	Massachusetts	MA	42.2626	-71.8023	206518	America/New_York		
1696710	Pagadian	Philippines	PH	Zamboanga Peninsula	09	7.8257	123.4370	206483	Asia/Manila		
1085510	Epworth	Zimbabwe	ZW	Harare	10	-17.8900	31.1475	206368	Africa/Harare		
3628423	San Felipe	Venezuela	VE	Yaracuy	22	10.3401	-68.7430	206270	America/Caracas		
1203891	Dinajpur	Bangladesh	BD	Rangpur Division	87	25.6274	88.6378	206234	Asia/Dhaka		
1269935	Hosapete	India	IN	Karnataka	19	15.2695	76.3871	206167	Asia/Kolkata		
1562818	Việt Yên	Vietnam	VN	Bac Ninh	24	21.2667	106.1333	205900	Asia/Ho_Chi_Minh		
159492	Ifakara	Tanzania	TZ	Morogoro	10	-8.1333	36.6833	205843	Africa/Dar_es_Salaam		
3346015	Sumbe	Angola	AO	Kwanza Sul	06	-11.2060	13.8437	205832	Africa/Luanda		
2451478	Ségou	Mali	ML	Ségou	05	13.4403	-6.2595	205787	Africa/Bamako		
1578500	Kon Tum	Vietnam	VN	Quang Ngai	51	14.3545	108.0076	205762	Asia/Ho_Chi_Minh		
3460949	Itabuna	Brazil	BR	Bahia	05	-14.7856	-39.2803	205660	America/Bahia		
3654870	Latacunga	Ecuador	EC	Cotopaxi	07	-0.9342	-78.6152	205624	America/Guayaquil		
1261913	Nāngloi Jāt	India	IN	Delhi	07	28.6796	77.0680	205596	Asia/Kolkata		
1859383	Kishiwada	Japan	JP	Osaka	32	34.4667	135.3667	205561	Asia/Tokyo		
1785710	Jinghong	China	CN	Yunnan	29	22.0026	100.7697	205523	Asia/Shanghai		
977432	Mdantsane	South Africa	ZA	Eastern Cape	05	-32.9332	27.7766	205504	Africa/Johannesburg		
6317317	Itaim Paulista	Brazil	BR	São Paulo	27	-23.5031	-46.3857	205295	America/Sao_Paulo		
3449319	São Carlos	Brazil	BR	São Paulo	27	-22.0175	-47.8908	205035	America/Sao_Paulo		
120695	Qā’em Shahr	Iran	IR	Māzandarān	35	36.4631	52.8601	204953	Asia/Tehran		
1165108	Shikarpur	Pakistan	PK	Sindh	05	27.9556	68.6382	204938	Asia/Karachi		
1624041	Ternate	Indonesia	ID	North Maluku	29	0.7906	127.3842	204920	Asia/Jayapura		
6958503	Gongheyong	China	CN	Guangdong	30	22.7592	113.7945	204881	Asia/Shanghai		
2772400	Linz	Austria	AT	Upper Austria	04	48.3064	14.2861	204846	Europe/Vienna		
1283467	Dhangaḍhi̇̄	Nepal	NP	Sudurpashchim Pradesh	7	28.7016	80.5899	204788	Asia/Kathmandu		
8544703	Nanchuan	China	CN	Chongqing	33	29.1520	107.1034	204775	Asia/Shanghai		
3530240	Córdoba	Mexico	MX	Veracruz	30	18.8842	-96.9256	204721	America/Mexico_City		
1816329	Bishan	China	CN	Chongqing	33	29.5949	106.2248	204702	Asia/Shanghai		
2503826	Biskra	Algeria	DZ	Biskra	19	34.8504	5.7280	204661	Africa/Algiers		
1675393	Xizhi	Taiwan	TW	Taipei	03	25.0662	121.6599	204619	Asia/Taipei		
1810437	Gaoping	China	CN	Sichuan	32	30.7758	106.1029	204368	Asia/Shanghai		
153176	Mpanda	Tanzania	TZ	Katavi	29	-6.3438	31.0695	204338	Africa/Dar_es_Salaam		
3165185	Trieste	Italy	IT	Friuli Venezia Giulia	06	45.6495	13.7768	204338	Europe/Rome		
5374732	Moreno Valley	United States	US	California	CA	33.9375	-117.2306	204198	America/Los_Angeles		
1256922	Secunderabad	India	IN	Telangana	40	17.5043	78.5426	204182	Asia/Kolkata		
7910079	Sodo	Ethiopia	ET	South Ethiopia Regional State	56	6.8600	37.7616	204100	Africa/Addis_Ababa		
2208485	Zliten	Libya	LY	Misratah	72	32.4674	14.5687	203790	Africa/Tripoli		
3171728	Padua	Italy	IT	Veneto	20	45.4080	11.8859	203725	Europe/Rome		
8299875	Karnaphuli	Bangladesh	BD	Chittagong	84	22.6906	92.2347	203697	Asia/Dhaka		
3550598	Las Tunas	Cuba	CU	Las Tunas Province	13	20.9613	-76.9519	203684	America/Havana		
1857550	Matsue	Japan	JP	Shimane	36	35.4833	133.0500	203616	Asia/Tokyo		
4562831	Bayamón	Puerto Rico	PR	Bayamón	021	18.3986	-66.1557	203499	America/Puerto_Rico		
1842936	Gimpo-si	South Korea	KR	Gyeonggi-do	13	37.6236	126.7142	203391	Asia/Seoul		
6317464	Lauro de Freitas	Brazil	BR	Bahia	05	-12.8944	-38.3272	203331	America/Bahia		
1273241	Deoghar	India	IN	Jharkhand	38	24.4898	86.6990	203123	Asia/Kolkata		
1064890	Fianarantsoa	Madagascar	MG	Upper Matsiatra	21	-21.4527	47.0857	203105	Indian/Antananarivo		
8504949	Vasyl'evsky Ostrov	Russia	RU	St.-Petersburg	66	59.9409	30.2538	203058	Europe/Moscow		
3387296	Sobral	Brazil	BR	Ceará	06	-3.6861	-40.3497	203023	America/Fortaleza		
1207337	Chāndpur	Bangladesh	BD	Chittagong	84	23.2271	90.6543	203000	Asia/Dhaka		
2306079	Atsiaman	Ghana	GH	Greater Accra	01	5.6978	-0.3282	202932	Africa/Accra		
2317397	Bandundu Province	Democratic Republic of the Congo	CD	Kwilu	20	-3.3169	17.3806	202904	Africa/Kinshasa		
303195	Osmaniye	Turkey	TR	Osmaniye	91	37.0742	36.2478	202837	Europe/Istanbul		
142363	Bābol	Iran	IR	Māzandarān	35	36.5510	52.6786	202796	Asia/Tehran		
3985710	Cabo San Lucas	Mexico	MX	Baja California Sur	03	22.8909	-109.9124	202694	America/Mazatlan		
4119403	Little Rock	United States	US	Arkansas	AR	34.7465	-92.2896	202591	America/Chicago		
748893	Çorlu	Turkey	TR	Tekirdağ	59	41.1607	27.8009	202578	Europe/Istanbul		
1636930	Madiun	Indonesia	ID	East Java	08	-7.6298	111.5239	202544	Asia/Jakarta		
159071	Iringa	Tanzania	TZ	Iringa	04	-7.7667	35.7000	202490	Africa/Dar_es_Salaam		
721472	Debrecen	Hungary	HU	Hajdú-Bihar	10	47.5317	21.6244	202402	Europe/Budapest		
1274353	Chāpra	India	IN	Bihar	34	25.7803	84.7471	202352	Asia/Kolkata		
13589478	Motijheel	Bangladesh	BD	Dhaka Division	81	23.7277	90.4192	202308	Asia/Dhaka		
1336137	Barishal	Bangladesh	BD	Barisal Division	85	22.7050	90.3701	202242	Asia/Dhaka		
6122091	Richmond Hill	Canada	CA	Ontario	08	43.8711	-79.4373	202022	America/Toronto		
4466033	Fayetteville	United States	US	North Carolina	NC	35.0527	-78.8784	201963	America/New_York		
2219905	Al Khums	Libya	LY	Al Marqab	82	32.6486	14.2619	201943	Africa/Tripoli		
5358705	Huntington Beach	United States	US	California	CA	33.6603	-117.9992	201899	America/Los_Angeles		
8063098	Favoriten	Austria	AT	State of Vienna	09	48.1612	16.3823	201882	Europe/Vienna		
1708522	Koronadal	Philippines	PH	Soccsksargen	12	6.5031	124.8469	201844	Asia/Manila		
2660646	Genève	Switzerland	CH	Geneva	GE	46.2022	6.1457	201741	Europe/Zurich		
4174715	Tallahassee	United States	US	Florida	FL	30.4383	-84.2807	201731	America/New_York		
2636389	Swindon	United Kingdom	GB	England	ENG	51.5580	-1.7812	201669	Europe/London		
1629710	Rengasdengklok	Indonesia	ID	West Java	30	-6.1592	107.2981	201463	Asia/Jakarta		
3451234	Rio Claro	Brazil	BR	São Paulo	27	-22.4114	-47.5614	201418	America/Sao_Paulo		
1629131	Salatiga	Indonesia	ID	Central Java	07	-7.3319	110.4928	201369	Asia/Jakarta		
3699088	Cajamarca	Peru	PE	Cajamarca Department	06	-7.1638	-78.5003	201329	America/Lima		
2146142	Townsville	Australia	AU	Queensland	04	-19.2664	146.8057	201313	Australia/Brisbane		
8656376	Thanh Khê	Vietnam	VN	Da Nang City	48	16.0706	108.1910	201240	Asia/Ho_Chi_Minh		
7281017	La Pintana	Chile	CL	Santiago Metropolitan	12	-33.5833	-70.6342	201178	America/Santiago		
601734	Daşoguz	Turkmenistan	TM	Dasoguz	03	41.8362	59.9666	201142	Asia/Ashgabat		
5145215	Yonkers	United States	US	New York	NY	40.9304	-73.8979	201116	America/New_York		
5352423	Glendale	United States	US	California	CA	34.1425	-118.2551	201020	America/Los_Angeles		
1180809	Dadu	Pakistan	PK	Sindh	05	26.7303	67.7769	201017	Asia/Karachi		
343663	Arba Minch	Ethiopia	ET	South Ethiopia Regional State	56	6.0333	37.5500	201000	Africa/Addis_Ababa		
1650234	Banjar	Indonesia	ID	West Java	30	-7.1955	107.4313	200970	Asia/Jakarta		
1520172	Petropavl	Kazakhstan	KZ	North Kazakhstan	16	54.8734	69.1506	200920	Asia/Almaty		
2236967	Soyo	Angola	AO	Zaire	16	-6.1349	12.3689	200920	Africa/Luanda		
4684724	Cypress	United States	US	Texas	TX	29.9691	-95.6972	200839	America/Chicago		
1267031	Khandwa	India	IN	Madhya Pradesh	35	21.8243	76.3509	200738	Asia/Kolkata		
4883817	Aurora	United States	US	Illinois	IL	41.7606	-88.3201	200661	America/Chicago		
1259184	Puri	India	IN	Odisha	21	19.7982	85.8249	200564	Asia/Kolkata		
1262771	Morena	India	IN	Madhya Pradesh	35	26.4989	77.9953	200482	Asia/Kolkata		
146268	Nicosia	Cyprus	CY	Nicosia	04	35.1728	33.3540	200452	Asia/Nicosia		
3181554	Brescia	Italy	IT	Lombardy	09	45.5356	10.2147	200423	Europe/Rome		
13405749	Nasimshahr	Iran	IR	Tehran	26	35.5653	51.1583	200393	Asia/Tehran		
6672634	Nasīm Shahr	Iran	IR	Tehran	26	35.5650	51.1633	200393	Asia/Tehran		
2320831	Ugep	Nigeria	NG	Cross River State	22	5.8087	8.0810	200276	Africa/Lagos		
214614	Kamina	Democratic Republic of the Congo	CD	Haut-Lomami	15	-8.7351	24.9980	200184	Africa/Lubumbashi		
100425	Yanbu	Saudi Arabia	SA	Medina Region	05	24.0895	38.0618	200161	Asia/Riyadh		
1856184	Nagareyama	Japan	JP	Chiba	04	35.8563	139.9027	200136	Asia/Tokyo		
2800481	Charleroi	Belgium	BE	Wallonia	WAL	50.4114	4.4445	200132	Europe/Brussels		
1576633	Lạng Sơn	Vietnam	VN	Lạng Sơn Province	20	21.8526	106.7610	200108	Asia/Bangkok		
10920963	Salé Al Jadida	Morocco	MA	Rabat-Salé-Kénitra	04	33.9972	-6.7405	200000	Africa/Casablanca		
11054411	Bandar Sunway	Malaysia	MY	Selangor	12	3.0693	101.6074	200000	Asia/Kuala_Lumpur		
1165569	Shahkot	Pakistan	PK	Punjab	04	31.5709	73.4853	200000	Asia/Karachi		
12129605	Chakwama	Nigeria	NG	Jigawa State	39	11.5596	9.6641	200000	Africa/Lagos		
1270576	Gyānpur	India	IN	Uttar Pradesh	36	25.3327	82.4664	200000	Asia/Kolkata		
13118277	Bandar Utama	Malaysia	MY	Kuala Lumpur	14	3.1482	101.6141	200000	Asia/Kuala_Lumpur		
13118362	Bukit Jalil	Malaysia	MY	Kuala Lumpur	14	3.0491	101.6804	200000	Asia/Kuala_Lumpur		
13512708	Nyingchi	China	CN	Tibet	14	29.6488	94.3551	200000	Asia/Shanghai		
13561808	Rayon KTZ	Ukraine	UA	Kharkivs’ka Oblast’	07	49.9435	36.3696	200000	Europe/Kyiv		
1626103	Sumedang	Indonesia	ID	West Java	30	-6.8586	107.9164	200000	Asia/Jakarta		
1818222	Yuen Long San Hui	Hong Kong	HK	Yuen Long	NYL	22.4333	114.0333	200000	Asia/Hong_Kong		
1818225	Yuen Long	Hong Kong	HK	Yuen Long	NYL	22.4452	114.0262	200000	Asia/Hong_Kong		
2218970	Az Zāwīyah	Libya	LY	Az Zawiyah	68	32.7571	12.7276	200000	Africa/Tripoli		
496348	Severnyy	Russia	RU	Moscow	48	55.9358	37.5489	200000	Europe/Moscow		
60149	El Dibir	Somalia	SO	Bari	03	11.7667	51.2167	200000	Africa/Mogadishu		
1803551	Beiliu	China	CN	Guangxi	16	22.7072	110.3492	199769	Asia/Shanghai		
3887127	Iquique	Chile	CL	Tarapacá	15	-20.2133	-70.1503	199587	America/Santiago		
1565047	Thuận Thanh	Vietnam	VN	Bac Ninh	24	21.0460	106.0790	199577	Asia/Bangkok		
579492	Balakovo	Russia	RU	Saratov Oblast	67	52.0264	47.7967	199572	Europe/Saratov		
580922	Armavir	Russia	RU	Krasnodar Krai	38	44.9985	41.1147	199548	Europe/Moscow		
6822182	Yachiyo	Japan	JP	Chiba	04	35.7353	140.1244	199498	Asia/Tokyo		
6545349	Saidpur	Bangladesh	BD	Rangpur Division	87	25.7777	88.8917	199422	Asia/Dhaka		
1880348	Punggol	Singapore	SG		02	1.4144	103.9069	199400	Asia/Singapore		
9645071	Quận Bốn	Vietnam	VN	Ho Chi Minh City (HCMC)	79	10.7668	106.7057	199329	Asia/Ho_Chi_Minh		
361546	Arīsh	Egypt	EG	North Sinai	27	31.1316	33.7984	199243	Africa/Cairo		
1735150	Rawang	Malaysia	MY	Selangor	12	3.3213	101.5767	199095	Asia/Kuala_Lumpur		
2650839	Dudley	United Kingdom	GB	England	ENG	52.5000	-2.0833	199059	Europe/London		
2329660	Mushin	Nigeria	NG	Lagos	05	6.5280	3.3541	199000	Africa/Lagos		
2119441	Yuzhno-Sakhalinsk	Russia	RU	Sakhalin Oblast	64	46.9543	142.7356	198973	Asia/Sakhalin		
2912621	Hagen	Germany	DE	North Rhine-Westphalia	07	51.3608	7.4717	198972	Europe/Berlin		
3640465	Guacara	Venezuela	VE	Carabobo	07	10.2261	-67.8770	198883	America/Caracas		
6318856	Valparaíso de Goiás	Brazil	BR	Goiás	29	-16.0658	-47.9786	198861	America/Sao_Paulo		
3099230	Gliwice	Poland	PL	Silesia	83	50.2976	18.6766	198835	Europe/Warsaw		
1529569	Changji	China	CN	Xinjiang	13	44.0078	87.3046	198776	Asia/Urumqi		
11611930	Kodaira	Japan	JP	Tokyo	40	35.7260	139.4851	198739	Asia/Tokyo		
13512576	Plano Piloto	Brazil	BR	Federal District	07	-15.7941	-47.8825	198697	America/Sao_Paulo		
5516233	Amarillo	United States	US	Texas	TX	35.2220	-101.8313	198645	America/Chicago		
1275120	Bulandshahr	India	IN	Uttar Pradesh	36	28.4039	77.8577	198612	Asia/Kolkata		
13512674	Lusail	Qatar	QA	Al Daayen	13	25.4175	51.5075	198600	Asia/Qatar		
2657832	Aberdeen	United Kingdom	GB	Scotland	SCT	57.1437	-2.0981	198590	Europe/London		
3165926	Taranto	Italy	IT	Apulia	13	40.4644	17.2471	198585	Europe/Rome		
3439214	Capiatá	Paraguay	PY	Central Department	06	-25.3552	-57.4455	198553	America/Asuncion		
1643837	Gorontalo	Indonesia	ID	Gorontalo	34	0.5375	123.0625	198539	Asia/Makassar		
1811764	Duyun	China	CN	Guizhou	18	26.2667	107.5167	198516	Asia/Shanghai		
184707	Naivasha	Kenya	KE	Nakuru County	39	-0.7138	36.4326	198444	Africa/Nairobi		
1804850	Kaiyuan	China	CN	Yunnan	29	23.6977	103.3037	198423	Asia/Shanghai		
759734	Rzeszów	Poland	PL	Subcarpathia	80	50.0413	21.9990	198317	Europe/Warsaw		
2844588	Rostock	Germany	DE	Mecklenburg-Vorpommern	12	54.0887	12.1405	198293	Europe/Berlin		
3171457	Parma	Italy	IT	Emilia-Romagna	05	44.7993	10.3262	198292	Europe/Rome		
1735902	Sibu	Malaysia	MY	Sarawak	11	2.3000	111.8167	198239	Asia/Kuching		
751868	Arnavutköy	Turkey	TR	Istanbul	34	41.1835	28.7402	198165	Europe/Istanbul		
1861310	Itami	Japan	JP	Hyōgo	13	34.7843	135.4013	198138	Asia/Tokyo		
696877	Podil	Ukraine	UA	Kyiv City	12	50.4694	30.5163	198123	Europe/Kyiv		
1800657	Mentougou	China	CN	Beijing	22	39.9382	116.0931	197772	Asia/Shanghai		
1275926	Bhind	India	IN	Madhya Pradesh	35	26.5667	78.7873	197585	Asia/Kolkata		
5145476	Akron	United States	US	Ohio	OH	41.0814	-81.5190	197542	America/New_York		
3870294	Talca	Chile	CL	Maule Region	11	-35.4232	-71.6497	197479	America/Santiago		
3530594	Ciudad Madero	Mexico	MX	Tamaulipas	28	22.2475	-97.8367	197216	America/Monterrey		
2315728	Gemena	Democratic Republic of the Congo	CD	Sud-Ubangi	28	3.2565	19.7723	197159	Africa/Kinshasa		
10263167	Bhālswa Jahangirpur	India	IN	Delhi	07	28.7356	77.1668	197148	Asia/Kolkata		
13512503	Lushui	China	CN	Yunnan	29	25.8232	98.8585	197000	Asia/Shanghai		
140463	Bīrjand	Iran	IR	South Khorasan Province	41	32.8663	59.2211	196982	Asia/Tehran		
3083271	Toruń	Poland	PL	Kujawsko-Pomorskie	73	53.0138	18.5981	196935	Europe/Warsaw		
2521886	Almería	Spain	ES	Andalusia	51	36.8381	-2.4597	196851	Europe/Madrid		
1805798	Jijiang	China	CN	Chongqing	33	29.2899	106.2500	196787	Asia/Shanghai		
3696417	Huánuco	Peru	PE	Huánuco Department	10	-9.9288	-76.2399	196627	America/Lima		
11611627	Higashihiroshima	Japan	JP	Hiroshima	11	34.4086	132.7368	196608	Asia/Tokyo		
745028	İzmit	Turkey	TR	Kocaeli	41	40.7650	29.9293	196571	Europe/Istanbul		
2984114	Reims	France	FR	Grand Est	44	49.2653	4.0285	196565	Europe/Paris		
1808950	Hanfeng	China	CN	Chongqing	33	31.1695	108.4031	196528	Asia/Shanghai		
5814616	Vancouver	United States	US	Washington	WA	45.6387	-122.6615	196442	America/Los_Angeles		
4049979	Birmingham	United States	US	Alabama	AL	33.5207	-86.8025	196357	America/Chicago		
2462881	Laayoune	Western Sahara	EH			27.1418	-13.1880	196331	Africa/El_Aaiun		
1267076	Khammam	India	IN	Telangana	40	17.2477	80.1437	196283	Asia/Kolkata		
294751	H̱olon	Israel	IL	Tel Aviv	05	32.0103	34.7792	196282	Asia/Jerusalem		
976361	Middelburg	South Africa	ZA	Mpumalanga	07	-25.7751	29.4648	196263	Africa/Johannesburg		
1843702	Icheon-si	South Korea	KR	Gyeonggi-do	13	37.2792	127.4425	196230	Asia/Seoul		
1607508	Phra Pradaeng	Thailand	TH	Samut Prakan	42	13.6585	100.5336	196129	Asia/Bangkok		
2427455	Moundou	Chad	TD	Logone Occidental	08	8.5744	16.0772	196124	Africa/Ndjamena		
1257540	Sambhal	India	IN	Uttar Pradesh	36	28.5850	78.5696	196109	Asia/Kolkata		
1214658	Lhokseumawe	Indonesia	ID	Aceh	01	5.1801	97.1507	196067	Asia/Jakarta		
1275899	Bhiwāni	India	IN	Haryana	10	28.7930	76.1397	196057	Asia/Kolkata		
563464	Engels	Russia	RU	Saratov Oblast	67	51.4839	46.1053	196011	Europe/Saratov		
4026082	Ciudad Lázaro Cárdenas	Mexico	MX	Michoacán	16	17.9626	-102.1989	196003	America/Mexico_City		
1024694	Mocuba	Mozambique	MZ	Zambezia Province	09	-16.8375	36.9856	196001	Africa/Maputo		
1283339	Hetauda	Nepal	NP	Bagmati Province	3	27.4284	85.0322	195951	Asia/Kathmandu		
3185728	Durrës	Albania	AL	Durrës County	42	41.3235	19.4547	195920	Europe/Tirane		
1851348	Suzuka	Japan	JP	Mie	23	34.8833	136.5833	195670	Asia/Tokyo		
3432043	La Plata	Argentina	AR	Buenos Aires	01	-34.9213	-57.9544	195443	America/Argentina/Buenos_Aires		
1283318	Janakpur	Nepal	NP	Madhesh	2	26.7288	85.9263	195438	Asia/Kathmandu		
1860437	Kamirenjaku	Japan	JP	Tokyo	40	35.6942	139.5549	195391	Asia/Tokyo		
1260434	Panvel	India	IN	Maharashtra	16	18.9888	73.1101	195373	Asia/Kolkata		
1798972	Peicheng	China	CN	Jiangsu	04	34.7361	116.9247	195363	Asia/Shanghai		
1236854	Maharagama	Sri Lanka	LK	Western Province	36	6.8480	79.9265	195355	Asia/Colombo		
4076784	Montgomery	United States	US	Alabama	AL	32.3668	-86.3000	195287	America/Chicago		
2792413	Liège	Belgium	BE	Wallonia	WAL	50.6337	5.5675	195278	Europe/Brussels		
1858428	Kumagaya	Japan	JP	Saitama	34	36.1350	139.3900	195277	Asia/Tokyo		
1841988	Guri-si	South Korea	KR	Gyeonggi-do	13	37.5986	127.1394	195236	Asia/Seoul		
1278860	Ambāla	India	IN	Haryana	10	30.3610	76.7978	195153	Asia/Kolkata		
4994358	Grand Rapids	United States	US	Michigan	MI	42.9634	-85.6681	195097	America/Detroit		
3169921	Prato	Italy	IT	Tuscany	16	43.8805	11.0970	195089	Europe/Rome		
8223943	Kumarapalayam	India	IN	Tamil Nadu	25	11.4450	77.7110	195071	Asia/Kolkata		
1283562	Butwāl	Nepal	NP	Lumbini Province	5	27.7005	83.4484	195054	Asia/Kathmandu		
1214724	Langsa	Indonesia	ID	Aceh	01	4.4683	97.9683	194730	Asia/Jakarta		
2455518	Kayes	Mali	ML	Kayes	03	14.4478	-11.4439	194716	Africa/Bamako		
354502	Kafr ash Shaykh	Egypt	EG	Kafr el-Sheikh	21	31.1117	30.9399	194569	Africa/Cairo		
320257	Çiğli	Turkey	TR	İzmir Province	35	38.4965	27.0703	194525	Europe/Istanbul		
2892518	Kassel	Germany	DE	Hesse	05	51.3167	9.5000	194501	Europe/Berlin		
2477461	Tébessa	Algeria	DZ	Tébessa	33	35.4042	8.1242	194461	Africa/Algiers		
1732676	Kuala Kubu Baharu	Malaysia	MY	Selangor	12	3.5638	101.6581	194387	Asia/Kuala_Lumpur		
193624	Karuri	Kenya	KE	Kiambu County	22	-1.1764	36.7564	194342	Africa/Nairobi		
193627	Karuri	Kenya	KE	Murang'A	38	-0.7000	37.1833	194342	Africa/Nairobi		
2417786	Manéah	Guinea	GN	Kindia	D	9.7333	-13.4167	194297	Africa/Conakry		
496285	Severodvinsk	Russia	RU	Arkhangelskaya	06	64.5583	39.8297	194292	Europe/Moscow		
13308632	Kowloon City Centre	Hong Kong	HK	Kowloon City	KKC	22.3298	114.1889	194290	Asia/Hong_Kong		
187269	Matuga	Kenya	KE	Kwale County	28	-4.1680	39.5707	194252	Africa/Nairobi		
747764	Düzce	Turkey	TR	Düzce	93	40.8389	31.1639	194097	Europe/Istanbul		
2328765	Nnewi	Nigeria	NG	Anambra	25	6.0196	6.9173	193987	Africa/Lagos		
1848689	Yamaguchi	Japan	JP	Yamaguchi	45	34.1833	131.4667	193966	Asia/Tokyo		
3130616	Alcalá de Henares	Spain	ES	Madrid	29	40.4821	-3.3600	193751	Europe/Madrid		
6947639	Başakşehir	Turkey	TR	Istanbul	34	41.1060	28.7910	193750	Europe/Istanbul		
1811619	Ezhou	China	CN	Hubei	12	30.4000	114.8333	193652	Asia/Shanghai		
1784712	Zhengding	China	CN	Hebei	10	38.1450	114.5656	193524	Asia/Shanghai		
6698121	Taguatinga	Brazil	BR	Federal District	07	-15.8333	-48.0551	193367	America/Sao_Paulo		
2742032	Braga	Portugal	PT	Braga	04	41.5514	-8.4231	193324	Europe/Lisbon		
1174376	Garhi Khairo	Pakistan	PK	Sindh	05	28.0572	67.9790	193297	Asia/Karachi		
909863	Luanshya	Zambia	ZM	Copperbelt	08	-13.1367	28.4166	193293	Africa/Lusaka		
7026720	Bang Khae	Thailand	TH	Bangkok	40	13.6930	100.4076	193002	Asia/Bangkok		
1729085	Bago City	Philippines	PH	Western Visayas	06	10.5333	122.8333	192993	Asia/Manila		
1786378	Yongchuan	China	CN	Chongqing	33	29.3538	105.8939	192954	Asia/Shanghai		
1849372	Uji	Japan	JP	Kyoto	22	34.8904	135.8032	192925	Asia/Tokyo		
1264637	Machilīpatnam	India	IN	Andhra Pradesh	02	16.1875	81.1389	192827	Asia/Kolkata		
1803842	Hepu	China	CN	Guangxi	16	21.6592	109.2001	192813	Asia/Shanghai		
2038670	Aihui	China	CN	Heilongjiang	08	49.9795	127.4812	192764	Asia/Shanghai		
2043837	Hyesan	North Korea	KP	Yanggang-do	13	41.4017	128.1778	192680	Asia/Pyongyang		
3567597	Bayamo	Cuba	CU	Granma Province	09	20.3737	-76.6427	192632	America/Havana		
769250	Kielce	Poland	PL	Świętokrzyskie	84	50.8703	20.6275	192468	Europe/Warsaw		
1192366	Pār Naogaon	Bangladesh	BD	Rajshahi Division	83	24.8042	88.9488	192464	Asia/Dhaka		
1792585	Fuding	China	CN	Fujian	07	27.3273	120.2140	192352	Asia/Shanghai		
3456223	Nossa Senhora do Socorro	Brazil	BR	Sergipe	28	-10.8550	-37.1261	192330	America/Maceio		
3402591	Castanhal	Brazil	BR	Pará	16	-1.2939	-47.9264	192256	America/Belem		
11962424	Cidade Tiradentes	Brazil	BR	São Paulo	27	-23.5848	-46.4008	192177	America/Sao_Paulo		
3080985	Zabrze	Poland	PL	Silesia	83	50.3249	18.7858	192177	Europe/Warsaw		
140380	Bojnūrd	Iran	IR	North Khorasan	43	37.4747	57.3290	192041	Asia/Tehran		
2322733	Surulere	Nigeria	NG	Lagos	05	6.5015	3.3581	191920	Africa/Lagos		
1806696	Humen	China	CN	Guangdong	30	22.8190	113.6731	191891	Asia/Shanghai		
1610780	Hat Yai	Thailand	TH	Songkhla	68	7.0084	100.4767	191696	Asia/Bangkok		
2037086	Haicheng	China	CN	Liaoning	19	40.8516	122.7475	191651	Asia/Shanghai		
1645895	Curug	Indonesia	ID	Banten	33	-6.2658	106.5564	191406	Asia/Jakarta		
3689169	Barrancabermeja	Colombia	CO	Santander Department	26	7.0653	-73.8547	191403	America/Bogota		
462444	Zlatoust	Russia	RU	Chelyabinsk	13	55.1718	59.6547	191366	Asia/Yekaterinburg		
1514581	Angren	Uzbekistan	UZ	Tashkent Region	14	41.0167	70.1436	191300	Asia/Tashkent		
228853	Mukono	Uganda	UG	Central Region	C	0.3533	32.7553	191300	Africa/Kampala		
3530599	Ciudad del Carmen	Mexico	MX	Campeche	04	18.6459	-91.8299	191238	America/Merida		
3456166	Nova Friburgo	Brazil	BR	Rio de Janeiro	21	-22.2819	-42.5311	191158	America/Sao_Paulo		
1162004	Khairpur Mir’s	Pakistan	PK	Sindh	05	27.5295	68.7592	191044	Asia/Karachi		
13118432	Business Bay	United Arab Emirates	AE	Dubai	03	25.1854	55.2697	191000	Asia/Dubai		
1514879	Khujand	Tajikistan	TJ	Sughd	03	40.2826	69.6222	191000	Asia/Dushanbe		
5308480	Peoria	United States	US	Arizona	AZ	33.5806	-112.2374	190985	America/Phoenix		
2304121	Ashaiman	Ghana	GH	Greater Accra	01	5.6995	-0.0348	190972	Africa/Accra		
5224151	Providence	United States	US	Rhode Island	RI	41.8240	-71.4128	190934	America/New_York		
1884737	Choa Chu Kang New Town	Singapore	SG		03	1.3825	103.7497	190890	Asia/Singapore		
1633037	Palopo	Indonesia	ID	South Sulawesi	38	-2.9925	120.1969	190867	Asia/Makassar		
1264389	Mahesāna	India	IN	Gujarat	09	23.5986	72.3847	190753	Asia/Kolkata		
4634946	Knoxville	United States	US	Tennessee	TN	35.9606	-83.9207	190740	America/New_York		
3121960	Fuenlabrada	Spain	ES	Madrid	29	40.2842	-3.7942	190496	Europe/Madrid		
1862599	Hino	Japan	JP	Tokyo	40	35.6731	139.4003	190435	Asia/Tokyo		
1175864	Jhelum	Pakistan	PK	Punjab	04	32.9345	73.7310	190425	Asia/Karachi		
1264407	Mahbūbnagar	India	IN	Telangana	40	16.7438	77.9860	190400	Asia/Kolkata		
2965140	Cork	Ireland	IE	Munster	M	51.8980	-8.4706	190384	Europe/Dublin		
2038342	Beipiao	China	CN	Liaoning	19	41.7919	120.7792	190315	Asia/Shanghai		
1608048	Pak Kret	Thailand	TH	Nonthaburi	38	13.9118	100.4977	190272	Asia/Bangkok		
1586360	Cẩm Phả	Vietnam	VN	Quảng Ninh	22	21.0100	107.2734	190232	Asia/Bangkok		
99454	Al Fallūjah	Iraq	IQ	Anbar	01	33.3491	43.7860	190159	Asia/Baghdad		
1529651	Jinshanlu	China	CN	Xinjiang	13	47.8505	88.1329	190064	Asia/Urumqi		
2337207	Ise-Ekiti	Nigeria	NG	Ekiti State	54	7.4648	5.4233	190063	Africa/Lagos		
1648186	Bontang	Indonesia	ID	East Kalimantan	14	0.1324	117.4854	189968	Asia/Makassar		
1166652	Saddiqabad	Pakistan	PK	Punjab	04	28.3091	70.1265	189876	Asia/Karachi		
2190324	Hamilton	New Zealand	NZ	Waikato Region	G1	-37.7833	175.2833	189700	Pacific/Auckland		
1859100	Kofu	Japan	JP	Yamanashi	46	35.6667	138.5667	189591	Asia/Tokyo		
1854902	Numazu	Japan	JP	Shizuoka	37	35.1000	138.8667	189486	Asia/Tokyo		
6825489	Jōetsu	Japan	JP	Niigata	29	37.1483	138.2364	189430	Asia/Tokyo		
11184422	Planaltina	Brazil	BR	Federal District	07	-15.6179	-47.6487	189412	America/Sao_Paulo		
5513343	Sunrise Manor	United States	US	Nevada	NV	36.2111	-115.0731	189372	America/Los_Angeles		
1257542	Sambalpur	India	IN	Odisha	21	21.4653	83.9757	189366	Asia/Kolkata		
484972	Syzran	Russia	RU	Samara Oblast	65	53.1585	48.4681	189338	Europe/Samara		
1667982	Danshui	Taiwan	TW	Taipei	03	25.1720	121.4429	189271	Asia/Taipei		
3101950	Bytom	Poland	PL	Silesia	83	50.3480	18.9328	189186	Europe/Warsaw		
207570	Mwene-Ditu	Democratic Republic of the Congo	CD	Lomami	21	-7.0091	23.4528	189177	Africa/Lubumbashi		
1695743	Panalanoy	Philippines	PH	Eastern Visayas	08	11.2511	125.0064	189090	Asia/Manila		
3389353	Santarém	Brazil	BR	Pará	16	-2.4431	-54.7083	189047	America/Santarem		
1809467	Guixi	China	CN	Chongqing	33	30.3335	107.3454	188980	Asia/Shanghai		
1854747	Odawara	Japan	JP	Kanagawa	19	35.2556	139.1597	188856	Asia/Tokyo		
3468031	Camaçari	Brazil	BR	Bahia	05	-12.6975	-38.3242	188758	America/Bahia		
1638868	Labuan Bajo	Indonesia	ID	East Nusa Tenggara	18	-8.4964	119.8877	188724	Asia/Makassar		
1865294	Anjō	Japan	JP	Aichi	01	34.9583	137.0805	188693	Asia/Tokyo		
6956647	Boyeros	Cuba	CU	Havana	02	23.0072	-82.4017	188593	America/Havana		
1002145	George	South Africa	ZA	Western Cape	11	-33.9630	22.4617	188580	Africa/Johannesburg		
1849892	Tottori-shi	Japan	JP	Tottori	41	35.5000	134.2333	188465	Asia/Tokyo		
3118594	Leganés	Spain	ES	Madrid	29	40.3272	-3.7635	188425	Europe/Madrid		
3649833	Acarigua	Venezuela	VE	Portuguesa	18	9.5545	-69.1956	188278	America/Caracas		
334609	Hosa’ina	Ethiopia	ET	Central Ethiopia Regional State	55	7.5498	37.8537	188200	Africa/Addis_Ababa		
7026886	Sai Mai	Thailand	TH	Bangkok	40	13.9207	100.6455	188123	Asia/Bangkok		
1285693	Yawnghwe	Myanmar	MM	Shan State	11	20.6597	96.9338	188083	Asia/Yangon		
1704703	Mabalacat City	Philippines	PH	Central Luzon	03	15.2230	120.5712	188050	Asia/Manila		
3670745	Riohacha	Colombia	CO	La Guajira Department	17	11.5444	-72.9072	188014	America/Bogota		
1804578	Laizhou	China	CN	Shandong	25	37.1807	119.9422	188000	Asia/Shanghai		
3450404	Santa Bárbara d'Oeste	Brazil	BR	São Paulo	27	-22.7536	-47.4136	188000	America/Sao_Paulo		
3451138	Rio Grande	Brazil	BR	Rio Grande do Sul	23	-32.0350	-52.0986	187838	America/Sao_Paulo		
4694482	Grand Prairie	United States	US	Texas	TX	32.7460	-96.9978	187809	America/Chicago		
1685755	Sorsogon	Philippines	PH	Bicol Region	05	12.9739	123.9933	187670	Asia/Manila		
10374934	Ait Melloul	Morocco	MA	Souss-Massa	09	30.3416	-9.5036	187652	Africa/Casablanca		
2636503	Sutton	United Kingdom	GB	England	ENG	51.3500	-0.2000	187600	Europe/London		
4341513	Shreveport	United States	US	Louisiana	LA	32.5251	-93.7502	187593	America/Chicago		
3121437	Getafe	Spain	ES	Madrid	29	40.3057	-3.7330	187525	Europe/Madrid		
9645073	Quận Năm	Vietnam	VN	Ho Chi Minh City (HCMC)	79	10.7557	106.6675	187510	Asia/Ho_Chi_Minh		
1275778	Bhusawal	India	IN	Maharashtra	16	21.0436	75.7851	187421	Asia/Kolkata		
3934876	Miraflores	Peru	PE	Lima region	15	-12.1133	-77.0327	187401	America/Lima		
3454865	Alvorada	Brazil	BR	Rio Grande do Sul	23	-30.0002	-51.0763	187315	America/Sao_Paulo		
3530870	Chilpancingo	Mexico	MX	Guerrero	12	17.5523	-99.5012	187251	America/Mexico_City		
3468376	Cachoeiro de Itapemirim	Brazil	BR	Espírito Santo	08	-20.8489	-41.1128	187019	America/Sao_Paulo		
11903636	Donaustadt	Austria	AT	State of Vienna	09	48.2333	16.4600	187007	Europe/Vienna		
3544091	Pinar del Río	Cuba	CU	Pinar del Río	01	22.4165	-83.6966	186990	America/Havana		
8416933	Huixing	China	CN	Chongqing	33	29.6840	106.6149	186972	Asia/Shanghai		
307654	Kırıkkale	Turkey	TR	Kırıkkale	79	39.8453	33.5064	186960	Europe/Istanbul		
615532	Batumi	Georgia	GE	Adjara	04	41.6408	41.6306	186949	Asia/Tbilisi		
5911592	Burlington	Canada	CA	Ontario	08	43.3862	-79.8371	186948	America/Toronto		
1336143	Pābna	Bangladesh	BD	Rajshahi Division	83	24.0064	89.2372	186781	Asia/Dhaka		
4676740	Brownsville	United States	US	Texas	TX	25.9017	-97.4975	186738	America/Chicago		
1815477	Changyuan	China	CN	Chongqing	33	29.4050	105.5883	186653	Asia/Shanghai		
3564124	Cienfuegos	Cuba	CU	Cienfuegos Province	08	22.1468	-80.4481	186644	America/Havana		
295530	Beersheba	Israel	IL	Southern District	01	31.2518	34.7913	186600	Asia/Jerusalem		
2497411	El Oued	Algeria	DZ	El Oued	43	33.3561	6.8632	186525	Africa/Algiers		
4276873	Overland Park	United States	US	Kansas	KS	38.9822	-94.6708	186515	America/Chicago		
1259064	Raebareli	India	IN	Uttar Pradesh	36	26.2309	81.2331	186433	Asia/Kolkata		
7910932	Shangri-La	China	CN	Yunnan	29	27.8251	99.7078	186400	Asia/Shanghai		
952865	Springs	South Africa	ZA	Gauteng	06	-26.2500	28.4000	186394	Africa/Johannesburg		
4776024	Newport News	United States	US	Virginia	VA	36.9804	-76.4297	186247	America/New_York		
8417605	Yangcheng	China	CN	Chongqing	33	29.9997	106.2560	186242	Asia/Shanghai		
2453348	Mopti	Mali	ML	Mopti	04	14.4843	-4.1830	186187	Africa/Bamako		
248460	Khuraybat as Sūq	Jordan	JO	Amman	16	31.8791	35.9210	186158	Asia/Amman		
2216885	Zawiya	Libya	LY	Az Zawiyah	68	32.7522	12.7278	186123	Africa/Tripoli		
3979802	Zamora de Hidalgo	Mexico	MX	Michoacán	16	19.9840	-102.2863	186102	America/Mexico_City		
1270351	Haridwar	India	IN	Uttarakhand	39	29.9479	78.1603	186079	Asia/Kolkata		
380174	Ad-Damazin	Sudan	SD	Blue Nile	42	11.7891	34.3592	186051	Africa/Khartoum		
1529531	Dunhuang	China	CN	Gansu	15	40.1667	94.6833	186027	Asia/Shanghai		
1805704	Jing’an	China	CN	Guangdong	30	22.2107	113.2922	186000	Asia/Shanghai		
3003796	Le Havre	France	FR	Normandy	28	49.4935	0.1079	185972	Europe/Paris		
13607660	Verhunskyi	Ukraine	UA	Luhansk	14	48.5857	39.3716	185593	Europe/Kyiv		
11127930	Phusro	India	IN	Jharkhand	38	23.7564	86.0051	185555	Asia/Kolkata		
3110044	Donostia / San Sebastián	Spain	ES	Basque Country	59	43.3128	-1.9750	185357	Europe/Madrid		
3521168	Poza Rica de Hidalgo	Mexico	MX	Veracruz	30	20.5331	-97.4595	185242	America/Mexico_City		
358840	Bilbeis	Egypt	EG	Sharqia	14	30.4204	31.5622	185237	Africa/Cairo		
1691444	Roxas City	Philippines	PH	Western Visayas	06	11.5853	122.7511	185236	Asia/Manila		
2994540	Paris 20 Ménilmontant	France	FR	Île-de-France	11	48.8646	2.3984	185140	Europe/Paris		
305268	Kütahya	Turkey	TR	Kütahya	43	39.4242	29.9833	185008	Europe/Istanbul		
3173331	Modena	Italy	IT	Emilia-Romagna	05	44.6478	10.9254	184732	Europe/Rome		
750516	Bolu	Turkey	TR	Bolu	14	40.7358	31.6061	184682	Europe/Istanbul		
1849845	Toyokawa	Japan	JP	Aichi	01	34.8167	137.4000	184661	Asia/Tokyo		
1279335	Adoni	India	IN	Andhra Pradesh	02	15.6279	77.2750	184625	Asia/Kolkata		
1861107	Izumi	Japan	JP	Osaka	32	34.4833	135.4333	184615	Asia/Tokyo		
12157007	Santa Anita - Los Ficus	Peru	PE	Lima region	15	-12.0505	-76.9733	184614	America/Lima		
1785462	Zaoyang	China	CN	Hubei	12	32.1272	112.7542	184509	Asia/Shanghai		
9827976	Paltan	Bangladesh	BD	Dhaka Division	81	23.7362	90.4143	184492	Asia/Dhaka		
11204237	Ivory Park	South Africa	ZA	Gauteng	06	-25.9957	28.1971	184383	Africa/Johannesburg		
173377	Al Qāmishlī	Syria	SY	Al-Hasakah	01	37.0521	41.2314	184231	Asia/Damascus		
1963770	Padalarang	Indonesia	ID	West Java	30	-6.8378	107.4728	184182	Asia/Jakarta		
1512236	Abakan	Russia	RU	Khakasiya Republic	31	53.7154	91.4259	184168	Asia/Krasnoyarsk		
1631648	Pemalang	Indonesia	ID	Central Java	07	-6.8919	109.3826	184149	Asia/Jakarta		
2758401	Breda	The Netherlands	NL	North Brabant	06	51.5866	4.7760	184126	Europe/Amsterdam		
1562773	Vĩnh Châu	Vietnam	VN	Can Tho City	92	9.3244	105.9801	183918	Asia/Ho_Chi_Minh		
1182092	Burewala	Pakistan	PK	Punjab	04	30.1667	72.6500	183915	Asia/Karachi		
2038584	Baishan	China	CN	Jilin	05	41.9385	126.4197	183880	Asia/Shanghai		
1255560	Sūjāngarh	India	IN	Rajasthan	24	27.7000	74.4667	183808	Asia/Kolkata		
11611487	Tachikawa	Japan	JP	Tokyo	40	35.7091	139.4189	183581	Asia/Tokyo		
8555643	Cergy-Pontoise	France	FR	Île-de-France	11	49.0389	2.0781	183430	Europe/Paris		
101732	Unaizah	Saudi Arabia	SA	Al-Qassim Region	08	26.1000	44.0000	183319	Asia/Riyadh		
4076598	Mobile	United States	US	Alabama	AL	30.6944	-88.0430	183289	America/Chicago		
2638785	St Helens	United Kingdom	GB	England	ENG	53.4500	-2.7333	183200	Europe/London		
1213547	Tanjungbalai	Indonesia	ID	North Sumatra	26	2.9667	99.8000	183170	Asia/Jakarta		
4155966	Fort Lauderdale	United States	US	Florida	FL	26.1223	-80.1434	183146	America/New_York		
1638063	Lembang	Indonesia	ID	West Java	30	-6.8117	107.6175	183130	Asia/Jakarta		
3029374	Paris 18 Buttes-Montmartre	France	FR	Île-de-France	11	48.8925	2.3444	183127	Europe/Paris		
6544104	Sants-Montjuïc	Spain	ES	Catalonia	56	41.3726	2.1546	183120	Europe/Madrid		
671768	Oradea	Romania	RO	Bihor County	05	47.0458	21.9183	183105	Europe/Bucharest		
160892	Bunda	Tanzania	TZ	Mara	08	-2.0215	33.8711	182970	Africa/Dar_es_Salaam		
2479536	Skikda	Algeria	DZ	Skikda	31	36.8762	6.9092	182903	Africa/Algiers		
124082	Mīāneh	Iran	IR	East Azerbaijan	33	37.4210	47.7150	182848	Asia/Tehran		
1215957	Tirmiz	Uzbekistan	UZ	Surxondaryo Region	12	37.2242	67.2783	182800	Asia/Samarkand		
3460102	Jaraguá do Sul	Brazil	BR	Santa Catarina	26	-26.4861	-49.0667	182660	America/Sao_Paulo		
3644918	Cúa	Venezuela	VE	Miranda	15	10.1624	-66.8825	182558	America/Caracas		
1256052	Sirsa	India	IN	Haryana	10	29.5349	75.0290	182534	Asia/Kolkata		
1504826	Kamensk-Ural’skiy	Russia	RU	Sverdlovsk Oblast	71	56.4063	61.9335	182500	Asia/Yekaterinburg		
11962375	Cidade Dutra	Brazil	BR	São Paulo	27	-23.7258	-46.7024	182459	America/Sao_Paulo		
2523630	Reggio Calabria	Italy	IT	Calabria	03	38.1105	15.6613	182455	Europe/Rome		
13156932	Dinapur Nizamat	India	IN	Bihar	34	25.6385	85.0512	182429	Asia/Kolkata		
5393049	Santa Clarita	United States	US	California	CA	34.3917	-118.5426	182371	America/Los_Angeles		
1014073	Carletonville	South Africa	ZA	Gauteng	06	-26.3609	27.3977	182304	Africa/Johannesburg		
2421535	Dubréka	Guinea	GN	Kindia	D	9.7911	-13.5233	182296	Africa/Conakry		
359280	Banhā	Egypt	EG	Qalyubia	12	30.4598	31.1842	182254	Africa/Cairo		
1277799	Bahraigh	India	IN	Uttar Pradesh	36	27.5743	81.5947	182218	Asia/Kolkata		
98622	Ash Shaţrah	Iraq	IQ	Dhi Qar	09	31.4091	46.1727	182175	Asia/Baghdad		
3169694	Quarto Oggiaro	Italy	IT	Lombardy	09	45.5131	9.1434	182118	Europe/Rome		
2852458	Potsdam	Germany	DE	Brandenburg	11	52.3989	13.0657	182112	Europe/Berlin		
1818483	Tsing Yi Town	Hong Kong	HK	Kwai Tsing District	NKT	22.3500	114.1000	182100	Asia/Hong_Kong		
3461879	Guarapuava	Brazil	BR	Paraná	18	-25.3905	-51.4654	182093	America/Sao_Paulo		
1308522	Monywa	Myanmar	MM	Sagaing Region	10	22.1086	95.1358	182011	Asia/Yangon		
185131	Mwala	Kenya	KE	Machakos County	31	-1.3525	37.4548	181896	Africa/Nairobi		
1267885	Kāraikkudi	India	IN	Tamil Nadu	25	10.0662	78.7678	181851	Asia/Kolkata		
3649017	Araure	Venezuela	VE	Portuguesa	18	9.5814	-69.2385	181820	America/Caracas		
13157013	Sultan Pur Majra	India	IN	Delhi	07	28.6897	77.0765	181554	Asia/Kolkata		
1784617	Zhenping	China	CN	Henan	09	33.0346	112.2276	181528	Asia/Shanghai		
2038650	Anda	China	CN	Heilongjiang	08	46.4487	125.3016	181271	Asia/Shanghai		
3015772	Paris 13 Gobelins	France	FR	Île-de-France	11	48.8322	2.3561	181271	Europe/Paris		
2122104	Petropavlovsk-Kamchatsky	Russia	RU	Kamchatka	92	53.0639	158.6275	181216	Asia/Kamchatka		
246013	Wādī as Sīr	Jordan	JO	Amman	16	31.9545	35.8183	181212	Asia/Amman		
6657205	Fardīs	Iran	IR	Tehran	26	35.7555	50.9967	181174	Asia/Tehran		
4612862	Chattanooga	United States	US	Tennessee	TN	35.0456	-85.3097	181099	America/New_York		
1270711	Guna	India	IN	Madhya Pradesh	35	24.6469	77.3113	180935	Asia/Kolkata		
2615876	Odense	Denmark	DK	South Denmark	21	55.3959	10.3883	180863	Europe/Copenhagen		
1626899	Singosari	Indonesia	ID	East Java	08	-7.8924	112.6658	180740	Asia/Jakarta		
3906194	Sacaba	Bolivia	BO	Cochabamba	02	-17.3980	-66.0383	180726	America/La_Paz		
3590979	Quetzaltenango	Guatemala	GT	Quetzaltenango	13	14.8446	-91.5232	180706	America/Guatemala		
1274784	Chandannagar	India	IN	West Bengal	28	22.8622	88.3680	180623	Asia/Kolkata		
1277820	Baharampur	India	IN	West Bengal	28	24.1047	88.2515	180547	Asia/Kolkata		
670474	Ploieşti	Romania	RO	Prahova	30	44.9500	26.0167	180540	Europe/Bucharest		
3436043	Berazategui	Argentina	AR	Buenos Aires	01	-34.7653	-58.2128	180523	America/Argentina/Buenos_Aires		
12501195	Shahuwadi	India	IN	Maharashtra	16	16.9099	73.9465	180322	Asia/Kolkata		
1264621	Madanapalle	India	IN	Andhra Pradesh	02	13.5503	78.5029	180180	Asia/Kolkata		
1336144	Tangail	Bangladesh	BD	Dhaka Division	81	24.2498	89.9166	180144	Asia/Dhaka		
1668875	Shulin	Taiwan	TW	Taipei	03	24.9908	121.4220	180044	Asia/Taipei		
747712	Edirne	Turkey	TR	Edirne	22	41.6772	26.5560	180002	Europe/Istanbul		
12492669	Pingwu County	China	CN	Sichuan	32	32.4073	104.5274	180000	Asia/Shanghai		
1316752	Kyaukpyu	Myanmar	MM	Rakhine	01	19.4279	93.5513	180000	Asia/Yangon		
1570656	Phúc Yên	Vietnam	VN	Phu Tho	25	21.2370	105.7048	180000	Asia/Bangkok		
468809	Yasenevo	Russia	RU	Moscow	48	55.6069	37.5199	180000	Europe/Moscow		
6087029	Nepean	Canada	CA	Ontario	08	45.3362	-75.7225	180000	America/Toronto		
1256451	Shivpuri	India	IN	Madhya Pradesh	35	25.4238	77.6622	179977	Asia/Kolkata		
1832847	Yangju	South Korea	KR	Gyeonggi-do	13	37.8331	127.0617	179923	Asia/Seoul		
6545348	Praga Południe	Poland	PL	Mazovia	78	52.2442	21.0855	179836	Europe/Warsaw		
7614932	Pirituba	Brazil	BR	São Paulo	27	-23.4898	-46.7322	179724	America/Sao_Paulo		
912764	Kasama	Zambia	ZM	Northern Province	05	-10.2129	31.1808	179636	Africa/Lusaka		
1255349	Surendranagar	India	IN	Gujarat	09	22.7271	71.6486	179628	Asia/Kolkata		
1023374	Alexandra	South Africa	ZA	Gauteng	06	-26.1053	28.0988	179624	Africa/Johannesburg		
2296606	Obuase	Ghana	GH	Ashanti	02	6.2023	-1.6680	179604	Africa/Accra		
112214	Varāmīn	Iran	IR	Tehran	26	35.3242	51.6457	179603	Asia/Tehran		
13608468	Novozavodskyi	Ukraine	UA	Chernihiv	02	51.4893	31.2563	179600	Europe/Kyiv		
13607722	Tsentralnyi	Ukraine	UA	Donetsk	05	47.0983	37.5484	179582	Europe/Kyiv		
3454857	Passo Fundo	Brazil	BR	Rio Grande do Sul	23	-28.2628	-52.4067	179529	America/Sao_Paulo		
1706889	Legaspi	Philippines	PH	Bicol Region	05	13.1412	123.7407	179481	Asia/Manila		
12253704	Phú Quốc	Vietnam	VN	An Giang	91	10.2872	104.0105	179480	Asia/Ho_Chi_Minh		
508101	Podolsk	Russia	RU	Moscow Oblast	47	55.4242	37.5547	179400	Europe/Moscow		
2842647	Saarbrücken	Germany	DE	Saarland	09	49.2326	7.0098	179349	Europe/Berlin		
1630341	Purwakarta	Indonesia	ID	West Java	30	-6.5569	107.4433	179233	Asia/Jakarta		
1513886	Jizzax	Uzbekistan	UZ	Jizzakh Region	15	40.1335	67.8296	179200	Asia/Samarkand		
3463422	Ferraz de Vasconcelos	Brazil	BR	São Paulo	27	-23.5408	-46.3686	179198	America/Sao_Paulo		
1584242	Thị Trấn Đại Từ	Vietnam	VN	Thai Nguyen	19	21.6338	105.6377	179192	Asia/Ho_Chi_Minh		
2337765	Ila Orangun	Nigeria	NG	Osun State	42	8.0171	4.9042	179192	Africa/Lagos		
1261473	Neyveli	India	IN	Tamil Nadu	25	11.6088	79.4994	179150	Asia/Kolkata		
3472177	Angra dos Reis	Brazil	BR	Rio de Janeiro	21	-23.0067	-44.3181	179120	America/Sao_Paulo		
1786067	Qianjiang	China	CN	Hubei	12	30.4210	112.8919	179079	Asia/Shanghai		
2911240	Hamm	Germany	DE	North Rhine-Westphalia	07	51.6803	7.8209	178967	Europe/Berlin		
1606250	Si Racha	Thailand	TH	Chon Buri	46	13.1728	100.9316	178916	Asia/Bangkok		
2476897	Tiaret	Algeria	DZ	Tiaret	13	35.3710	1.3170	178915	Africa/Algiers		
3848950	La Rioja	Argentina	AR	La Rioja	12	-29.4133	-66.8564	178872	America/Argentina/La_Rioja		
1256287	Silchar	India	IN	Assam	03	24.8273	92.7979	178865	Asia/Kolkata		
2271772	Amadora	Portugal	PT	Lisbon	14	38.7538	-9.2308	178858	Europe/Lisbon		
3529986	Cuautitlán	Mexico	MX	México	15	19.6705	-99.1799	178847	America/Mexico_City		
2646057	Ipswich	United Kingdom	GB	England	ENG	52.0592	1.1555	178835	Europe/London		
227812	Njeru	Uganda	UG	Central Region	C	0.4417	33.1792	178800	Africa/Kampala		
1055429	Toliara	Madagascar	MG	Atsimo-Andrefana	51	-23.3500	43.6667	178725	Indian/Antananarivo		
3029372	Paris 19 Buttes-Chaumont	France	FR	Île-de-France	11	48.8817	2.3822	178691	Europe/Paris		
2323390	Saki	Nigeria	NG	Oyo State	32	8.6676	3.3939	178677	Africa/Lagos		
2498611	Chlef	Algeria	DZ	Chlef	41	36.1653	1.3345	178616	Africa/Algiers		
3558729	Fontanar	Cuba	CU	Havana	02	23.0239	-82.4080	178601	America/Havana		
6621166	Seogwipo	South Korea	KR	Jeju-do	01	33.2533	126.5618	178552	Asia/Seoul		
1716995	Concepcion	Philippines	PH	Central Luzon	03	15.3255	120.6572	178549	Asia/Manila		
5115843	East Flatbush	United States	US	New York	NY	40.6537	-73.9304	178464	America/New_York		
5512909	Spring Valley	United States	US	Nevada	NV	36.1080	-115.2450	178395	America/Los_Angeles		
1635283	Metro	Indonesia	ID	Lampung	15	-5.1131	105.3067	178381	Asia/Jakarta		
910111	Livingstone	Zambia	ZM	Southern Province	07	-17.8419	25.8543	178361	Africa/Lusaka		
964349	Potchefstroom	South Africa	ZA	North West	10	-26.7167	27.1000	178285	Africa/Johannesburg		
5393287	Santa Rosa	United States	US	California	CA	38.4405	-122.7144	178127	America/Los_Angeles		
3746181	Ciudad Camilo Cienfuegos	Cuba	CU	Havana	02	23.1608	-82.3280	178041	America/Havana		
12808673	Paris 13e Arrondissement	France	FR	Île-de-France	11	48.8262	2.3599	177833	Europe/Paris		
1259312	Proddatūr	India	IN	Andhra Pradesh	02	14.7502	78.5481	177797	Asia/Kolkata		
1295765	Sittwe	Myanmar	MM	Rakhine	01	20.1462	92.8983	177743	Asia/Yangon		
145757	Dundo	Angola	AO	Luanda Norte	17	-7.3664	20.8156	177604	Africa/Luanda		
2661604	Basel	Switzerland	CH	Basel-City	BS	47.5584	7.5733	177595	Europe/Zurich		
1309793	Meiktila	Myanmar	MM	Mandalay Region	08	20.8778	95.8584	177442	Asia/Yangon		
233346	Gulu	Uganda	UG	Northern Region	N	2.7746	32.2990	177400	Africa/Kampala		
2750053	Nijmegen	The Netherlands	NL	Gelderland	03	51.8425	5.8528	177359	Europe/Amsterdam		
584821	Tovuz	Azerbaijan	AZ	Tovuz District	58	40.9925	45.6284	177200	Asia/Baku		
355628	Idkū	Egypt	EG	Beheira	03	31.3073	30.2981	177152	Africa/Cairo		
2666199	Uppsala	Sweden	SE	Uppsala	21	59.8588	17.6389	177074	Europe/Stockholm		
1269910	Hugli	India	IN	West Bengal	28	22.9088	88.3967	177005	Asia/Kolkata		
10263066	Hashtsāl	India	IN	Delhi	07	28.6341	77.0577	176877	Asia/Kolkata		
3469092	Bragança Paulista	Brazil	BR	São Paulo	27	-22.9527	-46.5442	176811	America/Sao_Paulo		
3446606	Teresópolis	Brazil	BR	Rio de Janeiro	21	-22.4167	-42.9782	176692	America/Sao_Paulo		
3985604	San Luis Río Colorado	Mexico	MX	Sonora	26	32.4555	-114.7704	176685	America/Hermosillo		
3583334	Santa Ana	El Salvador	SV	Santa Ana Department	11	13.9883	-89.5568	176661	America/El_Salvador		
5725846	Eugene	United States	US	Oregon	OR	44.0521	-123.0867	176654	America/Los_Angeles		
2541479	Nador	Morocco	MA	Oriental	02	35.1681	-2.9335	176600	Africa/Casablanca		
290332	Al Muharraq	Bahrain	BH	Muharraq	15	26.2572	50.6119	176583	Asia/Bahrain		
125185	Malāyer	Iran	IR	Hamadan Province	09	34.3016	48.8217	176573	Asia/Tehran		
3103402	Bielsko-Biala	Poland	PL	Silesia	83	49.8225	19.0469	176515	Europe/Warsaw		
352733	Marsá Maţrūḩ	Egypt	EG	Matruh	22	31.3529	27.2372	176498	Africa/Cairo		
2759879	Almere Stad	The Netherlands	NL	Flevoland	16	52.3702	5.2141	176432	Europe/Amsterdam		
3127461	Burgos	Spain	ES	Castille and León	55	42.3411	-3.7018	176418	Europe/Madrid		
1842966	Gijang	South Korea	KR	Busan	10	35.2442	129.2139	176388	Asia/Seoul		
3637012	Lander	Venezuela	VE	Miranda	15	10.1833	-66.7000	176346	America/Caracas		
2980291	Saint-Étienne	France	FR	Rhône-Alpes	84	45.4339	4.3900	176280	Europe/Paris		
1278708	Amroha	India	IN	Uttar Pradesh	36	28.9031	78.4698	176253	Asia/Kolkata		
11612347	Narashino	Japan	JP	Chiba	04	35.6818	140.0415	176197	Asia/Tokyo		
2505329	Béjaïa	Algeria	DZ	Béjaïa	18	36.7559	5.0843	176139	Africa/Algiers		
1784580	Zhenzhou	China	CN	Jiangsu	04	32.2803	119.1700	176006	Asia/Shanghai		
5317058	Tempe	United States	US	Arizona	AZ	33.4148	-111.9093	175826	America/Phoenix		
1789137	Xindi	China	CN	Hubei	12	29.8167	113.4667	175761	Asia/Shanghai		
5378771	Oceanside	United States	US	California	CA	33.1959	-117.3795	175691	America/Los_Angeles		
3511550	Bella Vista	Dominican Republic	DO	Nacional	34	18.4554	-69.9454	175683	America/Santo_Domingo		
8416626	Fengcheng	China	CN	Chongqing	33	29.8259	107.0602	175576	Asia/Shanghai		
5750162	Salem	United States	US	Oregon	OR	44.9429	-123.0351	175535	America/Los_Angeles		
2633948	Wigan	United Kingdom	GB	England	ENG	53.5430	-2.6371	175405	Europe/London		
5351515	Garden Grove	United States	US	California	CA	33.7739	-117.9415	175393	America/Los_Angeles		
309527	Karaman	Turkey	TR	Karaman	78	37.1811	33.2150	175390	Europe/Istanbul		
6094578	Oshawa	Canada	CA	Ontario	08	43.9001	-78.8496	175383	America/Toronto		
126972	Khowy	Iran	IR	West Azerbaijan	01	38.5503	44.9521	175370	Asia/Tehran		
300614	Siverek	Turkey	TR	Şanlıurfa	63	37.7550	39.3167	175341	Europe/Istanbul		
3455478	Palhoça	Brazil	BR	Santa Catarina	26	-27.6453	-48.6678	175272	America/Sao_Paulo		
5385955	Rancho Cucamonga	United States	US	California	CA	34.1064	-117.5931	175236	America/Los_Angeles		
4149962	Cape Coral	United States	US	Florida	FL	26.5629	-81.9495	175229	America/New_York		
1567032	Tân Châu	Vietnam	VN	An Giang	91	10.7983	105.2389	175211	Asia/Ho_Chi_Minh		
2036401	Jiutai	China	CN	Jilin	05	44.1513	125.8298	175115	Asia/Shanghai		
1274304	Chhindwāra	India	IN	Madhya Pradesh	35	22.0570	78.9396	175052	Asia/Kolkata		
94591	Khānaqīn	Iraq	IQ	Diyala	10	34.3482	45.3907	175000	Asia/Baghdad		
1698829	Naga	Philippines	PH	Bicol Region	05	13.6192	123.1814	174931	Asia/Manila		
2127733	Tomakomai	Japan	JP	Hokkaido	12	42.6369	141.6033	174806	Asia/Tokyo		
1255062	Tambaram	India	IN	Tamil Nadu	25	12.9246	80.1271	174787	Asia/Kolkata		
3985344	San Miguel de Allende	Mexico	MX	Guanajuato	11	20.9153	-100.7439	174615	America/Mexico_City		
1647142	Cianjur	Indonesia	ID	West Java	30	-6.8222	107.1394	174587	Asia/Jakarta		
1632937	Pamulang	Indonesia	ID	West Java	30	-6.3428	106.7383	174557	Asia/Jakarta		
2112708	Hitachi	Japan	JP	Ibaraki	14	36.6000	140.6500	174508	Asia/Tokyo		
3386361	Timon	Brazil	BR	Maranhão	13	-5.0942	-42.8367	174465	America/Fortaleza		
1275984	Bhetia	India	IN	Jharkhand	38	22.7932	86.1410	174355	Asia/Kolkata		
2410048	Bo	Sierra Leone	SL	Southern Province	03	7.9647	-11.7383	174354	Africa/Freetown		
1260137	Pathānkot	India	IN	Punjab	23	32.2748	75.6529	174306	Asia/Kolkata		
1277976	Badlapur	India	IN	Maharashtra	16	19.1552	73.2655	174226	Asia/Kolkata		
1985663	Cikupa	Indonesia	ID	West Java	30	-6.2364	106.5083	174041	Asia/Jakarta		
3629706	Puerto Cabello	Venezuela	VE	Carabobo	07	10.4731	-68.0125	174000	America/Caracas		
11071484	Latkrabang	Thailand	TH	Bangkok	40	13.7278	100.7461	173987	Asia/Bangkok		
2111220	Sakura	Japan	JP	Chiba	04	35.7167	140.2333	173740	Asia/Tokyo		
1849498	Ube	Japan	JP	Yamaguchi	45	33.9431	131.2511	173733	Asia/Tokyo		
3658501	Daule	Ecuador	EC	Guayas	10	-1.8603	-79.9768	173684	America/Guayaquil		
97783	Bayjī	Iraq	IQ	Salah ad Din	18	34.9291	43.4888	173677	Asia/Baghdad		
1273802	Cuddalore	India	IN	Tamil Nadu	25	11.7562	79.7669	173636	Asia/Kolkata		
3109718	Santander	Spain	ES	Cantabria	39	43.4659	-3.8049	173635	Europe/Madrid		
2475687	Tlemcen	Algeria	DZ	Tlemcen	15	34.8783	-1.3150	173531	Africa/Algiers		
1256237	Shimla	India	IN	Himachal Pradesh	11	31.1044	77.1666	173503	Asia/Kolkata		
417472	Shāhīn Shahr	Iran	IR	Isfahan	28	32.8579	51.5529	173329	Asia/Tehran		
2651817	Croydon	United Kingdom	GB	England	ENG	51.3833	-0.1000	173314	Europe/London		
1309611	Myeik	Myanmar	MM	Tanintharyi Region	12	12.4395	98.6003	173298	Asia/Yangon		
5115985	East New York	United States	US	New York	NY	40.6668	-73.8824	173198	America/New_York		
281124	Khān Yūnis	Palestinian Territory	PS	Gaza Strip	GZ	31.3402	34.3063	173183	Asia/Gaza		
1283460	Dharān	Nepal	NP	Koshi	1	26.8144	87.2797	173096	Asia/Kathmandu		
2522258	Albacete	Spain	ES	Castille-La Mancha	54	38.9942	-1.8564	173050	Europe/Madrid		
2310046	Bata	Equatorial Guinea	GQ	Litoral	08	1.8639	9.7658	173046	Africa/Malabo		
1860672	Kamakura	Japan	JP	Kanagawa	19	35.3109	139.5470	172929	Asia/Tokyo		
3530937	Chicoloapan	Mexico	MX	México	15	19.4169	-98.9020	172919	America/Mexico_City		
8740017	Gadag-Betageri	India	IN	Karnataka	19	15.4167	75.6167	172813	Asia/Kolkata		
1803791	Licheng	China	CN	Guangdong	30	23.2955	113.8247	172775	Asia/Shanghai		
1861084	Izumo	Japan	JP	Shimane	36	35.3667	132.7667	172775	Asia/Tokyo		
1271850	Gadag	India	IN	Karnataka	19	15.4298	75.6297	172612	Asia/Kolkata		
189723	Ongata Rongai	Kenya	KE	Kajiado County	19	-1.3953	36.7640	172569	Africa/Nairobi		
8449763	Lang'ata	Kenya	KE	Nairobi County	05	-1.3666	36.7332	172569	Africa/Nairobi		
3666608	Tunja	Colombia	CO	Boyacá	36	5.5448	-73.3576	172548	America/Bogota		
3906791	Quillacollo	Bolivia	BO	Cochabamba	02	-17.3923	-66.2784	172405	America/La_Paz		
3130564	Alcorcón	Spain	ES	Madrid	29	40.3458	-3.8249	172384	Europe/Madrid		
202905	Gisenyi	Rwanda	RW	Western Province	14	-1.7028	29.2564	172357	Africa/Kigali		
311073	Isparta	Turkey	TR	Isparta	33	37.7644	30.5522	172334	Europe/Istanbul		
2634739	Warrington	United Kingdom	GB	England	ENG	53.3925	-2.5802	172330	Europe/London		
598098	Klaipėda	Lithuania	LT	Klaipėda County	58	55.7068	21.1391	172292	Europe/Vilnius		
2634853	Walsall	United Kingdom	GB	England	ENG	52.5853	-1.9840	172141	Europe/London		
2905891	Herne	Germany	DE	North Rhine-Westphalia	07	51.5388	7.2257	172108	Europe/Berlin		
532535	Lyublino	Russia	RU	Moscow	48	55.6774	37.7600	172000	Europe/Moscow		
2643097	Mansfield	United Kingdom	GB	England	ENG	53.1333	-1.2000	171958	Europe/London		
3169522	Reggio nell'Emilia	Italy	IT	Emilia-Romagna	05	44.6983	10.6312	171944	Europe/Rome		
2519752	Castelló de la Plana	Spain	ES	Valencia	60	39.9857	-0.0493	171857	Europe/Madrid		
1319364	Kēng Tung	Myanmar	MM	Shan State	11	21.6309	99.9268	171620	Asia/Yangon		
5231851	Sioux Falls	United States	US	South Dakota	SD	43.5437	-96.7280	171544	America/Chicago		
786712	Prizren	Kosovo	XK	Prizren	10097361	42.2139	20.7397	171464	Europe/Belgrade		
2037620	Dongling	China	CN	Liaoning	19	41.8144	123.5758	171454	Asia/Shanghai		
1622636	Ungaran	Indonesia	ID	Central Java	07	-7.1397	110.4050	171378	Asia/Jakarta		
1849186	Urayasu	Japan	JP	Chiba	04	35.6588	139.9006	171362	Asia/Tokyo		
630429	Baranovichi	Belarus	BY	Brest	01	53.1325	26.0077	171361	Europe/Minsk		
9075789	Long Khánh	Vietnam	VN	Dong Nai	75	10.9266	107.2478	171276	Asia/Ho_Chi_Minh		
1716198	Dagupan	Philippines	PH	Ilocos	01	16.0431	120.3333	171271	Asia/Manila		
5379439	Ontario	United States	US	California	CA	34.0633	-117.6509	171214	America/Los_Angeles		
7027003	Watthana	Thailand	TH	Bangkok	40	13.7298	100.5854	171150	Asia/Bangkok		
1253237	Verāval	India	IN	Gujarat	09	20.9077	70.3679	171121	Asia/Kolkata		
1261653	Navsari	India	IN	Gujarat	09	20.9424	72.9247	171109	Asia/Kolkata		
1926134	Imabari	Japan	JP	Ehime	05	34.0700	133.0002	170986	Asia/Tokyo		
907770	Mansa	Zambia	ZM	Luapula Province	04	-11.1998	28.8943	170965	Africa/Lusaka		
5577147	Fort Collins	United States	US	Colorado	CO	40.5853	-105.0844	170924	America/Denver		
2867838	Mülheim	Germany	DE	North Rhine-Westphalia	07	51.4322	6.8797	170921	Europe/Berlin		
1588275	Bảo Lộc	Vietnam	VN	Lam Dong	68	11.5480	107.8077	170920	Asia/Ho_Chi_Minh		
1734393	Kulim	Malaysia	MY	Kedah	02	5.3650	100.5618	170889	Asia/Kuala_Lumpur		
2325592	Oshodi	Nigeria	NG	Lagos	05	6.5550	3.3436	170870	Africa/Lagos		
293788	Ramat Gan	Israel	IL	Tel Aviv	05	32.0823	34.8107	170822	Asia/Jerusalem		
1277835	Bahadurgarh	India	IN	Haryana	10	28.6929	76.9356	170767	Asia/Kolkata		
1344377	Haldia	India	IN	West Bengal	28	22.0605	88.1098	170695	Asia/Kolkata		
1518262	Temirtau	Kazakhstan	KZ	Karaganda	12	50.0520	72.9550	170600	Asia/Almaty		
12747032	East Helsinki	Finland	FI	Uusimaa	01	60.2104	25.0829	170557	Europe/Helsinki		
3461563	Ibirité	Brazil	BR	Minas Gerais	15	-20.0219	-44.0589	170537	America/Sao_Paulo		
4563243	Carolina	Puerto Rico	PR	Carolina	031	18.3808	-65.9574	170404	America/Puerto_Rico		
1259009	Rāiganj	India	IN	West Bengal	28	25.6128	88.1245	170252	Asia/Kolkata		
4409896	Springfield	United States	US	Missouri	MO	37.2153	-93.2982	170188	America/Chicago		
2636531	Sunderland	United Kingdom	GB	England	ENG	54.9046	-1.3822	170134	Europe/London		
1851032	Takaoka	Japan	JP	Toyama	42	36.7500	137.0167	170077	Asia/Tokyo		
1269723	Malda	India	IN	West Bengal	28	25.0045	88.1457	170039	Asia/Kolkata		
4005509	Guadalupe	Mexico	MX	Zacatecas	32	22.7468	-102.5188	170029	America/Mexico_City		
3471859	Araçatuba	Brazil	BR	São Paulo	27	-21.2089	-50.4328	170024	America/Sao_Paulo		
1855189	Nishio	Japan	JP	Aichi	01	34.8667	137.0500	169984	Asia/Tokyo		
3837056	San Luis	Argentina	AR	San Luis	19	-33.2914	-66.3247	169947	America/Argentina/San_Luis		
2485801	Ouargla	Algeria	DZ	Ouargla	50	31.9493	5.3250	169928	Africa/Algiers		
763166	Olsztyn	Poland	PL	Warmia-Masuria	85	53.7838	20.4927	169793	Europe/Warsaw		
922806	Kipushi	Democratic Republic of the Congo	CD	Haut-Katanga	14	-11.7610	27.2513	169635	Africa/Lubumbashi		
1818223	Yuen Long Kau Hui	Hong Kong	HK	Yuen Long	NYL	22.4483	114.0320	169600	Asia/Hong_Kong		
1804586	Laiyang	China	CN	Shandong	25	36.9758	120.7136	169594	Asia/Shanghai		
1269135	Jaunpur	India	IN	Uttar Pradesh	36	25.7536	82.6869	169572	Asia/Kolkata		
13494069	Khlong Sam Wa	Thailand	TH	Bangkok	40	13.8714	100.7372	169489	Asia/Bangkok		
2910685	Harburg	Germany	DE	Free and Hanseatic City of Hamburg	04	53.4606	9.9839	169221	Europe/Berlin		
13353695	Chūō	Japan	JP	Tokyo	40	35.6700	139.7754	169179	Asia/Tokyo		
905395	Mufulira	Zambia	ZM	Copperbelt	08	-12.5498	28.2407	169136	Africa/Lusaka		
10263232	Deoli	India	IN	Delhi	07	28.5025	77.2312	169122	Asia/Kolkata		
1242833	Jaffna	Sri Lanka	LK	Northern Province	38	9.6684	80.0074	169102	Asia/Colombo		
686254	Arad	Romania	RO	Arad County	02	46.1833	21.3167	169065	Europe/Bucharest		
3531023	Chetumal	Mexico	MX	Quintana Roo	23	18.5196	-88.3040	169028	America/Cancun		
1276100	Bharūch	India	IN	Gujarat	09	21.6948	72.9805	169007	Asia/Kolkata		
1045512	Gurúè	Mozambique	MZ	Zambezia Province	09	-15.4669	36.9778	168971	Africa/Maputo		
7645166	San Miguel	Argentina	AR	Buenos Aires	01	-34.5433	-58.7123	168762	America/Argentina/Buenos_Aires		
2130057	Hirosaki	Japan	JP	Aomori	03	40.5931	140.4725	168739	Asia/Tokyo		
3068160	Pilsen	Czechia	CZ	Plzeň Region	87	49.7475	13.3776	168733	Europe/Prague		
3531200	Chalco	Mexico	MX	México	15	19.2617	-98.8978	168720	America/Mexico_City		
2972328	Toulon	France	FR	Provence-Alpes-Côte d'Azur	93	43.1244	5.9284	168701	Europe/Paris		
11962431	Vila Andrade	Brazil	BR	São Paulo	27	-23.6262	-46.7283	168669	America/Sao_Paulo		
1269937	Hoshiārpur	India	IN	Punjab	23	31.5372	75.9127	168653	Asia/Kolkata		
3453303	Poços de Caldas	Brazil	BR	Minas Gerais	15	-21.7878	-46.5614	168641	America/Sao_Paulo		
3647444	Calabozo	Venezuela	VE	Guárico	12	8.9242	-67.4293	168605	America/Caracas		
281129	Jabālyā	Palestinian Territory	PS	Gaza Strip	GZ	31.5272	34.4835	168568	Asia/Gaza		
4012406	Cuauhtémoc	Mexico	MX	Chihuahua	06	28.4063	-106.8667	168482	America/Chihuahua		
3471766	Araraquara	Brazil	BR	São Paulo	27	-21.7944	-48.1756	168468	America/Sao_Paulo		
3665688	Yopal	Colombia	CO	Casanare Department	32	5.3357	-72.3939	168433	America/Bogota		
3433360	Ituzaingó	Argentina	AR	Corrientes	06	-27.5850	-56.6871	168419	America/Argentina/Cordoba		
3682426	Florencia	Colombia	CO	Caquetá	08	1.6155	-75.6041	168346	America/Bogota		
3452640	Porto Seguro	Brazil	BR	Bahia	05	-16.4497	-39.0647	168326	America/Bahia		
1566566	Tây Hồ	Vietnam	VN	Hanoi	01	21.0690	105.8105	168300	Asia/Bangkok		
1234633	Moratuwa	Sri Lanka	LK	Western Province	36	6.7730	79.8816	168280	Asia/Colombo		
3037656	Angers	France	FR	Pays de la Loire	52	47.4716	-0.5520	168279	Europe/Paris		
2646277	Ilford	United Kingdom	GB	England	ENG	51.5577	0.0728	168168	Europe/London		
3451205	Rio das Ostras	Brazil	BR	Rio de Janeiro	21	-22.5269	-41.9450	168099	America/Sao_Paulo		
6544103	Horta-Guinardó	Spain	ES	Catalonia	56	41.4185	2.1677	168092	Europe/Madrid		
255683	Pátra	Greece	GR	West Greece	ESYE23	38.2462	21.7351	168034	Europe/Athens		
13561146	Rutchenkivskyi	Ukraine	UA	Donetsk	05	47.9760	37.6968	168029	Europe/Kyiv		
1582436	Đồng Xoài	Vietnam	VN	Dong Nai	75	11.5350	106.8832	168000	Asia/Ho_Chi_Minh		
1185106	Jamālpur	Bangladesh	BD	Mymensingh Division	H	24.9197	89.9481	167900	Asia/Dhaka		
2129376	Kushiro	Japan	JP	Hokkaido	12	42.9750	144.3747	167875	Asia/Tokyo		
577206	Berezniki	Russia	RU	Perm Krai	90	59.4091	56.8204	167748	Asia/Yekaterinburg		
2348773	Awka	Nigeria	NG	Anambra	25	6.2127	7.0720	167738	Africa/Lagos		
472761	Volgodonsk	Russia	RU	Rostov	61	47.5114	42.1527	167731	Europe/Moscow		
5357527	Hollywood	United States	US	California	CA	34.0983	-118.3267	167664	America/Los_Angeles		
1853483	Oyama	Japan	JP	Tochigi	38	36.3000	139.8000	167647	Asia/Tokyo		
2338385	Ijero-Ekiti	Nigeria	NG	Ekiti State	54	7.8151	5.0672	167632	Africa/Lagos		
1268907	Jīnd	India	IN	Haryana	10	29.3158	76.3150	167592	Asia/Kolkata		
1498894	Miass	Russia	RU	Chelyabinsk	13	55.0455	60.1076	167500	Asia/Yekaterinburg		
13546531	Fortechnyi	Ukraine	UA	Kirovohrad	10	48.4986	32.2537	167451	Europe/Kyiv		
1680932	Tuguegarao	Philippines	PH	Cagayan Valley	02	17.6158	121.7228	167297	Asia/Manila		
3646382	Carúpano	Venezuela	VE	Sucre	19	10.6652	-63.2539	167187	America/Caracas		
1265683	Kumbakonam	India	IN	Tamil Nadu	25	10.9621	79.3912	167155	Asia/Kolkata		
1630997	Plumbon	Indonesia	ID	West Java	30	-6.7050	108.4728	167105	Asia/Jakarta		
1218667	Mary	Turkmenistan	TM	Mary	05	37.5938	61.8303	167027	Asia/Ashgabat		
518970	Novocherkassk	Russia	RU	Rostov	61	47.4222	40.0937	166974	Europe/Moscow		
5346111	Elk Grove	United States	US	California	CA	38.4088	-121.3716	166913	America/Los_Angeles		
6992326	Mohali	India	IN	Punjab	23	30.6800	76.7221	166864	Asia/Kolkata		
3458498	Linhares	Brazil	BR	Espírito Santo	08	-19.3911	-40.0722	166786	America/Sao_Paulo		
1628884	Sampit	Indonesia	ID	Central Kalimantan	13	-2.5315	112.9496	166773	Asia/Pontianak		
4613868	Clarksville	United States	US	Tennessee	TN	36.5298	-87.3594	166722	America/Chicago		
1818379	Wan Chai	Hong Kong	HK	Wan Chai	HWC	22.2814	114.1726	166695	Asia/Hong_Kong		
2694762	Linköping	Sweden	SE	Östergötland	16	58.4109	15.6216	166673	Europe/Stockholm		
1861171	Iwata	Japan	JP	Shizuoka	37	34.7000	137.8500	166672	Asia/Tokyo		
4168139	Pembroke Pines	United States	US	Florida	FL	26.0032	-80.2239	166611	America/New_York		
3675657	Maicao	Colombia	CO	La Guajira Department	17	11.3784	-72.2395	166603	America/Bogota		
2128815	Obihiro	Japan	JP	Hokkaido	12	42.9172	143.2044	166536	Asia/Tokyo		
1271912	Fatehpur	India	IN	Uttar Pradesh	36	25.9277	80.8127	166480	Asia/Kolkata		
2856883	Osnabrück	Germany	DE	Lower Saxony	06	52.2726	8.0498	166462	Europe/Berlin		
3897347	Calama	Chile	CL	Antofagasta	03	-22.4567	-68.9237	166334	America/Santiago		
6252065	Nou Barris	Spain	ES	Catalonia	56	41.4416	2.1773	166310	Europe/Madrid		
6941099	Nepalgunj	Nepal	NP	Lumbini Province	5	28.0500	81.6167	166258	Asia/Kathmandu		
3530367	Comitán	Mexico	MX	Chiapas	05	16.2400	-92.1367	166178	America/Merida		
3631412	Ocumare del Tuy	Venezuela	VE	Miranda	15	10.1182	-66.7751	166072	America/Caracas		
6822138	Niiza	Japan	JP	Saitama	34	35.8209	139.5579	166017	Asia/Tokyo		
5964700	Greater Sudbury	Canada	CA	Ontario	08	46.4900	-80.9900	166004	America/Toronto		
2034312	Ulanhot	China	CN	Inner Mongolia	20	46.0833	122.0833	165846	Asia/Shanghai		
109323	Khobar	Saudi Arabia	SA	Eastern Province	06	26.2794	50.2083	165799	Asia/Riyadh		
1794060	Songcheng	China	CN	Fujian	07	26.8819	120.0011	165730	Asia/Shanghai		
5292387	Deer Valley	United States	US	Arizona	AZ	33.6839	-112.1349	165656	America/Phoenix		
3449324	São Caetano do Sul	Brazil	BR	São Paulo	27	-23.6231	-46.5511	165655	America/Sao_Paulo		
1628453	Sawangan	Indonesia	ID	West Java	30	-6.4028	106.7744	165631	Asia/Jakarta		
1619485	Bang Khun Thian	Thailand	TH	Bangkok	40	13.6630	100.4342	165491	Asia/Bangkok		
4644312	Murfreesboro	United States	US	Tennessee	TN	35.8456	-86.3903	165430	America/Chicago		
3453837	Pindamonhangaba	Brazil	BR	São Paulo	27	-22.9239	-45.4617	165428	America/Sao_Paulo		
139817	Bushehr	Iran	IR	Bushehr	22	28.9689	50.8366	165377	Asia/Tehran		
13535745	Pechersk	Ukraine	UA	Kyiv City	12	50.4444	30.5235	165360	Europe/Kyiv		
2552615	Dar Bouazza	Morocco	MA	Casablanca-Settat	06	33.5153	-7.8168	165295	Africa/Casablanca		
1254241	Tonk	India	IN	Rajasthan	24	26.1664	75.7882	165294	Asia/Kolkata		
2505530	Béchar	Algeria	DZ	Béchar	38	31.6167	-2.2167	165241	Africa/Algiers		
1567148	Tam Kỳ	Vietnam	VN	Da Nang City	48	15.5736	108.4740	165240	Asia/Ho_Chi_Minh		
314133	Gölbaşı	Turkey	TR	Ankara	68	39.7904	32.8090	165201	Europe/Istanbul		
3462980	Francisco Morato	Brazil	BR	São Paulo	27	-23.2817	-46.7453	165139	America/Sao_Paulo		
1308318	Mu-se	Myanmar	MM	Shan State	11	23.9974	97.9011	165022	Asia/Yangon		
1253952	Udupi	India	IN	Karnataka	19	13.3347	74.7462	165000	Asia/Kolkata		
1650227	Banjaran	Indonesia	ID	West Java	30	-7.0453	107.5878	164952	Asia/Jakarta		
1254757	Thenali	India	IN	Andhra Pradesh	02	16.2425	80.6398	164937	Asia/Kolkata		
946058	Mthatha	South Africa	ZA	Eastern Cape	05	-31.5889	28.7844	164848	Africa/Johannesburg		
2036920	Hengshan	China	CN	Heilongjiang	08	45.2084	130.8981	164844	Asia/Shanghai		
2637627	Slough	United Kingdom	GB	England	ENG	51.5095	-0.5954	164793	Europe/London		
3458930	Lages	Brazil	BR	Santa Catarina	26	-27.8161	-50.3261	164676	America/Sao_Paulo		
2864695	Neukölln	Germany	DE	State of Berlin	16	52.4772	13.4313	164636	Europe/Berlin		
4169171	Port Saint Lucie	United States	US	Florida	FL	27.2939	-80.3503	164603	America/New_York		
1255969	Sītāpur	India	IN	Uttar Pradesh	36	27.5619	80.6826	164435	Asia/Kolkata		
1279064	Alandur	India	IN	Tamil Nadu	25	13.0025	80.2061	164430	Asia/Kolkata		
3186573	Zenica	Bosnia and Herzegovina	BA	Federation of B&H	01	44.2017	17.9040	164423	Europe/Sarajevo		
11962389	Lajeado	Brazil	BR	São Paulo	27	-23.5336	-46.4087	164391	America/Sao_Paulo		
2831580	Solingen	Germany	DE	North Rhine-Westphalia	07	51.1734	7.0845	164359	Europe/Berlin		
1169692	Muridke	Pakistan	PK	Punjab	04	31.8026	74.2577	164246	Asia/Karachi		
1582926	Ðông Hà	Vietnam	VN	Quang Tri	44	16.8163	107.1003	164228	Asia/Bangkok		
5339631	Corona	United States	US	California	CA	33.8753	-117.5664	164226	America/Los_Angeles		
285629	Ḩawallī	Kuwait	KW	Hawalli	08	29.3328	48.0286	164212	Asia/Kuwait		
152451	Musoma	Tanzania	TZ	Mara	08	-1.5000	33.8000	164172	Africa/Dar_es_Salaam		
2337490	Inisa	Nigeria	NG	Osun State	42	7.8486	4.3298	164161	Africa/Lagos		
523064	Nazran	Russia	RU	Ingushetiya Republic	19	43.2260	44.7732	164131	Europe/Moscow		
3470636	Barra Mansa	Brazil	BR	Rio de Janeiro	21	-22.5442	-44.1714	164052	America/Sao_Paulo		
1711146	Ilagan	Philippines	PH	Cagayan Valley	02	17.1485	121.8892	164020	Asia/Manila		
2396518	Port-Gentil	Gabon	GA	Ogooué-Maritime	08	-0.7193	8.7815	164018	Africa/Libreville		
1276321	Bhadrāvati	India	IN	Karnataka	19	13.8485	75.7050	163903	Asia/Kolkata		
1863431	Hadano	Japan	JP	Kanagawa	19	35.3711	139.2236	163787	Asia/Tokyo		
255274	Piraeus	Greece	GR	Attica	ESYE31	37.9420	23.6462	163688	Europe/Athens		
7279741	Vapi	India	IN	Gujarat	09	20.3717	72.9049	163630	Asia/Kolkata		
2655095	Bournemouth	United Kingdom	GB	England	ENG	50.7205	-1.8795	163600	Europe/London		
11962405	Pedreira	Brazil	BR	São Paulo	27	-23.7067	-46.6498	163586	America/Sao_Paulo		
268064	Sidon	Lebanon	LB	South Governorate	06	33.5575	35.3715	163554	Asia/Beirut		
287830	‘Ibrī	Oman	OM	Ad Dhahirah	09	23.2257	56.5157	163473	Asia/Muscat		
195915	Jomvu	Kenya	KE	Mombasa County	37	-3.9862	39.6082	163415	Africa/Nairobi		
197745	Garissa	Kenya	KE	Garissa County	16	-0.4527	39.6460	163399	Africa/Nairobi		
1262951	Moga	India	IN	Punjab	23	30.8138	75.1688	163397	Asia/Kolkata		
2640354	Peterborough	United Kingdom	GB	England	ENG	52.5736	-0.2478	163379	Europe/London		
3672328	Piedecuesta	Colombia	CO	Santander Department	26	6.9879	-73.0495	163362	America/Bogota		
1792520	Tongzhou	China	CN	Beijing	22	39.9040	116.6618	163326	Asia/Shanghai		
2875376	Ludwigshafen am Rhein	Germany	DE	Rheinland-Pfalz	08	49.4812	8.4464	163196	Europe/Berlin		
6957690	Lat Krabang	Thailand	TH	Bangkok	40	13.7220	100.7847	163175	Asia/Bangkok		
286621	Şalālah	Oman	OM	Dhofar	08	17.0150	54.0924	163140	Asia/Muscat		
6947641	Büyükçekmece	Turkey	TR	Istanbul	34	41.0207	28.5850	163140	Europe/Istanbul		
1258831	Rāj-Nāndgaon	India	IN	Chhattisgarh	37	21.0969	81.0289	163114	Asia/Kolkata		
322830	Aydın	Turkey	TR	Aydın	09	37.8450	27.8396	163022	Europe/Istanbul		
3682631	Envigado	Colombia	CO	Antioquia	02	6.1759	-75.5917	163007	America/Bogota		
379303	Al-Junaynah	Sudan	SD	Western Darfur	47	13.4526	22.4473	162981	Africa/Khartoum		
1818116	Anbu	China	CN	Guangdong	30	23.4489	116.6809	162964	Asia/Shanghai		
4710178	McKinney	United States	US	Texas	TX	33.1976	-96.6153	162898	America/Chicago		
2487134	Mostaganem	Algeria	DZ	Mostaganem	07	35.9312	0.0892	162885	Africa/Algiers		
1514210	Chirchiq	Uzbekistan	UZ	Tashkent Region	14	41.4689	69.5822	162800	Asia/Tashkent		
141663	Bandar-e Māhshahr	Iran	IR	Khuzestan	15	30.5566	49.1885	162797	Asia/Tehran		
2779469	Floridsdorf	Austria	AT	State of Vienna	09	48.2500	16.4000	162779	Europe/Vienna		
2878234	Leverkusen	Germany	DE	North Rhine-Westphalia	07	51.0303	6.9843	162738	Europe/Berlin		
1695462	Pandi	Philippines	PH	Central Luzon	03	14.8650	120.9572	162725	Asia/Manila		
1718722	Capas	Philippines	PH	Central Luzon	03	15.3312	120.5898	162724	Asia/Manila		
1799389	Ning’er	China	CN	Yunnan	29	23.0405	101.0368	162711	Asia/Shanghai		
2755003	Haarlem	The Netherlands	NL	North Holland	07	52.3808	4.6368	162543	Europe/Amsterdam		
125446	Mahābād	Iran	IR	West Azerbaijan	01	36.7631	45.7222	162434	Asia/Tehran		
2759661	Arnhem	The Netherlands	NL	Gelderland	03	51.9800	5.9111	162424	Europe/Amsterdam		
2223763	Nkongsamba	Cameroon	CM	Littoral	05	4.9547	9.9404	162309	Africa/Douala		
3641099	El Vigía	Venezuela	VE	Mérida	14	8.6135	-71.6570	162289	America/Caracas		
1258109	Robertsonpet	India	IN	Karnataka	19	12.9563	78.2754	162230	Asia/Kolkata		
3464460	Dourados	Brazil	BR	Mato Grosso do Sul	11	-22.2211	-54.8056	162202	America/Campo_Grande		
191220	Kitale	Kenya	KE	Trans Nzoia	50	1.0157	35.0062	162174	Africa/Nairobi		
2322794	Suleja	Nigeria	NG	Niger State	31	9.1806	7.1794	162135	Africa/Lagos		
2529317	Taza	Morocco	MA	Fes-Meknes	03	34.2100	-4.0100	162110	Africa/Casablanca		
2640729	Oxford	United Kingdom	GB	England	ENG	51.7522	-1.2560	162100	Europe/London		
360716	Al Maţarīyah	Egypt	EG	Dakahlia	01	31.1829	32.0311	162045	Africa/Cairo		
3465196	Criciúma	Brazil	BR	Santa Catarina	26	-28.6775	-49.3697	161954	America/Sao_Paulo		
1135689	Kunduz	Afghanistan	AF	Kunduz	24	36.7289	68.8570	161902	Asia/Kabul		
1811200	Fengcheng	China	CN	Jiangsu	04	34.7039	116.5872	161850	Asia/Shanghai		
1564046	Trảng Bàng	Vietnam	VN	Tay Ninh	80	11.0299	106.3575	161831	Asia/Ho_Chi_Minh		
1253747	Unnāo	India	IN	Uttar Pradesh	36	26.5471	80.4878	161671	Asia/Kolkata		
3120635	Hortaleza	Spain	ES	Madrid	29	40.4744	-3.6411	161661	Europe/Madrid		
2239076	N'dalatando	Angola	AO	Cuanza Norte	05	-9.2978	14.9116	161584	Africa/Luanda		
1275163	Budaun	India	IN	Uttar Pradesh	36	28.0381	79.1267	161555	Asia/Kolkata		
1854703	Ōgaki	Japan	JP	Gifu	09	35.3500	136.6167	161539	Asia/Tokyo		
2641598	Newport	United Kingdom	GB	Wales	WLS	51.5877	-2.9983	161506	Europe/London		
1648759	Bima	Indonesia	ID	West Nusa Tenggara	17	-8.4601	118.7267	161362	Asia/Makassar		
3893629	Coquimbo	Chile	CL	Coquimbo Region	07	-29.9533	-71.3395	161317	America/Santiago		
1649541	Baubau	Indonesia	ID	Southeast Sulawesi	22	-5.4633	122.6024	161280	Asia/Makassar		
1582173	Đưc Trọng	Vietnam	VN	Lam Dong	68	11.7356	108.3733	161232	Asia/Ho_Chi_Minh		
952734	KwaDukuza	South Africa	ZA	KwaZulu-Natal	02	-29.3282	31.2895	161177	Africa/Johannesburg		
1856775	Miyakonojō	Japan	JP	Miyazaki	25	31.7333	131.0667	161137	Asia/Tokyo		
1264543	Madhyamgram	India	IN	West Bengal	28	22.6894	88.4459	161126	Asia/Kolkata		
5364940	Lancaster	United States	US	California	CA	34.6980	-118.1367	161103	America/Los_Angeles		
1493467	Rubtsovsk	Russia	RU	Altai Krai	04	51.5147	81.2061	161065	Asia/Barnaul		
1529167	Tacheng	China	CN	Xinjiang	13	46.7454	82.9585	161037	Asia/Urumqi		
2419533	Kindia	Guinea	GN	Kindia	D	10.0569	-12.8658	161024	Africa/Conakry		
214974	Kalemie	Democratic Republic of the Congo	CD	Tanganyika	29	-5.9475	29.1947	160961	Africa/Lubumbashi		
7026785	Chatuchak	Thailand	TH	Bangkok	40	13.8290	100.5593	160906	Asia/Bangkok		
3628053	San Juan de los Morros	Venezuela	VE	Guárico	12	9.9125	-67.3540	160868	America/Caracas		
1907146	Sayama	Japan	JP	Saitama	34	35.8529	139.4121	160843	Asia/Tokyo		
3691674	Sullana	Peru	PE	Piura	20	-4.9039	-80.6853	160789	America/Lima		
2747351	's-Hertogenbosch	The Netherlands	NL	North Brabant	06	51.6992	5.3042	160783	Europe/Amsterdam		
715429	Szeged	Hungary	HU	Csongrád	06	46.2530	20.1482	160766	Europe/Budapest		
370737	Malakal	South Sudan	SS	Upper Nile	07	9.5334	31.6605	160765	Africa/Juba		
1274033	Chittoor	India	IN	Andhra Pradesh	02	13.2105	79.0956	160722	Asia/Kolkata		
3988214	Salamanca	Mexico	MX	Guanajuato	11	20.5720	-101.1915	160682	America/Mexico_City		
1618177	Ban Khlong Prawet	Thailand	TH	Bangkok	40	13.7190	100.6815	160671	Asia/Bangkok		
1577995	La Gi	Vietnam	VN	Lam Dong	68	10.6599	107.7721	160652	Asia/Ho_Chi_Minh		
2803201	Anderlecht	Belgium	BE	Brussels Capital	BRU	50.8362	4.3145	160553	Europe/Brussels		
523812	Mytishchi	Russia	RU	Moscow Oblast	47	55.9110	37.7296	160542	Europe/Moscow		
3530049	Delegación Cuajimalpa de Morelos	Mexico	MX	Mexico City	09	19.3692	-99.2909	160491	America/Mexico_City		
285066	Hebron	Palestinian Territory	PS	West Bank	WE	31.5294	35.0938	160470	Asia/Hebron		
3584399	Mejicanos	El Salvador	SV	San Salvador Department	10	13.7240	-89.1880	160317	America/El_Salvador		
1563926	Trà Vinh	Vietnam	VN	Vinh Long	86	9.9472	106.3423	160310	Asia/Ho_Chi_Minh		
1632353	Parepare	Indonesia	ID	South Sulawesi	38	-4.0135	119.6255	160309	Asia/Makassar		
1269280	Jāmuria	India	IN	West Bengal	28	23.7047	87.0787	160242	Asia/Kolkata		
2358946	Koudougou	Burkina Faso	BF	Centre-Ouest	06	12.2519	-2.3669	160239	Africa/Ouagadougou		
3466296	Chapecó	Brazil	BR	Santa Catarina	26	-27.0964	-52.6183	160157	America/Sao_Paulo		
700022	Nyzhnodniprovsk	Ukraine	UA	Dnipropetrovsk	04	48.4755	35.1167	160123	Europe/Kyiv		
1293960	Taunggyi	Myanmar	MM	Shan State	11	20.7892	97.0378	160115	Asia/Yangon		
76184	Dhamār	Yemen	YE	Dhamār	11	14.5427	44.4051	160114	Asia/Aden		
11048853	Dubai Investments Park	United Arab Emirates	AE	Dubai	03	25.0083	55.1568	160000	Asia/Dubai		
91057	Ash Sharqāt	Iraq	IQ	Salah ad Din	18	35.5172	43.2281	160000	Asia/Baghdad		
3021372	Dijon	France	FR	Bourgogne	27	47.3134	5.0139	159941	Europe/Paris		
499292	Salavat	Russia	RU	Bashkortostan Republic	08	53.3828	55.9109	159893	Asia/Yekaterinburg		
2344053	Ede	Nigeria	NG	Osun State	42	7.7363	4.4354	159866	Africa/Lagos		
3996663	Manzanillo	Mexico	MX	Colima	08	19.1169	-104.3421	159853	America/Mexico_City		
3595237	Jalapa	Guatemala	GT	Jalapa	10	14.6354	-89.9911	159840	America/Guatemala		
1873014	Paech’ŏn-ŭp	North Korea	KP	South Hwanghae	06	37.9931	126.3014	159825	Asia/Pyongyang		
4459467	Cary	United States	US	North Carolina	NC	35.7915	-78.7811	159769	America/New_York		
3470583	Barreiras	Brazil	BR	Bahia	05	-12.1528	-44.9900	159734	America/Bahia		
1732745	Skudai	Malaysia	MY	Johor	01	1.5374	103.6578	159733	Asia/Kuala_Lumpur		
2439376	Tahoua	Niger	NE	Tahoua Region	06	14.8888	5.2692	159468	Africa/Niamey		
4744091	Alexandria	United States	US	Virginia	VA	38.8048	-77.0469	159467	America/New_York		
3518723	Tuxtepec	Mexico	MX	Oaxaca	20	18.0883	-96.1253	159452	America/Mexico_City		
7483743	Puthia	Bangladesh	BD	Rajshahi Division	83	24.3654	88.8343	159406	Asia/Dhaka		
6087790	Newton	Canada	CA	British Columbia	02	49.1333	-122.8500	159390	America/Vancouver		
2988394	Paris 16 Passy	France	FR	Île-de-France	11	48.8637	2.2769	159386	Europe/Paris		
1784554	Zhicheng	China	CN	Hubei	12	30.2956	111.5047	159383	Asia/Shanghai		
1884365	Ang Mo Kio New Town	Singapore	SG		02	1.3803	103.8397	159340	Asia/Singapore		
189386	Limuru	Kenya	KE	Kiambu County	22	-1.1136	36.6420	159314	Africa/Nairobi		
3538803	San Miguel del Padrón	Cuba	CU	Havana	02	23.0954	-82.3267	159273	America/Havana		
3903320	Tarija	Bolivia	BO	Tarija Department	09	-21.5355	-64.7296	159269	America/La_Paz		
3454783	Patos de Minas	Brazil	BR	Minas Gerais	15	-18.5789	-46.5181	159235	America/Sao_Paulo		
2857458	Oldenburg	Germany	DE	Lower Saxony	06	53.1404	8.2148	159218	Europe/Berlin		
3034610	Paris 17 Batignolles-Monceau	France	FR	Île-de-France	11	48.8835	2.3219	159212	Europe/Paris		
11468431	Matsusaka	Japan	JP	Mie	23	34.5789	136.5371	159145	Asia/Tokyo		
3837702	Catamarca	Argentina	AR	Catamarca	02	-28.4696	-65.7852	159139	America/Argentina/Catamarca		
1850311	Tochigi	Japan	JP	Tochigi	38	36.3833	139.7333	159056	Asia/Tokyo		
549479	Khoroshëvo-Mnevniki	Russia	RU	Moscow Oblast	47	55.7836	37.4714	159000	Europe/Moscow		
576432	Bibirevo	Russia	RU	Moscow	48	55.8833	37.6000	159000	Europe/Moscow		
2503701	Bordj Bou Arreridj	Algeria	DZ	Bordj Bou Arréridj	39	36.0739	4.7614	158812	Africa/Algiers		
338998	Dīla	Ethiopia	ET	South Ethiopia Regional State	56	6.4167	38.3167	158800	Africa/Addis_Ababa		
7284820	Jaigaon	India	IN	West Bengal	28	26.8477	89.3756	158664	Asia/Kolkata		
1276720	Batāla	India	IN	Punjab	23	31.8092	75.2029	158621	Asia/Kolkata		
3014728	Grenoble	France	FR	Rhône-Alpes	84	45.1787	5.7148	158552	Europe/Paris		
3460748	Itapecerica da Serra	Brazil	BR	São Paulo	27	-23.7169	-46.8492	158522	America/Sao_Paulo		
91597	Sāmarrā’	Iraq	IQ	Salah ad Din	18	34.1959	43.8857	158508	Asia/Baghdad		
5317071	Tempe Junction	United States	US	Arizona	AZ	33.4142	-111.9435	158368	America/Phoenix		
5380698	Palmdale	United States	US	California	CA	34.5794	-118.1165	158351	America/Los_Angeles		
1735106	George Town	Malaysia	MY	Penang	09	5.4112	100.3354	158336	Asia/Kuala_Lumpur		
2498766	El Achir	Algeria	DZ	Bordj Bou Arréridj	39	36.0639	4.6274	158333	Africa/Algiers		
5355933	Hayward	United States	US	California	CA	37.6688	-122.0808	158289	America/Los_Angeles		
1261039	Orai	India	IN	Uttar Pradesh	36	25.9902	79.4533	158265	Asia/Kolkata		
1565136	Thốt Nốt	Vietnam	VN	Can Tho City	92	10.2721	105.5338	158225	Asia/Ho_Chi_Minh		
890422	Gweru	Zimbabwe	ZW	Midlands Province	02	-19.4500	29.8167	158200	Africa/Harare		
3408424	Abaetetuba	Brazil	BR	Pará	16	-1.7181	-48.8825	158188	America/Belem		
3746183	Centro Habana	Cuba	CU	Havana	02	23.1383	-82.3642	158151	America/Havana		
1881921	Bukit Batok New Town	Singapore	SG		00	1.3590	103.7637	158030	Asia/Singapore		
7026787	Chom Thong	Thailand	TH	Bangkok	40	13.6772	100.4841	158005	Asia/Bangkok		
560465	Gol’yanovo	Russia	RU	Moscow	48	55.8230	37.8131	158000	Europe/Moscow		
1213614	Sunggal	Indonesia	ID	North Sumatra	26	3.5765	98.6151	157914	Asia/Jakarta		
8504953	Admiralteisky	Russia	RU	St.-Petersburg	66	59.9230	30.3000	157897	Europe/Moscow		
3460728	Itapetininga	Brazil	BR	São Paulo	27	-23.5917	-48.0531	157790	America/Sao_Paulo		
2252309	Diourbel	Senegal	SN	Diourbel Region	03	14.6479	-16.2436	157554	Africa/Dakar		
1849429	Ueda	Japan	JP	Nagano	26	36.4027	138.2816	157480	Asia/Tokyo		
1819757	Aberdeen	Hong Kong	HK	Southern District	HSO	22.2480	114.1529	157400	Asia/Hong_Kong		
12167218	Avtozavodskyi	Ukraine	UA	Poltava	18	49.0975	33.4321	157382	Europe/Kyiv		
5391295	Salinas	United States	US	California	CA	36.6777	-121.6555	157380	America/Los_Angeles		
6544488	San Blas-Canillejas	Spain	ES	Madrid	29	40.4389	-3.6154	157367	Europe/Madrid		
3529982	Cuautla	Mexico	MX	Morelos	17	18.8106	-98.9352	157336	America/Mexico_City		
2766824	Salzburg	Austria	AT	State of Salzburg	05	47.7994	13.0440	157245	Europe/Vienna		
1214191	Perbaungan	Indonesia	ID	North Sumatra	26	3.5679	98.9560	157174	Asia/Jakarta		
1608258	Nong Chok	Thailand	TH	Bangkok	40	13.8559	100.8622	157138	Asia/Bangkok		
2014006	Ussuriysk	Russia	RU	Primorye	59	43.8047	131.9573	157068	Asia/Vladivostok		
11250625	Arif Wala	Pakistan	PK	Balochistan	02	26.3248	66.2959	157063	Asia/Karachi		
2035644	Nanpiao	China	CN	Liaoning	19	41.0982	120.7479	157044	Asia/Shanghai		
3174659	Livorno	Italy	IT	Tuscany	16	43.5443	10.3262	157017	Europe/Rome		
3838874	Río Cuarto	Argentina	AR	Cordoba	05	-33.1304	-64.3527	157010	America/Argentina/Cordoba		
335035	Harar	Ethiopia	ET	Harari	50	9.3139	42.1181	157000	Africa/Addis_Ababa		
617239	Tiraspol	Moldova	MD	Transnistria	58	46.8428	29.6284	157000	Europe/Chisinau		
3402383	Caxias	Brazil	BR	Maranhão	13	-4.8589	-43.3561	156973	America/Fortaleza		
2649997	Enfield Town	United Kingdom	GB	England	ENG	51.6515	-0.0850	156858	Europe/London		
940316	Westonaria	South Africa	ZA	Gauteng	06	-26.3191	27.6486	156831	Africa/Johannesburg		
8416218	Lizhi	China	CN	Chongqing	33	29.7032	107.3952	156753	Asia/Shanghai		
6822096	Hitachi-Naka	Japan	JP	Ibaraki	14	36.3966	140.5348	156581	Asia/Tokyo		
1257804	Saharsa	India	IN	Bihar	34	25.8750	86.5961	156540	Asia/Kolkata		
350789	Qalyub	Egypt	EG	Qalyubia	12	30.1792	31.2056	156363	Africa/Cairo		
3595803	Escuintla	Guatemala	GT	Escuintla	06	14.3010	-90.7882	156313	America/Guatemala		
2514169	Marbella	Spain	ES	Andalusia	51	36.5154	-4.8858	156295	Europe/Madrid		
1732687	Batu Pahat	Malaysia	MY	Johor	01	1.8548	102.9325	156236	Asia/Kuala_Lumpur		
1735453	Sitiawan	Malaysia	MY	Perak	07	4.2168	100.6996	156234	Asia/Kuala_Lumpur		
1700868	Mariveles	Philippines	PH	Central Luzon	03	14.4338	120.4857	156200	Asia/Manila		
3518135	San Pablo de las Salinas	Mexico	MX	México	15	19.6666	-99.0948	156191	America/Mexico_City		
1152473	Lampang	Thailand	TH	Lampang	06	18.2923	99.4928	156139	Asia/Bangkok		
2633352	York	United Kingdom	GB	England	ENG	53.9576	-1.0827	156135	Europe/London		
1591474	Bạc Liêu	Vietnam	VN	Ca Mau	96	9.2941	105.7278	156110	Asia/Ho_Chi_Minh		
8299780	Juja	Kenya	KE	Kiambu County	22	-1.1015	37.0132	156041	Africa/Nairobi		
2548880	Fès al Bali	Morocco	MA	Fes-Meknes	03	34.0701	-4.9547	156000	Africa/Casablanca		
330118	Nek’emtē	Ethiopia	ET	Oromiya	51	9.0833	36.5500	156000	Africa/Addis_Ababa		
2686657	Örebro	Sweden	SE	Örebro	15	59.2741	15.2066	155989	Europe/Stockholm		
2112312	Katsuta	Japan	JP	Ibaraki	14	36.3833	140.5333	155968	Asia/Tokyo		
99062	Al Miqdādīyah	Iraq	IQ	Diyala	10	33.9786	44.9369	155968	Asia/Baghdad		
2309527	Malabo	Equatorial Guinea	GQ	Bioko Norte	04	3.7558	8.7817	155963	Africa/Malabo		
1253200	Vidisha	India	IN	Madhya Pradesh	35	23.5260	77.8109	155951	Asia/Kolkata		
1563281	Tuy Hòa	Vietnam	VN	Dak Lak	66	13.0955	109.3209	155921	Asia/Ho_Chi_Minh		
1797632	Yizhou	China	CN	Guangxi	16	24.5000	108.6667	155872	Asia/Shanghai		
5400075	Sunnyvale	United States	US	California	CA	37.3688	-122.0363	155805	America/Los_Angeles		
2294700	Tema	Ghana	GH	Greater Accra	01	5.6698	-0.0166	155782	Africa/Accra		
3403741	Camaragibe	Brazil	BR	Pernambuco	30	-8.0217	-34.9811	155771	America/Recife		
2033413	Yichun	China	CN	Heilongjiang	08	47.7214	128.8753	155762	Asia/Shanghai		
1582190	Đức Phổ	Vietnam	VN	Quang Ngai	51	14.8135	108.9593	155743	Asia/Ho_Chi_Minh		
3518407	San Martin Texmelucan de Labastida	Mexico	MX	Puebla	21	19.2843	-98.4389	155738	America/Mexico_City		
3460845	Itajaí	Brazil	BR	Santa Catarina	26	-26.9078	-48.6619	155716	America/Sao_Paulo		
250336	Ar Ramthā	Jordan	JO	Irbid	18	32.5587	36.0082	155693	Asia/Amman		
1270407	Hanumāngarh	India	IN	Rajasthan	24	29.5818	74.3294	155687	Asia/Kolkata		
6318546	São Mateus	Brazil	BR	São Paulo	27	-23.6058	-46.4789	155682	America/Sao_Paulo		
783920	Zemun	Serbia	RS	Central Serbia	SE	44.8458	20.4012	155591	Europe/Belgrade		
3345439	Telford	United Kingdom	GB	England	ENG	52.6766	-2.4493	155570	Europe/London		
2334327	Kisi	Nigeria	NG	Oyo State	32	9.0830	3.8520	155510	Africa/Lagos		
3461408	Ilhéus	Brazil	BR	Bahia	05	-14.7991	-39.0323	155499	America/Bahia		
3587923	Villa Canales	Guatemala	GT	Guatemala	07	14.4828	-90.5343	155423	America/Guatemala		
1712051	Guyong	Philippines	PH	Central Luzon	03	14.8361	120.9784	155391	Asia/Manila		
2537406	Settat	Morocco	MA	Casablanca-Settat	06	33.0010	-7.6166	155333	Africa/Casablanca		
934154	Port Louis	Mauritius	MU	Port Louis	18	-20.1619	57.4989	155226	Indian/Mauritius		
2208032	Tauranga	New Zealand	NZ	Bay of Plenty	E8	-37.6861	176.1667	155200	Pacific/Auckland		
1859675	Kawanishi	Japan	JP	Hyōgo	13	34.8167	135.4167	155165	Asia/Tokyo		
1254657	Thānesar	India	IN	Haryana	10	29.9732	76.8321	155152	Asia/Kolkata		
361179	Al Ḩawāmidīyah	Egypt	EG	Giza	08	29.9000	31.2500	155055	Africa/Cairo		
1270239	Hassan	India	IN	Karnataka	19	13.0071	76.0962	155006	Asia/Kolkata		
1919014	Lianghu	China	CN	Zhejiang	02	29.9915	120.8984	155000	Asia/Shanghai		
3108118	Tetuán de las Victorias	Spain	ES	Madrid	29	40.4597	-3.6975	155000	Europe/Madrid		
1266486	Kishangarh	India	IN	Rajasthan	24	26.5901	74.8540	154886	Asia/Kolkata		
6254843	Birendranagar	Nepal	NP	Karnali Pradesh	6	28.5967	81.6166	154886	Asia/Kathmandu		
10265162	Dalūpura	India	IN	Delhi	07	28.6057	77.3190	154791	Asia/Kolkata		
1809879	Guangshui	China	CN	Hubei	12	31.6199	113.9978	154771	Asia/Shanghai		
935264	Saint-Denis	Reunion	RE	Reunion	RE	-20.8823	55.4504	154765	Indian/Reunion		
683902	Brăila	Romania	RO	Brăila County	08	45.2715	27.9743	154686	Europe/Bucharest		
532615	Lyubertsy	Russia	RU	Moscow Oblast	47	55.6772	37.8932	154650	Europe/Moscow		
217745	Bumba	Democratic Republic of the Congo	CD	Mongala	25	2.1877	22.4683	154586	Africa/Kinshasa		
8740322	Rudrapur	India	IN	Uttarakhand	39	28.9800	79.4000	154554	Asia/Kolkata		
3884373	La Serena	Chile	CL	Coquimbo Region	07	-29.9059	-71.2501	154521	America/Santiago		
717582	Miskolc	Hungary	HU	Borsod-Abaúj-Zemplén	04	48.1033	20.7781	154521	Europe/Budapest		
362485	Abū Kabīr	Egypt	EG	Sharqia	14	30.7251	31.6715	154466	Africa/Cairo		
1808872	Fu’an	China	CN	Fujian	07	27.0913	119.6445	154439	Asia/Shanghai		
7931934	Kitengela	Kenya	KE	Kajiado County	19	-1.4761	36.9614	154436	Africa/Nairobi		
4692559	Frisco	United States	US	Texas	TX	33.1507	-96.8236	154407	America/Chicago		
2033168	Zhaodong	China	CN	Heilongjiang	08	46.0522	125.9552	154406	Asia/Shanghai		
1529085	Wujiaqu	China	CN	Xinjiang	13	44.1628	87.5217	154400	Asia/Urumqi		
2323090	Shomolu	Nigeria	NG	Lagos	05	6.5389	3.3742	154390	Africa/Lagos		
2216349	Janzūr	Libya	LY	Al Jafarah	81	32.8187	13.0173	154389	Africa/Tripoli		
1024552	Xai-Xai	Mozambique	MZ	Gaza Province	02	-25.0519	33.6442	154356	Africa/Maputo		
4951788	Springfield	United States	US	Massachusetts	MA	42.1015	-72.5898	154341	America/New_York		
1262067	Nalgonda	India	IN	Telangana	40	17.0544	79.2671	154326	Asia/Kolkata		
231954	Katabi	Uganda	UG	Central Region	C	0.0841	32.4697	154300	Africa/Kampala		
1884178	Gwangyang	South Korea	KR	Jeollanam-do	16	34.9414	127.6957	154266	Asia/Seoul		
543460	Kovrov	Russia	RU	Vladimir Oblast	83	56.3575	41.3189	154224	Europe/Moscow		
298033	Viranşehir	Turkey	TR	Şanlıurfa	63	37.2235	39.7552	154163	Europe/Istanbul		
1855078	Noda	Japan	JP	Chiba	04	35.9490	139.8679	154114	Asia/Tokyo		
3449948	Santana de Parnaíba	Brazil	BR	São Paulo	27	-23.4442	-46.9178	154105	America/Sao_Paulo		
3511540	San Cristóbal	Dominican Republic	DO	San Cristóbal	33	18.4171	-70.1068	154040	America/Santo_Domingo		
4619947	East Chattanooga	United States	US	Tennessee	TN	35.0654	-85.2491	154024	America/New_York		
146384	Limassol	Cyprus	CY	Limassol	05	34.6841	33.0379	154000	Asia/Nicosia		
1860034	Kariya	Japan	JP	Aichi	01	34.9833	136.9833	153834	Asia/Tokyo		
4717782	Pasadena	United States	US	Texas	TX	29.6911	-95.2091	153784	America/Chicago		
352181	Mīt Ghamr	Egypt	EG	Dakahlia	01	30.7152	31.2592	153754	Africa/Cairo		
1789273	Sanshui	China	CN	Guangdong	30	23.1549	112.8916	153714	Asia/Shanghai		
4431410	Jackson	United States	US	Mississippi	MS	32.2988	-90.1848	153701	America/Chicago		
3454982	Parelheiros	Brazil	BR	São Paulo	27	-23.8275	-46.7269	153695	America/Sao_Paulo		
3457000	Mogi Guaçu	Brazil	BR	São Paulo	27	-22.3677	-46.9455	153658	America/Sao_Paulo		
2756071	Enschede	The Netherlands	NL	Overijssel	15	52.2183	6.8958	153655	Europe/Amsterdam		
1816265	Boshan	China	CN	Shandong	25	36.4833	117.8333	153596	Asia/Shanghai		
1270164	Hazāribāgh	India	IN	Jharkhand	38	23.9924	85.3616	153595	Asia/Kolkata		
1814786	Yangchun	China	CN	Guangdong	30	22.1667	111.7833	153547	Asia/Shanghai		
2479215	Souk Ahras	Algeria	DZ	Souk Ahras	52	36.2864	7.9511	153479	Africa/Algiers		
201521	Musanze	Rwanda	RW	Northern Province	13	-1.4998	29.6350	153368	Africa/Kigali		
1263220	Medinīpur	India	IN	West Bengal	28	22.4211	87.3226	153349	Asia/Kolkata		
1846986	Andong	South Korea	KR	Gyeongsangbuk-do	14	36.5664	128.7227	153348	Asia/Seoul		
1277508	Bālurghāt	India	IN	West Bengal	28	25.2210	88.7773	153279	Asia/Kolkata		
5384170	Pomona	United States	US	California	CA	34.0553	-117.7523	153266	America/Los_Angeles		
3625515	Valle de La Pascua	Venezuela	VE	Guárico	12	9.2155	-66.0073	153136	America/Caracas		
2884161	Kreuzberg	Germany	DE	State of Berlin	16	52.4997	13.4034	153135	Europe/Berlin		
3943789	Chincha Alta	Peru	PE	Ica	11	-13.4099	-76.1324	153076	America/Lima		
2172797	Cairns	Australia	AU	Queensland	04	-16.9237	145.7661	153075	Australia/Brisbane		
1271976	Fyzābād	India	IN	Uttar Pradesh	36	26.7755	82.1502	153047	Asia/Kolkata		
1590900	Thị Trấn Thuận Châu	Vietnam	VN	Sơn La Province	14	21.4385	103.6900	153000	Asia/Ho_Chi_Minh		
1273581	Dinapore	India	IN	Bihar	34	25.6370	85.0479	152940	Asia/Kolkata		
1812728	Dingzhou	China	CN	Hebei	10	38.5147	114.9868	152934	Asia/Shanghai		
4273837	Kansas City	United States	US	Kansas	KS	39.1142	-94.6275	152933	America/Chicago		
98530	As Samawah	Iraq	IQ	Muthanna	03	31.3320	45.2944	152890	Asia/Baghdad		
1259395	Porbandar	India	IN	Gujarat	09	21.6422	69.6093	152760	Asia/Kolkata		
2040959	Sinp’o	North Korea	KP	South Hamgyong	03	40.0397	128.1943	152759	Asia/Pyongyang		
1798919	Pengpu	China	CN	Shanghai	23	31.2855	121.4367	152725	Asia/Shanghai		
5143307	Washington Heights	United States	US	New York	NY	40.8501	-73.9354	152613	America/New_York		
5427946	Lakewood	United States	US	Colorado	CO	39.7047	-105.0814	152597	America/Denver		
97990	Baqubah	Iraq	IQ	Diyala	10	33.7540	44.6052	152550	Asia/Baghdad		
10303650	Simele	Iraq	IQ	Duhok	08	36.8583	42.8501	152512	Asia/Baghdad		
90532	Sumayl	Iraq	IQ	Duhok	08	36.8582	42.8482	152512	Asia/Baghdad		
2864118	Neuss	Germany	DE	North Rhine-Westphalia	07	51.1981	6.6850	152457	Europe/Berlin		
1815302	Chenghua	China	CN	Guangdong	30	23.4613	116.7701	152453	Asia/Shanghai		
1869446	Songnim-ni	North Korea	KP	North Hwanghae	07	38.7635	125.6410	152425	Asia/Pyongyang		
1277397	Bānda	India	IN	Uttar Pradesh	36	25.4776	80.3349	152218	Asia/Kolkata		
3452525	Pouso Alegre	Brazil	BR	Minas Gerais	15	-22.2300	-45.9364	152217	America/Sao_Paulo		
1586296	Cần Giuộc	Vietnam	VN	Tay Ninh	80	10.6086	106.6714	152200	Asia/Ho_Chi_Minh		
6693228	Balvanera	Argentina	AR	Buenos Aires F.D.	07	-34.6103	-58.3977	152198	America/Argentina/Buenos_Aires		
2035980	Longfeng	China	CN	Heilongjiang	08	46.5317	125.1038	152074	Asia/Shanghai		
2037201	Beining	China	CN	Liaoning	19	41.5956	121.7928	152033	Asia/Shanghai		
487150	Strogino	Russia	RU	Moscow	48	55.8184	37.4122	152000	Europe/Moscow		
11204106	Etwatwa	South Africa	ZA	Gauteng	06	-26.1252	28.4547	151866	Africa/Johannesburg		
7279570	Higashimurayama	Japan	JP	Tokyo	40	35.7546	139.4685	151815	Asia/Tokyo		
1270079	Hindupur	India	IN	Andhra Pradesh	02	13.8281	77.4914	151677	Asia/Kolkata		
3471697	Araucária	Brazil	BR	Paraná	18	-25.5931	-49.4103	151666	America/Sao_Paulo		
1737486	Bintulu	Malaysia	MY	Sarawak	11	3.1667	113.0333	151617	Asia/Kuching		
2640101	Poole	United Kingdom	GB	England	ENG	50.7143	-1.9846	151500	Europe/London		
361661	Akhmīm	Egypt	EG	Sohag	24	26.5622	31.7457	151430	Africa/Cairo		
1173491	Kohat	Pakistan	PK	Khyber Pakhtunkhwa	03	33.5820	71.4493	151427	Asia/Karachi		
1172035	Layyah	Pakistan	PK	Punjab	04	30.9613	70.9390	151274	Asia/Karachi		
355026	Girga	Egypt	EG	Sohag	24	26.3372	31.8929	151256	Africa/Cairo		
2299522	Koforidua	Ghana	GH	Eastern	05	6.0941	-0.2591	151255	Africa/Accra		
1880750	Bukit Merah Estate	Singapore	SG		00	1.2842	103.8231	151250	Asia/Singapore		
117392	Saqqez	Iran	IR	Kurdistan Province	16	36.2499	46.2735	151237	Asia/Tehran		
3118150	Logroño	Spain	ES	La Rioja	27	42.4661	-2.4512	151164	Europe/Madrid		
1276634	Beāwar	India	IN	Rajasthan	24	26.1012	74.3203	151152	Asia/Kolkata		
693821	Sykhiv	Ukraine	UA	Lviv	15	49.7943	24.0628	151131	Europe/Kyiv		
3399058	Garanhuns	Brazil	BR	Pernambuco	30	-8.8820	-36.5022	151064	America/Recife		
5346827	Escondido	United States	US	California	CA	33.1192	-117.0864	151038	America/Los_Angeles		
13286467	Ṣuwayliḥ	Jordan	JO	Balqa	02	32.0221	35.8439	151016	Asia/Amman		
315373	Erzincan	Turkey	TR	Erzincan	24	39.7392	39.4901	150714	Europe/Istanbul		
307515	Kırşehir	Turkey	TR	Kırşehir	40	39.1458	34.1639	150700	Europe/Istanbul		
13607718	Zarichnyi	Ukraine	UA	Sumy	21	50.9038	34.8093	150694	Europe/Kyiv		
2511401	La Laguna	Spain	ES	Canary Islands	53	28.4853	-16.3201	150661	Atlantic/Canary		
1522203	Kokshetau	Kazakhstan	KZ	Aqmola	03	53.2841	69.3936	150649	Asia/Almaty		
1278667	Anantnag	India	IN	Jammu and Kashmir	12	33.7307	75.1542	150592	Asia/Kolkata		
1858445	Kukichūō	Japan	JP	Saitama	34	36.0674	139.6750	150582	Asia/Tokyo		
2521420	Badajoz	Spain	ES	Extremadura	57	38.8779	-6.9706	150530	Europe/Madrid		
7302856	Serilingampalle	India	IN	Telangana	40	17.4931	78.3020	150525	Asia/Kolkata		
7670934	Malatia-Sebastia	Armenia	AM	Yerevan	11	40.1740	44.4457	150500	Asia/Yerevan		
3870282	Talcahuano	Chile	CL	Biobio	06	-36.7249	-73.1168	150499	America/Santiago		
3895088	Chillán	Chile	CL	Ñuble	18	-36.6066	-72.1034	150396	America/Santiago		
1648580	Blitar	Indonesia	ID	East Java	08	-8.0983	112.1681	150371	Asia/Jakarta		
1578163	Kỳ Anh	Vietnam	VN	Hà Tĩnh Province	42	18.0624	106.2983	150226	Asia/Bangkok		
1608236	Nong Khaem	Thailand	TH	Bangkok	40	13.7059	100.3492	150218	Asia/Bangkok		
3992619	Piedras Negras	Mexico	MX	Coahuila	07	28.7001	-100.5235	150178	America/Matamoros		
307084	Kızıltepe	Turkey	TR	Mardin	72	37.1884	40.5772	150174	Europe/Istanbul		
5107464	Astoria	United States	US	New York	NY	40.7721	-73.9301	150165	America/New_York		
1856367	Musashino	Japan	JP	Tokyo	40	35.7061	139.5594	150149	Asia/Tokyo		
579464	Balashikha	Russia	RU	Moscow Oblast	47	55.7948	37.9479	150103	Europe/Moscow		
1259005	Raigarh	India	IN	Chhattisgarh	37	21.8976	83.3966	150019	Asia/Kolkata		
5962204	Gloucester	Canada	CA	Ontario	08	45.3500	-75.6333	150012	America/Toronto		
942470	Vryheid	South Africa	ZA	KwaZulu-Natal	02	-27.7695	30.7917	150012	Africa/Johannesburg		
1163198	Tordher	Pakistan	PK	Khyber Pakhtunkhwa	03	33.9905	72.2863	150000	Asia/Karachi		
13118091	Setia Alam	Malaysia	MY	Selangor	12	3.1016	101.4557	150000	Asia/Kuala_Lumpur		
13118229	Bandar Tasik Puteri	Malaysia	MY	Selangor	12	3.2853	101.4741	150000	Asia/Kuala_Lumpur		
1645457	Dili	Timor Leste	TL	Dili Municipality	DI	-8.5586	125.5736	150000	Asia/Dili		
1842944	Gimcheon	South Korea	KR	Gyeongsangbuk-do	14	36.1218	128.1198	150000	Asia/Seoul		
462745	Zhulebino	Russia	RU	Moscow	48	55.7000	37.8500	150000	Europe/Moscow		
7302828	Malkajgiri	India	IN	Telangana	40	17.4478	78.5263	150000	Asia/Kolkata		
7473418	Bercham	Malaysia	MY	Perak	07	4.6411	101.1393	150000	Asia/Kuala_Lumpur		
1256639	Shāntipur	India	IN	West Bengal	28	23.2472	88.4330	149983	Asia/Kolkata		
3521342	Playa del Carmen	Mexico	MX	Quintana Roo	23	20.6274	-87.0799	149923	America/Cancun		
3389321	Santa Rita	Brazil	BR	Paraíba	17	-7.1139	-34.9781	149910	America/Fortaleza		
3190261	Split	Croatia	HR	Split-Dalmatia	15	43.5089	16.4392	149830	Europe/Zagreb		
6545326	Ursynów	Poland	PL	Mazovia	78	52.1505	21.0504	149775	Europe/Warsaw		
4158928	Hollywood	United States	US	Florida	FL	26.0112	-80.1495	149728	America/New_York		
6544494	Madrid Centro	Spain	ES	Madrid	29	40.4183	-3.7027	149718	Europe/Madrid		
11962378	Iguatemi	Brazil	BR	São Paulo	27	-23.6128	-46.4267	149700	America/Sao_Paulo		
11612583	Shūnan	Japan	JP	Yamaguchi	45	34.0805	131.8256	149632	Asia/Tokyo		
2448085	Agadez	Niger	NE	Agadez	01	16.9733	7.9911	149549	Africa/Niamey		
2654264	Burnley	United Kingdom	GB	England	ENG	53.8000	-2.2333	149422	Europe/London		
293725	Reẖovot	Israel	IL	Central District	02	31.8942	34.8120	149392	Asia/Jerusalem		
1621884	Watampone	Indonesia	ID	South Sulawesi	38	-4.5386	120.3279	149336	Asia/Makassar		
2212775	Sabha	Libya	LY	Sabha District	75	27.0377	14.4283	149329	Africa/Tripoli		
358108	Disūq	Egypt	EG	Kafr el-Sheikh	21	31.1326	30.6478	149291	Africa/Cairo		
2525473	Cagliari	Italy	IT	Sardinia	14	39.2305	9.1192	149257	Europe/Rome		
5109790	Borough Park	United States	US	New York	NY	40.6340	-73.9968	149248	America/New_York		
2647425	Harrow	United Kingdom	GB	England	ENG	51.5784	-0.3321	149246	Europe/London		
2556272	Berrechid	Morocco	MA	Casablanca-Settat	06	33.2655	-7.5875	149201	Africa/Casablanca		
3452073	Queimados	Brazil	BR	Rio de Janeiro	21	-22.7161	-43.5553	149093	America/Sao_Paulo		
2244991	Tambacounda	Senegal	SN	Tambacounda	05	13.7707	-13.6673	149071	Africa/Dakar		
2646458	Huddersfield	United Kingdom	GB	England	ENG	53.6490	-1.7842	149017	Europe/London		
343749	Ārabī	Ethiopia	ET	Somali	52	9.9628	42.4928	148933	Africa/Addis_Ababa		
706524	Kerch	Ukraine	UA	Crimea	11	45.3567	36.4754	148932	Europe/Simferopol		
6137270	Saguenay	Canada	CA	Quebec	10	48.4168	-71.0657	148886	America/Toronto		
2852217	Prenzlauer Berg	Germany	DE	State of Berlin	16	52.5388	13.4244	148878	Europe/Berlin		
6317123	Fazenda Rio Grande	Brazil	BR	Paraná	18	-25.6575	-49.3081	148873	America/Sao_Paulo		
1858926	Komaki	Japan	JP	Aichi	01	35.2833	136.9167	148872	Asia/Tokyo		
124721	Marvdasht	Iran	IR	Fars	07	29.8741	52.8026	148858	Asia/Tehran		
701404	Melitopol	Ukraine	UA	Zaporizhzhia	26	46.8473	35.3820	148851	Europe/Kyiv		
2037534	Dunhua	China	CN	Jilin	05	43.3695	128.2286	148844	Asia/Shanghai		
1275812	Bhuj	India	IN	Gujarat	09	23.2540	69.6693	148834	Asia/Kolkata		
6544487	Arganzuela	Spain	ES	Madrid	29	40.4002	-3.6962	148797	Europe/Madrid		
655194	Jyväskylä	Finland	FI	Central Finland	13	62.2415	25.7209	148744	Europe/Helsinki		
1848277	Yonago	Japan	JP	Tottori	41	35.4333	133.3333	148720	Asia/Tokyo		
52407	Ruqi	Somalia	SO	Awdal	21	9.9729	43.4276	148702	Africa/Mogadishu		
3169361	Rimini	Italy	IT	Emilia-Romagna	05	44.0575	12.5653	148688	Europe/Rome		
3137115	Stavanger	Norway	NO	Rogaland	14	58.9701	5.7333	148682	Europe/Oslo		
5927690	Coquitlam	Canada	CA	British Columbia	02	49.2846	-122.7822	148625	America/Vancouver		
108512	Arar	Saudi Arabia	SA	Northern Borders Region	15	30.9753	41.0381	148540	Asia/Riyadh		
5405288	Valencia	United States	US	California	CA	34.4436	-118.6095	148456	America/Los_Angeles		
6822129	Tama	Japan	JP	Tokyo	40	35.6436	139.4684	148285	Asia/Tokyo		
4907959	Rockford	United States	US	Illinois	IL	42.2711	-89.0940	148278	America/Chicago		
2455914	Kalaban Koro	Mali	ML	Koulikoro	07	12.5733	-8.0291	148247	Africa/Bamako		
3642833	El Limón	Venezuela	VE	Aragua	04	10.3059	-67.6321	148247	America/Caracas		
2990363	Nîmes	France	FR	Occitanie	76	43.8366	4.3579	148236	Europe/Paris		
2650752	Dundee	United Kingdom	GB	Scotland	SCT	56.4691	-2.9749	148210	Europe/London		
1277100	Bārākpur	India	IN	West Bengal	28	22.7660	88.3634	148174	Asia/Kolkata		
11962430	Sao Rafael	Brazil	BR	São Paulo	27	-23.6282	-46.4539	148145	America/Sao_Paulo		
3469136	Botucatu	Brazil	BR	São Paulo	27	-22.8858	-48.4450	148130	America/Sao_Paulo		
2034638	Sujiatun	China	CN	Liaoning	19	41.6592	123.3392	148113	Asia/Shanghai		
1651112	Astanajapura	Indonesia	ID	West Java	30	-6.8017	108.6311	148047	Asia/Jakarta		
4013720	Ciudad Delicias	Mexico	MX	Chihuahua	06	28.1901	-105.4701	148045	America/Chihuahua		
2415703	Siguiri	Guinea	GN	Kankan Region	K	11.4228	-9.1685	148018	Africa/Conakry		
2239520	Mbanza Kongo	Angola	AO	Zaire	16	-6.2667	14.2383	148000	Africa/Luanda		
4756955	East Hampton	United States	US	Virginia	VA	37.0374	-76.3316	147993	America/New_York		
2036876	Honggang	China	CN	Heilongjiang	08	46.3974	124.8845	147977	Asia/Shanghai		
6544102	Sarrià-Sant Gervasi	Spain	ES	Catalonia	56	41.4010	2.1394	147912	Europe/Madrid		
192710	Kiambu	Kenya	KE	Kiambu County	22	-1.1714	36.8356	147870	Africa/Nairobi		
3024635	Clermont-Ferrand	France	FR	Rhône-Alpes	84	45.7797	3.0868	147865	Europe/Paris		
4898015	Joliet	United States	US	Illinois	IL	41.5252	-88.0834	147861	America/Chicago		
5894171	Barrie	Canada	CA	Ontario	08	44.4001	-79.6663	147829	America/Toronto		
1619532	Bang Kapi	Thailand	TH	Bangkok	40	13.7653	100.6470	147800	Asia/Bangkok		
4221552	Savannah	United States	US	Georgia	GA	32.0835	-81.0998	147780	America/New_York		
5102466	Paterson	United States	US	New Jersey	NJ	40.9168	-74.1718	147754	America/New_York		
6544491	Salamanca	Spain	ES	Madrid	29	40.4297	-3.6797	147707	Europe/Madrid		
546230	Kolomna	Russia	RU	Moscow Oblast	47	55.0711	38.7840	147690	Europe/Moscow		
1270525	Hājīpur	India	IN	Bihar	34	25.6854	85.2098	147688	Asia/Kolkata		
118994	Rafsanjān	Iran	IR	Kerman	29	30.4067	55.9939	147680	Asia/Tehran		
9081327	Hòa Thành	Vietnam	VN	Tay Ninh	80	11.2870	106.1294	147666	Asia/Ho_Chi_Minh		
3173529	Mestre	Italy	IT	Veneto	20	45.4917	12.2454	147662	Europe/Rome		
285704	As Sālimīyah	Kuwait	KW	Hawalli	08	29.3339	48.0761	147649	Asia/Kuwait		
5282804	Bridgeport	United States	US	Connecticut	CT	41.1792	-73.1894	147629	America/New_York		
13561779	Shevchenko	Ukraine	UA	Poltava	18	49.5645	34.5387	147600	Europe/Kyiv		
539110	Kuntsevo	Russia	RU	Moscow	48	55.7422	37.4023	147497	Europe/Moscow		
789128	Kragujevac	Serbia	RS	Central Serbia	SE	44.0167	20.9167	147473	Europe/Belgrade		
610612	Aktau	Kazakhstan	KZ	Mangystau	09	43.6611	51.1739	147443	Asia/Aqtau		
3567924	Balcón de la Lisa	Cuba	CU	Havana	02	23.0535	-82.4476	147415	America/Havana		
1257086	Sasarām	India	IN	Bihar	34	24.9494	84.0165	147408	Asia/Kolkata		
711874	Bohuniya	Ukraine	UA	Zhytomyr	27	50.2769	28.6096	147324	Europe/Kyiv		
3456290	Nilópolis	Brazil	BR	Rio de Janeiro	21	-22.8075	-43.4139	147281	America/Sao_Paulo		
6822163	Iruma	Japan	JP	Saitama	34	35.8180	139.3680	147166	Asia/Tokyo		
3873454	Renca	Chile	CL	Santiago Metropolitan	12	-33.4019	-70.7062	147151	America/Santiago		
704508	Kramatorsk	Ukraine	UA	Donetsk	05	48.7311	37.5678	147145	Europe/Kyiv		
4903279	Naperville	United States	US	Illinois	IL	41.7859	-88.1473	147100	America/Chicago		
290340	Manama	Bahrain	BH	Manama	16	26.2279	50.5857	147074	Asia/Bahrain		
4013516	Colima	Mexico	MX	Colima	08	19.2447	-103.7127	146965	America/Mexico_City		
1275947	Bhimavaram	India	IN	Andhra Pradesh	02	16.5408	81.5232	146961	Asia/Kolkata		
258576	Lárisa	Greece	GR	Thessaly	ESYE14	39.6285	22.4211	146926	Europe/Athens		
2019528	Nakhodka	Russia	RU	Primorye	59	42.8436	132.9183	146920	Asia/Vladivostok		
339734	Debre Birhan	Ethiopia	ET	Amhara	46	9.6795	39.5326	146900	Africa/Addis_Ababa		
3038354	Aix-en-Provence	France	FR	Provence-Alpes-Côte d'Azur	93	43.5283	5.4497	146821	Europe/Paris		
1586350	Cam Ranh	Vietnam	VN	Khanh Hoa	56	11.9214	109.1591	146771	Asia/Ho_Chi_Minh		
3547398	Matanzas	Cuba	CU	Matanzas Province	03	23.0439	-81.5828	146733	America/Havana		
1275539	Beed	India	IN	Maharashtra	16	18.9892	75.7563	146709	Asia/Kolkata		
446208	Khasnahzān	Iraq	IQ	Erbil	11	36.2009	44.1424	146639	Asia/Baghdad		
1793092	Taozhou	China	CN	Anhui	01	30.9064	119.4086	146610	Asia/Shanghai		
8533870	Saint-Quentin-en-Yvelines	France	FR	Île-de-France	11	48.7719	2.0189	146598	Europe/Paris		
13118145	Bandar Bukit Raja	Malaysia	MY	Selangor	12	3.0874	101.4334	146534	Asia/Kuala_Lumpur		
2655524	Blackburn	United Kingdom	GB	England	ENG	53.7500	-2.4833	146521	Europe/London		
13546323	Rosemont–La Petite-Patrie	Canada	CA	Quebec	10	45.5366	-73.6069	146501	America/Toronto		
3894242	Colina	Chile	CL	Santiago Metropolitan	12	-33.2044	-70.6747	146207	America/Santiago		
10261509	Burāri	India	IN	Delhi	07	28.7557	77.1994	146190	Asia/Kolkata		
3086800	Ruda Śląska	Poland	PL	Silesia	83	50.2584	18.8563	146189	Europe/Warsaw		
2377457	Nouadhibou	Mauritania	MR	Dakhlet Nouadhibou	08	20.9419	-17.0384	146048	Africa/Nouakchott		
3493175	Puerto Plata	Dominican Republic	DO	Puerto Plata	18	19.7934	-70.6884	146000	America/Santo_Domingo		
1680197	Urdaneta	Philippines	PH	Ilocos	01	15.9761	120.5711	145935	Asia/Manila		
6544492	Chamberí	Spain	ES	Madrid	29	40.4340	-3.7038	145934	Europe/Madrid		
1265859	Krishnanagar	India	IN	West Bengal	28	23.4058	88.4907	145926	Asia/Kolkata		
1788816	Xinji	China	CN	Hebei	10	37.9260	115.2191	145911	Asia/Shanghai		
3595069	Jutiapa	Guatemala	GT	Jutiapa	11	14.2849	-89.8880	145880	America/Guatemala		
3395503	Marabá	Brazil	BR	Pará	16	-5.3815	-49.1323	145860	America/Belem		
1274056	Chitradurga	India	IN	Karnataka	19	14.2226	76.4004	145853	Asia/Kolkata		
7026776	Bueng Kum	Thailand	TH	Bangkok	40	13.7853	100.6696	145830	Asia/Bangkok		
2653941	Cambridge	United Kingdom	GB	England	ENG	52.2000	0.1167	145674	Europe/London		
6317837	Paço do Lumiar	Brazil	BR	Maranhão	13	-2.5322	-44.1075	145643	America/Fortaleza		
1732721	Kampung Pasir Gudang Baru	Malaysia	MY	Johor	01	1.4726	103.8780	145639	Asia/Kuala_Lumpur		
1646698	Cikampek	Indonesia	ID	West Java	30	-6.4197	107.4558	145620	Asia/Jakarta		
1764027	Kampung Sungai Glugur	Malaysia	MY	Penang	09	5.3697	100.3135	145600	Asia/Kuala_Lumpur		
1272648	Dibrugarh	India	IN	Assam	03	27.4799	94.9084	145488	Asia/Kolkata		
2488835	Médéa	Algeria	DZ	Medea	06	36.2642	2.7539	145441	Africa/Algiers		
1793700	Taishan	China	CN	Guangdong	30	22.2513	112.7799	145440	Asia/Shanghai		
2498392	El Eulma	Algeria	DZ	Sétif	12	36.1528	5.6902	145380	Africa/Algiers		
3046526	Pécs	Hungary	HU	Baranya	02	46.0762	18.2281	145347	Europe/Budapest		
1581755	Giá Rai	Vietnam	VN	Ca Mau	96	9.2344	105.4583	145340	Asia/Ho_Chi_Minh		
1279403	Abohar	India	IN	Punjab	23	30.1445	74.1955	145302	Asia/Kolkata		
1254327	Tiruvannamalai	India	IN	Tamil Nadu	25	12.2266	79.0746	145278	Asia/Kolkata		
4156404	Gainesville	United States	US	Florida	FL	29.6516	-82.3248	145214	America/New_York		
3435261	Concordia	Argentina	AR	Entre Rios	08	-31.3920	-58.0171	145210	America/Argentina/Cordoba		
1880574	Kampong Pasir Ris	Singapore	SG		00	1.3783	103.9319	145150	Asia/Singapore		
1864132	Fujieda	Japan	JP	Shizuoka	37	34.8667	138.2667	145032	Asia/Tokyo		
3488465	Spanish Town	Jamaica	JM	Saint Catherine Parish	10	17.9911	-76.9574	145018	America/Jamaica		
2655459	Blackpool	United Kingdom	GB	England	ENG	53.8167	-3.0500	145007	Europe/London		
1512473	Urganch	Uzbekistan	UZ	Xorazm Region	05	41.5518	60.6314	145000	Asia/Samarkand		
160961	Bukoba	Tanzania	TZ	Kagera	19	-1.3317	31.8122	144938	Africa/Dar_es_Salaam		
1268593	Kaithal	India	IN	Haryana	10	29.8015	76.3996	144915	Asia/Kolkata		
3030300	Brest	France	FR	Brittany	53	48.3903	-4.4863	144899	Europe/Paris		
2656194	Basildon	United Kingdom	GB	England	ENG	51.5684	0.4578	144859	Europe/London		
3462964	Franco da Rocha	Brazil	BR	São Paulo	27	-23.3217	-46.7269	144849	America/Sao_Paulo		
3111108	Salamanca	Spain	ES	Castille and León	55	40.9688	-5.6639	144825	Europe/Madrid		
13546324	Villeray–Saint-Michel–Parc-Extension	Canada	CA	Quebec	10	45.5587	-73.6054	144814	America/Toronto		
4710826	Mesquite	United States	US	Texas	TX	32.7668	-96.5992	144788	America/Chicago		
1865005	Ashikaga	Japan	JP	Tochigi	38	36.3333	139.4500	144746	Asia/Tokyo		
12217184	Huyện Lâm Hà	Vietnam	VN	Lam Dong	68	11.8155	108.2144	144707	Asia/Ho_Chi_Minh		
2038679	Acheng	China	CN	Heilongjiang	08	45.5456	126.9519	144665	Asia/Shanghai		
5990579	Kelowna	Canada	CA	British Columbia	02	49.8831	-119.4857	144576	America/Vancouver		
1162959	Umarkot	Pakistan	PK	Sindh	05	25.3633	69.7418	144558	Asia/Karachi		
3618030	León	Nicaragua	NI	León Department	08	12.4353	-86.8786	144538	America/Managua		
1860735	Kakamigahara	Japan	JP	Gifu	09	35.4167	136.8667	144521	Asia/Tokyo		
3003603	Le Mans	France	FR	Pays de la Loire	52	48.0021	0.2025	144515	Europe/Paris		
1171965	Lodhran	Pakistan	PK	Punjab	04	29.5339	71.6324	144512	Asia/Karachi		
6169141	Trois-Rivières	Canada	CA	Quebec	10	46.3451	-72.5477	144472	America/Toronto		
2037075	Hailin	China	CN	Heilongjiang	08	44.5715	129.3854	144443	Asia/Shanghai		
6822099	Tsuchiura	Japan	JP	Ibaraki	14	36.0905	140.2105	144399	Asia/Tokyo		
563523	Elektrostal’	Russia	RU	Moscow Oblast	47	55.7865	38.4571	144387	Europe/Moscow		
1277599	Balasore	India	IN	Odisha	21	21.4927	86.9335	144373	Asia/Kolkata		
1786395	Yong’an	China	CN	Chongqing	33	31.0189	109.4595	144314	Asia/Shanghai		
12808658	Paris 11e Arrondissement	France	FR	Île-de-France	11	48.8583	2.3795	144292	Europe/Paris		
2516548	Huelva	Spain	ES	Andalusia	51	37.2664	-6.9400	144258	Europe/Madrid		
1513131	Navoiy	Uzbekistan	UZ	Navoiy Region	07	40.0844	65.3792	144158	Asia/Samarkand		
5140405	Syracuse	United States	US	New York	NY	43.0481	-76.1474	144142	America/New_York		
3471335	Atibaia	Brazil	BR	São Paulo	27	-23.1169	-46.5503	144088	America/Sao_Paulo		
295620	Ashkelon	Israel	IL	Southern District	01	31.6693	34.5715	144073	Asia/Jerusalem		
965154	Pinetown	South Africa	ZA	KwaZulu-Natal	02	-29.8207	30.8867	144026	Africa/Johannesburg		
2294665	Teshi Old Town	Ghana	GH	Greater Accra	01	5.5836	-0.1072	144013	Africa/Accra		
576279	Biryulëvo	Russia	RU	Moscow	48	55.5864	37.6778	144000	Europe/Moscow		
6418220	Orekhovo-Borisovo	Russia	RU	Moscow	48	55.6125	37.7264	144000	Europe/Moscow		
1858067	Kusatsu	Japan	JP	Shiga	35	35.0167	135.9667	143913	Asia/Tokyo		
8417607	Nanjin	China	CN	Chongqing	33	29.9850	106.2653	143766	Asia/Shanghai		
5967629	Guelph	Canada	CA	Ontario	08	43.5459	-80.2560	143740	America/Toronto		
8408334	Qianjiang	China	CN	Chongqing	33	29.5328	108.7748	143727	Asia/Shanghai		
1185240	Ramna Maidan	Bangladesh	BD	Dhaka Division	81	23.7333	90.4000	143677	Asia/Dhaka		
1271107	Godhra	India	IN	Gujarat	09	22.7755	73.6149	143644	Asia/Kolkata		
2558470	Khemisset	Morocco	MA	Rabat-Salé-Kénitra	04	33.8240	-6.0663	143640	Africa/Casablanca		
749780	Çanakkale	Turkey	TR	Canakkale	17	40.1555	26.4127	143622	Europe/Istanbul		
5403022	Torrance	United States	US	California	CA	33.8359	-118.3406	143592	America/Los_Angeles		
1689510	San Jose	Philippines	PH	Mimaropa	41	12.3528	121.0676	143495	Asia/Manila		
984998	Ladysmith	South Africa	ZA	KwaZulu-Natal	02	-28.5587	29.7790	143446	Africa/Johannesburg		
6325521	Lévis	Canada	CA	Quebec	10	46.8033	-71.1779	143414	America/Toronto		
11962407	Cachoeirinha	Brazil	BR	São Paulo	27	-23.4544	-46.6621	143366	America/Sao_Paulo		
2907911	Heidelberg	Germany	DE	Baden-Wurttemberg	01	49.4077	8.6908	143345	Europe/Berlin		
4006163	Fresnillo	Mexico	MX	Zacatecas	32	23.1749	-102.8679	143281	America/Mexico_City		
2475475	Touggourt	Algeria	DZ	Touggourt	TG	33.1108	6.0700	143270	Africa/Algiers		
1256523	Shillong	India	IN	Meghalaya	18	25.5689	91.8831	143229	Asia/Kolkata		
5316428	Surprise	United States	US	Arizona	AZ	33.6306	-112.3332	143148	America/Phoenix		
2407790	Kenema	Sierra Leone	SL	Eastern Province	01	7.8769	-11.1903	143137	Africa/Freetown		
2641181	Norwich	United Kingdom	GB	England	ENG	52.6278	1.2983	143135	Europe/London		
1564555	Tịnh Biên	Vietnam	VN	An Giang	91	10.5959	104.9367	143098	Asia/Ho_Chi_Minh		
1856584	Moriguchi	Japan	JP	Osaka	32	34.7333	135.5667	143096	Asia/Tokyo		
3037854	Amiens	France	FR	Hauts-de-France	32	49.9000	2.3000	143086	Europe/Paris		
1586551	Cai Lậy	Vietnam	VN	Dong Thap	82	10.4000	106.1167	143050	Asia/Ho_Chi_Minh		
3458266	Macaé	Brazil	BR	Rio de Janeiro	21	-22.3848	-41.7832	143029	America/Sao_Paulo		
1258178	Rewāri	India	IN	Haryana	10	28.1990	76.6183	143021	Asia/Kolkata		
1276759	Basirhat City	India	IN	West Bengal	28	22.6614	88.8548	143007	Asia/Kolkata		
517121	Novyye Kuz’minki	Russia	RU	Moscow	48	55.7000	37.7500	143000	Europe/Moscow		
537832	Kuz’minki	Russia	RU	Moscow	48	55.7000	37.8000	143000	Europe/Moscow		
2624886	Aalborg	Denmark	DK	North Denmark	19	57.0480	9.9187	142937	Europe/Copenhagen		
1707123	La Trinidad	Philippines	PH	Cordillera	15	16.4550	120.5875	142925	Asia/Manila		
2496049	Ghardaïa	Algeria	DZ	Ghardaia	45	32.4909	3.6735	142913	Africa/Algiers		
1623834	Timika	Indonesia	ID	Central Papua	PT	-4.6141	136.6768	142909	Asia/Jayapura		
503550	Pyatigorsk	Russia	RU	Stavropol Kray	70	44.0500	43.0504	142865	Europe/Moscow		
2312888	Mbanza-Ngungu	Democratic Republic of the Congo	CD	Bas-Congo	08	-5.2584	14.8584	142773	Africa/Kinshasa		
13546319	Mercier–Hochelaga-Maisonneuve	Canada	CA	Quebec	10	45.5719	-73.5463	142753	America/Toronto		
1894616	Okinawa	Japan	JP	Okinawa	47	26.3358	127.8014	142752	Asia/Tokyo		
2642607	Middlesbrough	United Kingdom	GB	England	ENG	54.5762	-1.2348	142707	Europe/London		
1216187	Shahrisabz	Uzbekistan	UZ	Qashqadaryo	08	39.0578	66.8342	142700	Asia/Samarkand		
1878458	Ch’ŏngdan-ŭp	North Korea	KP	South Hwanghae	06	37.9703	125.9375	142607	Asia/Pyongyang		
3110876	Sant Andreu	Spain	ES	Catalonia	56	41.4354	2.1898	142598	Europe/Madrid		
3086586	Rybnik	Poland	PL	Silesia	83	50.0971	18.5418	142510	Europe/Warsaw		
2482572	Saïda	Algeria	DZ	Saida	10	34.8303	0.1517	142497	Africa/Algiers		
4333190	Metairie Terrace	United States	US	Louisiana	LA	29.9785	-90.1640	142489	America/Chicago		
3188582	Tuzla	Bosnia and Herzegovina	BA	Federation of B&H	01	44.5384	18.6671	142486	Europe/Sarajevo		
13607717	Kovpakivskyi	Ukraine	UA	Sumy	21	50.9251	34.7948	142447	Europe/Kyiv		
1005646	eMbalenhle	South Africa	ZA	Mpumalanga	07	-26.5333	29.0667	142443	Africa/Johannesburg		
3446038	Trindade	Brazil	BR	Goiás	29	-16.6494	-49.4889	142431	America/Sao_Paulo		
1174167	Khanpur	Pakistan	PK	Punjab	04	28.6474	70.6569	142426	Asia/Karachi		
4575352	Columbia	United States	US	South Carolina	SC	34.0007	-81.0348	142416	America/New_York		
1337240	Nawābganj	Bangladesh	BD	Rajshahi Division	83	24.5903	88.2744	142361	Asia/Dhaka		
2545957	Inezgane	Morocco	MA	Souss-Massa	09	30.3554	-9.5364	142320	Africa/Casablanca		
5381396	Pasadena	United States	US	California	CA	34.1478	-118.1445	142250	America/Los_Angeles		
2146268	Toowoomba	Australia	AU	Queensland	04	-27.5606	151.9539	142163	Australia/Brisbane		
2855745	Paderborn	Germany	DE	North Rhine-Westphalia	07	51.7191	8.7544	142161	Europe/Berlin		
6822137	Misato, Saitama	Japan	JP	Saitama	34	35.8437	139.8835	142145	Asia/Tokyo		
1274337	Chhatarpur	India	IN	Madhya Pradesh	35	24.9177	79.5887	142128	Asia/Kolkata		
990930	Kimberley	South Africa	ZA	Northern Cape	08	-28.7323	24.7623	142089	Africa/Johannesburg		
3899887	Alto Hospicio	Chile	CL	Tarapacá	15	-20.2687	-70.1049	142086	America/Santiago		
3564178	Ciego de Ávila	Cuba	CU	Ciego de Ávila Province	07	21.8422	-78.7603	142027	America/Havana		
349717	Samālūţ	Egypt	EG	Minya	10	28.3121	30.7101	142009	Africa/Cairo		
6418146	Chertanovo Yuzhnoye	Russia	RU	Moscow	48	55.5907	37.5952	142000	Europe/Moscow		
1805844	Jieshou	China	CN	Anhui	01	33.2634	115.3611	141993	Asia/Shanghai		
528293	Maykop	Russia	RU	Adygeya Republic	01	44.6079	40.1024	141970	Europe/Moscow		
1214882	Kisaran	Indonesia	ID	North Sumatra	26	2.9845	99.6158	141915	Asia/Jakarta		
1635111	Mojokerto	Indonesia	ID	East Java	08	-7.4664	112.4338	141785	Asia/Jakarta		
3682516	Facatativá	Colombia	CO	Cundinamarca	33	4.8137	-74.3545	141762	America/Bogota		
1732750	Masai	Malaysia	MY	Johor	01	1.4907	103.8788	141730	Asia/Kuala_Lumpur		
3629576	Punto Fijo	Venezuela	VE	Falcón	11	11.6915	-70.1992	141729	America/Caracas		
1307835	Myingyan	Myanmar	MM	Mandalay Region	08	21.4600	95.3884	141713	Asia/Yangon		
41548	Kamālshahr	Iran	IR	Alborz Province	44	35.8619	50.8742	141669	Asia/Tehran		
1263834	Mandsaur	India	IN	Madhya Pradesh	35	24.0718	75.0699	141667	Asia/Kolkata		
463355	Zheleznodorozhnyy	Russia	RU	Moscow Oblast	47	55.7440	38.0168	141648	Europe/Moscow		
1274553	Chas	India	IN	Jharkhand	38	23.6356	86.1671	141640	Asia/Kolkata		
130531	Jahrom	Iran	IR	Fars	07	28.5000	53.5605	141634	Asia/Tehran		
2972191	Tours	France	FR	Centre-Val de Loire	24	47.3948	0.7040	141621	Europe/Paris		
1260777	Pālanpur	India	IN	Gujarat	09	24.1713	72.4383	141592	Asia/Kolkata		
2291136	Bondoukou	Ivory Coast	CI	Zanzan District	92	8.0402	-2.8000	141568	Africa/Abidjan		
3598655	Chichicastenango	Guatemala	GT	Quiché	14	14.9433	-91.1112	141567	America/Guatemala		
3108288	Tarragona	Spain	ES	Catalonia	56	41.1191	1.2454	141542	Europe/Madrid		
81302	Tobruk	Libya	LY	Al Butnan	79	32.0896	23.9538	141499	Africa/Tripoli		
1870648	Sinch’ŏn-ŭp	North Korea	KP	South Hwanghae	06	38.3532	125.4842	141407	Asia/Pyongyang		
5881791	Abbotsford	Canada	CA	British Columbia	02	49.0580	-122.2526	141397	America/Vancouver		
3468879	Brusque	Brazil	BR	Santa Catarina	26	-27.0980	-48.9128	141385	America/Sao_Paulo		
13607966	Circoiscrizione II	Italy	IT	Piedmont	12	45.0501	7.6405	141344	Europe/Rome		
2655237	Bolton	United Kingdom	GB	England	ENG	53.5833	-2.4333	141331	Europe/London		
1281105	Yushu	China	CN	Qinghai	06	33.0012	97.0089	141308	Asia/Shanghai		
670609	Piteşti	Romania	RO	Arges	03	44.8500	24.8667	141275	Europe/Bucharest		
1864031	Fukayachō	Japan	JP	Saitama	34	36.2000	139.2833	141268	Asia/Tokyo		
3907584	Potosí	Bolivia	BO	Potosí Department	07	-19.5836	-65.7531	141251	America/La_Paz		
1173664	Khuzdar	Pakistan	PK	Balochistan	02	27.8119	66.6110	141227	Asia/Karachi		
6544490	Usera	Spain	ES	Madrid	29	40.3887	-3.7003	141189	Europe/Madrid		
2998286	Limoges	France	FR	New Aquitaine	75	45.8336	1.2476	141176	Europe/Paris		
11962398	Cangaiba	Brazil	BR	São Paulo	27	-23.4970	-46.5204	141172	America/Sao_Paulo		
1907299	Asaka	Japan	JP	Saitama	34	35.8047	139.6019	141083	Asia/Tokyo		
3455070	Paranaguá	Brazil	BR	Paraná	18	-25.5163	-48.5254	141013	America/Sao_Paulo		
1141269	Ghazni	Afghanistan	AF	Ghazni	08	33.5539	68.4210	141000	Asia/Kabul		
5379513	Orange	United States	US	California	CA	33.7878	-117.8531	140992	America/Los_Angeles		
755330	Wola	Poland	PL	Mazovia	78	52.2348	20.9600	140958	Europe/Warsaw		
8406214	Sanhe	China	CN	Chongqing	33	29.8686	107.7303	140954	Asia/Shanghai		
130802	Īlām	Iran	IR	Ilam Province	10	33.6374	46.4227	140940	Asia/Tehran		
2037222	Gongzhuling	China	CN	Jilin	05	43.5007	124.8198	140909	Asia/Shanghai		
1907301	Shimotoda	Japan	JP	Saitama	34	35.8150	139.6853	140899	Asia/Tokyo		
3860443	Comodoro Rivadavia	Argentina	AR	Chubut	04	-45.8626	-67.4940	140850	America/Argentina/Catamarca		
1764160	Kampung Sungai Ara	Malaysia	MY	Penang	09	5.3270	100.2735	140849	Asia/Kuala_Lumpur		
5351247	Fullerton	United States	US	California	CA	33.8703	-117.9253	140847	America/Los_Angeles		
4703223	Killeen	United States	US	Texas	TX	31.1171	-97.7278	140806	America/Chicago		
1497337	Norilsk	Russia	RU	Krasnoyarsk Krai	91	69.3535	88.2027	140800	Asia/Krasnoyarsk		
3118514	Lleida	Spain	ES	Catalonia	56	41.6167	0.6222	140797	Europe/Madrid		
2740637	Coimbra	Portugal	PT	Coimbra	07	40.2069	-8.4200	140796	Europe/Lisbon		
877747	Mtwara	Tanzania	TZ	Mtwara	11	-10.2667	40.1833	140793	Africa/Dar_es_Salaam		
1170989	Manjhand	Pakistan	PK	Sindh	05	25.9083	68.2368	140766	Asia/Karachi		
219057	Beni	Democratic Republic of the Congo	CD	North Kivu	11	0.4911	29.4731	140731	Africa/Lubumbashi		
339708	Debre Mark’os	Ethiopia	ET	Amhara	46	10.3500	37.7333	140700	Africa/Addis_Ababa		
1697497	Norzagaray	Philippines	PH	Central Luzon	03	14.9109	121.0493	140697	Asia/Manila		
11962432	Vila Curuca	Brazil	BR	São Paulo	27	-23.5100	-46.4157	140673	America/Sao_Paulo		
970566	Nigel	South Africa	ZA	Gauteng	06	-26.4314	28.4771	140644	Africa/Johannesburg		
11111027	Shengavit	Armenia	AM	Yerevan	11	40.1557	44.4779	140600	Asia/Yerevan		
2233410	Buea	Cameroon	CM	South-West	09	4.1534	9.2423	140533	Africa/Douala		
1794371	Shuizhai	China	CN	Guangdong	30	23.9296	115.7650	140493	Asia/Shanghai		
582432	Al’met’yevsk	Russia	RU	Tatarstan Republic	73	54.9040	52.3179	140437	Europe/Moscow		
2938913	Darmstadt	Germany	DE	Hesse	05	49.8717	8.6503	140385	Europe/Berlin		
12808663	Paris 12e Arrondissement	France	FR	Île-de-France	11	48.8352	2.4350	140311	Europe/Paris		
4709796	McAllen	United States	US	Texas	TX	26.2034	-98.2300	140269	America/Chicago		
1265242	Lakhīmpur	India	IN	Uttar Pradesh	36	27.9482	80.7793	140223	Asia/Kolkata		
2112576	Ishinomaki	Japan	JP	Miyagi	24	38.4167	141.3000	140151	Asia/Tokyo		
973111	Mpumalanga	South Africa	ZA	KwaZulu-Natal	02	-29.8129	30.6365	140121	Africa/Johannesburg		
2744114	Zaanstad	The Netherlands	NL	North Holland	07	52.4531	4.8136	140085	Europe/Amsterdam		
1610538	Kabin Buri	Thailand	TH	Prachin Buri	74	13.9513	101.7174	140056	Asia/Bangkok		
11468429	Kuwana	Japan	JP	Mie	23	35.0519	136.6696	140051	Asia/Tokyo		
3947019	Ayacucho	Peru	PE	Ayacucho	05	-13.1638	-74.2234	140033	America/Lima		
2034996	Shanhaiguan	China	CN	Hebei	10	40.0012	119.7540	140000	Asia/Shanghai		
286647	Şaḩam	Oman	OM	Al Batinah North	11	24.1722	56.8886	140000	Asia/Muscat		
3125239	Chamartín	Spain	ES	Madrid	29	40.4621	-3.6766	140000	Europe/Madrid		
245785	Abéché	Chad	TD	Ouadaï	12	13.8292	20.8324	139983	Africa/Ndjamena		
255524	Peristéri	Greece	GR	Attica	ESYE31	38.0154	23.6919	139981	Europe/Athens		
2759821	Amersfoort	The Netherlands	NL	Utrecht	09	52.1550	5.3875	139914	Europe/Amsterdam		
2073124	Darwin	Australia	AU	Northern Territory	03	-12.4611	130.8418	139902	Australia/Darwin		
11695689	Jeongeup	South Korea	KR	Jeollabuk-do	03	35.6000	126.9170	139876	Asia/Seoul		
5786882	Bellevue	United States	US	Washington	WA	47.6104	-122.2007	139820	America/Los_Angeles		
554233	Korolev	Russia	RU	Moscow Oblast	47	55.9142	37.8256	139798	Europe/Moscow		
1253468	Valsād	India	IN	Gujarat	09	20.6101	72.9343	139764	Asia/Kolkata		
150006	Shinyanga	Tanzania	TZ	Shinyanga	15	-3.6639	33.4212	139727	Africa/Dar_es_Salaam		
1178231	Gojra	Pakistan	PK	Punjab	04	31.1493	72.6832	139726	Asia/Karachi		
2675408	Sollentuna	Sweden	SE	Stockholm	26	59.4280	17.9509	139606	Europe/Stockholm		
1848774	Yaizu	Japan	JP	Shizuoka	37	34.8688	138.3195	139578	Asia/Tokyo		
99344	Al Hindīyah	Iraq	IQ	Karbala	12	32.5419	44.2247	139578	Asia/Baghdad		
1631905	Payakumbuh	Indonesia	ID	West Sumatra	24	-0.2159	100.6334	139576	Asia/Jakarta		
1273587	Damoh	India	IN	Madhya Pradesh	35	23.8331	79.4419	139561	Asia/Kolkata		
343370	Āsela	Ethiopia	ET	Oromiya	51	7.9500	39.1333	139500	Africa/Addis_Ababa		
1270498	Haldwani	India	IN	Uttarakhand	39	29.2225	79.5286	139497	Asia/Kolkata		
2337313	Irewe	Nigeria	NG	Lagos	05	6.4169	3.1406	139494	Africa/Lagos		
2341355	Gbongan	Nigeria	NG	Osun State	42	7.4773	4.3535	139485	Africa/Lagos		
3462672	Gama	Brazil	BR	Federal District	07	-16.0251	-48.0712	139467	America/Sao_Paulo		
1822214	Siem Reap	Cambodia	KH	Siem Reap	24	13.3618	103.8606	139458	Asia/Phnom_Penh		
3486270	Anaco	Venezuela	VE	Anzoátegui	02	9.4296	-64.4643	139397	America/Caracas		
1630333	Purwodadi	Indonesia	ID	Central Java	07	-7.0868	110.9158	139387	Asia/Jakarta		
1859093	Koga	Japan	JP	Ibaraki	14	36.1833	139.7167	139344	Asia/Tokyo		
1270568	Hābra	India	IN	West Bengal	28	22.8420	88.6561	139297	Asia/Kolkata		
1627253	Sidoarjo	Indonesia	ID	East Java	08	-7.4478	112.7183	139189	Asia/Jakarta		
13561145	Kyivskyi	Ukraine	UA	Donetsk	05	48.0465	37.7757	139177	Europe/Kyiv		
412800	Şabāḩ as Sālim	Kuwait	KW	Mubārak al Kabīr	09	29.2572	48.0572	139163	Asia/Kuwait		
3471039	Balneário Camboriú	Brazil	BR	Santa Catarina	26	-26.9906	-48.6347	139155	America/Sao_Paulo		
8393989	Plaza de la Revolución	Cuba	CU	Havana	02	23.1194	-82.3920	139135	America/Havana		
2659994	Lausanne	Switzerland	CH	Vaud	VD	46.5160	6.6328	139111	Europe/Zurich		
3613533	Choloma	Honduras	HN	Cortés Department	06	15.6144	-87.9530	139100	America/Tegucigalpa		
2473449	Kairouan	Tunisia	TN	Kairouan	03	35.6781	10.0963	139070	Africa/Tunis		
2636882	Stockport	United Kingdom	GB	England	ENG	53.4098	-2.1576	139052	Europe/London		
7284824	Budapest XI. kerület	Hungary	HU	Budapest	05	47.4760	19.0360	139049	Europe/Budapest		
2036776	Huadian	China	CN	Jilin	05	42.9721	126.7411	139047	Asia/Shanghai		
2229798	Kousséri	Cameroon	CM	Far North	12	12.0769	15.0306	139024	Africa/Douala		
1621613	Weru	Indonesia	ID	West Java	30	-6.7110	108.5037	139004	Asia/Jakarta		
12451089	Al-'Ubūr	Egypt	EG	Qalyubia	12	30.2289	31.4815	138987	Africa/Cairo		
546105	Kolpino	Russia	RU	St.-Petersburg	66	59.7507	30.5886	138979	Europe/Moscow		
3436077	Belgrano	Argentina	AR	Buenos Aires F.D.	07	-34.5627	-58.4583	138942	America/Argentina/Buenos_Aires		
2425791	Sarh	Chad	TD	Moyen-Chari	17	9.1456	18.3833	138928	Africa/Ndjamena		
1712875	Gingoog	Philippines	PH	Northern Mindanao	10	8.8278	125.0997	138895	Asia/Manila		
3518692	San Juan del Río	Mexico	MX	Querétaro	22	20.3890	-99.9964	138878	America/Mexico_City		
2295458	Sekondi-Takoradi	Ghana	GH	Western	09	4.9268	-1.7577	138872	Africa/Accra		
10020191	Liuzhi	China	CN	Guizhou	18	26.2342	105.4260	138826	Asia/Shanghai		
1698839	Naga	Philippines	PH	Central Visayas	07	10.2090	123.7580	138727	Asia/Manila		
2037335	Fuyu	China	CN	Jilin	05	45.1833	124.8167	138704	Asia/Shanghai		
6180170	Whitby	Canada	CA	Ontario	08	43.8834	-78.9329	138501	America/Toronto		
4333177	Metairie	United States	US	Louisiana	LA	29.9841	-90.1529	138481	America/Chicago		
1815427	Chaohu	China	CN	Anhui	01	31.6000	117.8667	138463	Asia/Shanghai		
1266305	Kolār	India	IN	Karnataka	19	13.1377	78.1300	138462	Asia/Kolkata		
2472706	Bizerte	Tunisia	TN	Bizerte Governorate	18	37.2744	9.8739	138430	Africa/Tunis		
3626402	Táriba	Venezuela	VE	Táchira	20	7.8212	-72.2233	138402	America/Caracas		
2343784	Ejigbo	Nigeria	NG	Osun State	42	7.9030	4.3136	138357	Africa/Lagos		
2544001	Ksar El Kebir	Morocco	MA	Tanger-Tetouan-Al Hoceima	01	35.0004	-5.9038	138262	Africa/Casablanca		
2986082	Paris 11 Popincourt	France	FR	Île-de-France	11	48.8574	2.3795	138170	Europe/Paris		
2290582	Dabou	Ivory Coast	CI	Lagunes District	82	5.3256	-4.3769	138083	Africa/Abidjan		
1884367	Bukit Panjang New Town	Singapore	SG		05	1.3797	103.7647	138050	Asia/Singapore		
11962379	Sao Lucas	Brazil	BR	São Paulo	27	-23.5947	-46.5436	138038	America/Sao_Paulo		
2983854	Paris 12 Reuilly	France	FR	Île-de-France	11	48.8412	2.3876	138024	Europe/Paris		
3393001	Parnaíba	Brazil	BR	Piauí	20	-2.9047	-41.7767	138008	America/Fortaleza		
2234359	Bertoua	Cameroon	CM	East	04	4.5773	13.6846	137993	Africa/Douala		
3723779	Jacmel	Haiti	HT	Sud-Est	13	18.2357	-72.5369	137966	America/Port-au-Prince		
1255647	Srikakulam	India	IN	Andhra Pradesh	02	18.2989	83.8975	137944	Asia/Kolkata		
1719274	Candelaria	Philippines	PH	Calabarzon	40	13.9311	121.4233	137933	Asia/Manila		
1562693	Vĩnh Long	Vietnam	VN	Vinh Long	86	10.2537	105.9722	137870	Asia/Ho_Chi_Minh		
3374333	Praia	Cabo Verde	CV	Praia	14	14.9315	-23.5125	137868	Atlantic/Cape_Verde		
3471715	Araruama	Brazil	BR	Rio de Janeiro	21	-22.8728	-42.3431	137773	America/Sao_Paulo		
12489673	Liangping	China	CN	Chongqing	33	30.6611	107.7661	137620	Asia/Shanghai		
353492	Kirdāsah	Egypt	EG	Giza	08	30.0310	31.1111	137588	Africa/Cairo		
3460535	Itu	Brazil	BR	São Paulo	27	-23.2642	-47.2992	137586	America/Sao_Paulo		
4566880	Ponce	Puerto Rico	PR	Ponce	113	18.0103	-66.6240	137491	America/Puerto_Rico		
6559683	Doilungdêqên	China	CN	Tibet	14	29.6550	90.9918	137451	Asia/Shanghai		
1805857	Jieshi	China	CN	Guangdong	30	22.8103	115.8306	137444	Asia/Shanghai		
1808612	Hejiang	China	CN	Sichuan	32	28.8116	105.8336	137437	Asia/Shanghai		
1735545	Pasir Puteh	Malaysia	MY	Kelantan	03	5.8333	102.4000	137400	Asia/Kuala_Lumpur		
1263814	Mandya	India	IN	Karnataka	19	12.5223	76.8975	137358	Asia/Kolkata		
7845495	Xiayang	China	CN	Shanghai	23	31.1497	121.1159	137321	Asia/Shanghai		
866153	Nor Nork	Armenia	AM	Yerevan	11	40.1966	44.5669	137300	Asia/Yerevan		
1019330	Bhisho	South Africa	ZA	Eastern Cape	05	-32.8472	27.4422	137287	Africa/Johannesburg		
2421820	Dixinn	Guinea	GN	Conakry	04	9.5511	-13.6731	137287	Africa/Conakry		
3456225	Freguesia do Ó	Brazil	BR	São Paulo	27	-23.4988	-46.6998	137240	America/Sao_Paulo		
1626444	Subang	Indonesia	ID	West Java	30	-6.5700	107.7567	137234	Asia/Jakarta		
10834495	Madhurampur Dehri	India	IN	Bihar	34	24.9690	84.1964	137231	Asia/Kolkata		
1233369	Negombo	Sri Lanka	LK	Western Province	36	7.2083	79.8358	137223	Asia/Colombo		
261745	Irákleion	Greece	GR	Crete	ESYE43	35.3279	25.1434	137154	Europe/Athens		
4762894	Hampton	United States	US	Virginia	VA	37.0299	-76.3452	137148	America/New_York		
1922014	Wuyishan	China	CN	Fujian	07	27.7599	118.0307	137133	Asia/Shanghai		
4164601	Miramar	United States	US	Florida	FL	25.9873	-80.2323	137132	America/New_York		
7303248	Jiashan	China	CN	Zhejiang	02	30.8492	120.9258	137112	Asia/Shanghai		
358821	Bilqās	Egypt	EG	Dakahlia	01	31.2145	31.3580	137080	Africa/Cairo		
1630058	Rangkasbitung	Indonesia	ID	Banten	33	-6.3591	106.2494	137041	Asia/Jakarta		
516215	Odintsovo	Russia	RU	Moscow Oblast	47	55.6698	37.2772	137041	Europe/Moscow		
3176885	Foggia	Italy	IT	Apulia	13	41.4584	15.5519	137032	Europe/Rome		
1069129	Antsiranana	Madagascar	MG	Diana	71	-12.3173	49.2919	136959	Indian/Antananarivo		
1268715	Kānchrāpāra	India	IN	West Bengal	28	22.9600	88.4285	136954	Asia/Kolkata		
3589885	San Juan Sacatepéquez	Guatemala	GT	Guatemala	07	14.7189	-90.6442	136886	America/Guatemala		
1857046	Minoh	Japan	JP	Osaka	32	34.8269	135.4706	136868	Asia/Tokyo		
2342490	Funtua	Nigeria	NG	Katsina State	24	11.5235	7.3117	136811	Africa/Lagos		
6155721	St. Catharines	Canada	CA	Ontario	08	43.1713	-79.2427	136803	America/Toronto		
1293625	Dawei	Myanmar	MM	Tanintharyi Region	12	14.0823	98.1915	136783	Asia/Yangon		
2338711	Igboho	Nigeria	NG	Oyo State	32	8.8378	3.7563	136764	Africa/Lagos		
1215102	Gunungsitoli	Indonesia	ID	North Sumatra	26	1.2888	97.6143	136707	Asia/Jakarta		
2759706	Apeldoorn	The Netherlands	NL	Gelderland	03	52.2100	5.9694	136670	Europe/Amsterdam		
11962385	Cidade Lider	Brazil	BR	São Paulo	27	-23.5620	-46.4913	136660	America/Sao_Paulo		
1570449	Phủ Lý	Vietnam	VN	Ninh Binh	37	20.5453	105.9122	136654	Asia/Bangkok		
2289887	Divo	Ivory Coast	CI	Goh-Djiboua	95	5.8374	-5.3572	136627	Africa/Abidjan		
1794806	Huinong	China	CN	Ningxia	21	39.2333	106.7694	136570	Asia/Shanghai		
6822128	Ebina	Japan	JP	Kanagawa	19	35.3812	139.3965	136516	Asia/Tokyo		
2543549	Larache	Morocco	MA	Tanger-Tetouan-Al Hoceima	01	35.1932	-6.1557	136505	Africa/Casablanca		
3445487	Varginha	Brazil	BR	Minas Gerais	15	-21.5514	-45.4303	136467	America/Sao_Paulo		
2989781	Paris 14 Observatoire	France	FR	Île-de-France	11	48.8331	2.3264	136455	Europe/Paris		
5405693	Van Nuys	United States	US	California	CA	34.1867	-118.4490	136443	America/Los_Angeles		
358600	Būsh	Egypt	EG	Beni Suweif	18	29.1482	31.1273	136441	Africa/Cairo		
9166066	Mlolongo	Kenya	KE	Machakos County	31	-1.3964	36.9403	136351	Africa/Nairobi		
3467736	Campo Largo	Brazil	BR	Paraná	18	-25.4596	-49.5301	136327	America/Sao_Paulo		
3986172	San José del Cabo	Mexico	MX	Baja California Sur	03	23.0541	-109.7037	136285	America/Mazatlan		
3468403	Cachoeirinha	Brazil	BR	Rio Grande do Sul	23	-29.9511	-51.0939	136258	America/Sao_Paulo		
5784607	West Valley City	United States	US	Utah	UT	40.6916	-112.0011	136208	America/Denver		
1859393	Kisarazu	Japan	JP	Chiba	04	35.3833	139.9325	136166	Asia/Tokyo		
1649881	Batang	Indonesia	ID	Central Java	07	-6.4846	110.7083	136145	Asia/Jakarta		
1810240	Gejiu	China	CN	Yunnan	29	23.3608	103.1537	136135	Asia/Shanghai		
685948	Bacău	Romania	RO	Bacău County	04	46.5672	26.9138	136087	Europe/Bucharest		
2356157	Saaba	Burkina Faso	BF	Centre	03	12.3714	-1.4147	136011	Africa/Ouagadougou		
1309233	Mingaladon	Myanmar	MM	Yangon	17	16.9241	96.0977	136000	Asia/Yangon		
1272552	Dimāpur	India	IN	Nagaland	20	25.9117	93.7217	135860	Asia/Kolkata		
957487	Sasolburg	South Africa	ZA	Free State	03	-26.8136	27.8169	135828	Africa/Johannesburg		
1777077	Cheras	Malaysia	MY	Selangor	12	3.1080	101.7260	135823	Asia/Kuala_Lumpur		
1735093	Tasek Glugor	Malaysia	MY	Penang	09	5.4803	100.4985	135786	Asia/Kuala_Lumpur		
3877949	Osorno	Chile	CL	Los Lagos Region	14	-40.5740	-73.1335	135773	America/Santiago		
2036597	Jiagedaqi	China	CN	Inner Mongolia	20	50.4167	124.1167	135760	Asia/Shanghai		
12022102	Tumxuk	China	CN	Xinjiang	13	39.8698	79.0612	135727	Asia/Urumqi		
1185191	Kushtia	Bangladesh	BD	Khulna Division	82	23.9028	89.1194	135724	Asia/Dhaka		
3672110	Pitalito	Colombia	CO	Huila Department	16	1.8537	-76.0507	135711	America/Bogota		
630376	Barysaw	Belarus	BY	Minsk	05	54.2279	28.5050	135696	Europe/Minsk		
1727995	Baliuag	Philippines	PH	Central Luzon	03	14.9547	120.8969	135679	Asia/Manila		
8616124	Hoàn Kiếm	Vietnam	VN	Hanoi	01	21.0286	105.8506	135618	Asia/Bangkok		
232713	Kajansi	Uganda	UG	Central Region	C	0.2155	32.5345	135600	Africa/Kampala		
1861464	Isahaya	Japan	JP	Nagasaki	27	32.8411	130.0431	135546	Asia/Tokyo		
4509884	Dayton	United States	US	Ohio	OH	39.7589	-84.1916	135512	America/New_York		
1586357	Cẩm Phả Mines	Vietnam	VN	Quảng Ninh	22	21.0167	107.3000	135477	Asia/Ho_Chi_Minh		
3591415	Petapa	Guatemala	GT	Guatemala	07	14.5019	-90.5620	135447	America/Guatemala		
1264111	Māler Kotla	India	IN	Punjab	23	30.5309	75.8795	135424	Asia/Kolkata		
2346615	Buguma	Nigeria	NG	Rivers State	50	4.7361	6.8624	135404	Africa/Lagos		
5882725	Ahuntsic-Cartierville	Canada	CA	Quebec	10	45.5667	-73.6667	135336	America/Toronto		
3471758	Araras	Brazil	BR	São Paulo	27	-22.3569	-47.3842	135331	America/Sao_Paulo		
1299154	Pyay	Myanmar	MM	Bago Region	16	18.8200	95.2156	135308	Asia/Yangon		
1795055	Shiqiao	China	CN	Guangdong	30	22.9464	113.3577	135308	Asia/Shanghai		
368277	Rabak	Sudan	SD	White Nile	41	13.1809	32.7400	135281	Africa/Khartoum		
1566559	Tây Ninh	Vietnam	VN	Tay Ninh	80	11.3100	106.0983	135254	Asia/Ho_Chi_Minh		
13546325	Le Vieux-Longueuil	Canada	CA	Quebec	10	45.5372	-73.5077	135218	America/Toronto		
267008	Tyre	Lebanon	LB	South Governorate	06	33.2733	35.1939	135204	Asia/Beirut		
613607	Kutaisi	Georgia	GE	Imereti	66	42.2679	42.6946	135201	Asia/Tbilisi		
143420	Andīmeshk	Iran	IR	Khuzestan	15	32.4615	48.3537	135116	Asia/Tehran		
1255927	Siwān	India	IN	Bihar	34	26.2210	84.3561	135066	Asia/Kolkata		
3675707	Madrid	Colombia	CO	Cundinamarca	33	4.7325	-74.2642	135000	America/Bogota		
1730713	Angono	Philippines	PH	Calabarzon	40	14.5266	121.1536	134975	Asia/Manila		
3687230	Cartago	Colombia	CO	Valle del Cauca Department	29	4.7464	-75.9117	134972	America/Bogota		
418533	Shahreẕā	Iran	IR	Isfahan	28	32.0088	51.8641	134952	Asia/Tehran		
1325211	Hinthada	Myanmar	MM	Ayeyarwady	03	17.6494	95.4570	134947	Asia/Yangon		
3728474	Cap-Haïtien	Haiti	HT	Nord	09	19.7594	-72.1981	134815	America/Port-au-Prince		
1649593	Baturaja	Indonesia	ID	South Sumatra	32	-4.1289	104.1669	134759	Asia/Jakarta		
1861602	Inazawa	Japan	JP	Aichi	01	35.2500	136.7833	134751	Asia/Tokyo		
1699296	Rodriguez	Philippines	PH	Calabarzon	40	14.7601	121.1999	134432	Asia/Manila		
1268338	Kalol	India	IN	Gujarat	09	23.2466	72.4951	134426	Asia/Kolkata		
124085	Mīāndoāb	Iran	IR	West Azerbaijan	01	36.9667	46.1096	134425	Asia/Tehran		
2491191	Laghouat	Algeria	DZ	Laghouat	25	33.8000	2.8651	134372	Africa/Algiers		
522377	Nevinnomyssk	Russia	RU	Stavropol Kray	70	44.6333	41.9444	134345	Europe/Moscow		
1689056	San Mateo	Philippines	PH	Calabarzon	40	14.6982	121.1236	134327	Asia/Manila		
347634	Ţahţā	Egypt	EG	Sohag	24	26.7687	31.5020	134314	Africa/Cairo		
1689286	San Juan	Philippines	PH	National Capital Region	NCR	14.6000	121.0333	134312	Asia/Manila		
667268	Sibiu	Romania	RO	Sibiu County	33	45.8000	24.1500	134309	Europe/Bucharest		
4276614	Olathe	United States	US	Kansas	KS	38.8814	-94.8191	134305	America/Chicago		
379302	El Geneina Fort	Sudan	SD	Western Darfur	47	13.4748	22.4574	134264	Africa/Khartoum		
2338269	Ikirun	Nigeria	NG	Osun State	42	7.9128	4.6674	134240	Africa/Lagos		
8419424	Shenglilu	China	CN	Chongqing	33	29.3505	105.8775	134218	Asia/Shanghai		
3836846	San Nicolás de los Arroyos	Argentina	AR	Buenos Aires	01	-33.3342	-60.2108	134217	America/Argentina/Buenos_Aires		
3722286	Léogâne	Haiti	HT	Ouest	11	18.5111	-72.6334	134190	America/Port-au-Prince		
11962412	Vila Jacui	Brazil	BR	São Paulo	27	-23.5026	-46.4616	134189	America/Sao_Paulo		
1651887	Adiwerna	Indonesia	ID	Central Java	07	-6.9375	109.1325	134188	Asia/Jakarta		
3403697	Cametá	Brazil	BR	Pará	16	-2.2444	-49.4958	134184	America/Belem		
98993	Al Qurnah	Iraq	IQ	Basra	02	31.0155	47.4336	134174	Asia/Baghdad		
2353099	Abakaliki	Nigeria	NG	Ebonyi State	53	6.3248	8.1137	134102	Africa/Lagos		
3384987	Vitória de Santo Antão	Brazil	BR	Pernambuco	30	-8.1181	-35.2914	134084	America/Recife		
3547640	Marianao	Cuba	CU	Havana	02	23.0739	-82.4189	134057	America/Havana		
5014051	Warren	United States	US	Michigan	MI	42.4904	-83.0130	134056	America/Detroit		
318253	Cizre	Turkey	TR	Şırnak	80	37.3302	42.1848	134041	Europe/Istanbul		
13607972	Circoiscrizione VIII	Italy	IT	Piedmont	12	45.0379	7.6717	134028	Europe/Rome		
1277264	Bānkura	India	IN	West Bengal	28	23.2324	87.0716	133966	Asia/Kolkata		
745169	İnegol	Turkey	TR	Bursa Province	16	40.0781	29.5133	133959	Europe/Istanbul		
2130404	Ebetsu	Japan	JP	Hokkaido	12	43.1081	141.5506	133953	Asia/Tokyo		
2292852	Anyama	Ivory Coast	CI	Abidjan Autonomous District	93	5.4946	-4.0518	133905	Africa/Abidjan		
1805962	Jiawang	China	CN	Jiangsu	04	34.4328	117.4419	133861	Asia/Shanghai		
1626932	Singaraja	Indonesia	ID	Bali	02	-8.1120	115.0882	133784	Asia/Makassar		
1260173	Pātan	India	IN	Gujarat	09	23.8507	72.1296	133737	Asia/Kolkata		
2805615	Würzburg	Germany	DE	Bavaria	02	49.7939	9.9512	133731	Europe/Berlin		
1582886	Đồng Hới	Vietnam	VN	Quang Tri	44	17.4688	106.6223	133672	Asia/Bangkok		
963230	Randfontein	South Africa	ZA	Gauteng	06	-26.1844	27.7020	133654	Africa/Johannesburg		
510808	Pervouralsk	Russia	RU	Sverdlovsk Oblast	71	56.9053	59.9436	133600	Asia/Yekaterinburg		
1270996	Gondā City	India	IN	Uttar Pradesh	36	27.1318	81.9533	133583	Asia/Kolkata		
290247	Madīnat Ḩamad	Bahrain	BH	Northern	19	26.1153	50.5069	133550	Asia/Bahrain		
1854162	Ōme	Japan	JP	Tokyo	40	35.7839	139.2431	133535	Asia/Tokyo		
347907	Sinnūris	Egypt	EG	Faiyum	04	29.4135	30.8658	133532	Africa/Cairo		
3654215	Milagro	Ecuador	EC	Guayas	10	-2.1340	-79.5934	133508	America/Guayaquil		
3460005	Jaú	Brazil	BR	São Paulo	27	-22.2964	-48.5578	133497	America/Sao_Paulo		
5441492	Thornton	United States	US	Colorado	CO	39.8680	-104.9719	133451	America/Denver		
3868707	Valdivia	Chile	CL	Los Ríos Region	17	-39.8142	-73.2459	133419	America/Santiago		
1513064	Olmaliq	Uzbekistan	UZ	Tashkent Region	14	40.8447	69.5983	133400	Asia/Tashkent		
2326899	Okrika	Nigeria	NG	Rivers State	50	4.7421	7.0837	133271	Africa/Lagos		
3450269	Santa Cruz do Sul	Brazil	BR	Rio Grande do Sul	23	-29.7175	-52.4258	133230	America/Sao_Paulo		
2646914	High Wycombe	United Kingdom	GB	England	ENG	51.6291	-0.7493	133204	Europe/London		
4679195	Carrollton	United States	US	Texas	TX	32.9537	-96.8903	133168	America/Chicago		
1683881	Talisay	Philippines	PH	Central Visayas	07	10.2447	123.8494	133148	Asia/Manila		
2457163	Gao	Mali	ML	Gao	09	16.2717	-0.0447	133110	Africa/Bamako		
1272805	Dhaulpur	India	IN	Rajasthan	24	26.6929	77.8797	133075	Asia/Kolkata		
149581	Tarime	Tanzania	TZ	Mara	08	-1.3500	34.3667	133043	Africa/Dar_es_Salaam		
7670941	Kentron	Armenia	AM	Yerevan	11	40.1781	44.5130	133000	Asia/Yerevan		
6074377	Milton	Canada	CA	Ontario	08	43.5168	-79.8829	132979	America/Toronto		
2486690	M'Sila	Algeria	DZ	M'Sila	27	35.7089	4.5372	132975	Africa/Algiers		
2111684	Narita	Japan	JP	Chiba	04	35.7833	140.3167	132906	Asia/Tokyo		
2400555	Franceville	Gabon	GA	Haut-Ogooué	02	-1.6333	13.5836	132895	Africa/Libreville		
1798473	Puqi	China	CN	Hubei	12	29.7167	113.8833	132891	Asia/Shanghai		
1850034	Tondabayashichō	Japan	JP	Osaka	32	34.5007	135.6021	132873	Asia/Tokyo		
1853008	Sandachō	Japan	JP	Hyōgo	13	34.8844	135.2269	132858	Asia/Tokyo		
1270990	Gondiā	India	IN	Maharashtra	16	21.4603	80.1920	132813	Asia/Kolkata		
548114	Kislovodsk	Russia	RU	Stavropol Kray	70	43.9133	42.7208	132771	Europe/Moscow		
1316574	Kyauktan	Myanmar	MM	Yangon	17	16.6374	96.3251	132765	Asia/Yangon		
2787149	Schaerbeek	Belgium	BE	Brussels Capital	BRU	50.8693	4.3774	132761	Europe/Brussels		
2753801	Hoofddorp	The Netherlands	NL	North Holland	07	52.3025	4.6889	132734	Europe/Amsterdam		
3633444	Machiques	Venezuela	VE	Zulia	23	10.0608	-72.5521	132734	America/Caracas		
1260728	Palakkad	India	IN	Kerala	13	10.7732	76.6537	132728	Asia/Kolkata		
300808	Silifke	Turkey	TR	Mersin	32	36.3778	33.9344	132665	Europe/Istanbul		
4574324	Charleston	United States	US	South Carolina	SC	32.7763	-79.9327	132609	America/New_York		
6049429	Langley	Canada	CA	British Columbia	02	49.1011	-122.6588	132603	America/Vancouver		
5526337	Midland	United States	US	Texas	TX	31.9974	-102.0779	132524	America/Chicago		
1864105	Fujinomiya	Japan	JP	Shizuoka	37	35.2167	138.6167	132507	Asia/Tokyo		
13589383	Mingala Tangnyunt	Myanmar	MM	Yangon	17	16.7886	96.1723	132494	Asia/Yangon		
2775220	Innsbruck	Austria	AT	Tyrol	07	47.2627	11.3945	132493	Europe/Vienna		
5992500	Kingston	Canada	CA	Ontario	08	44.2298	-76.4810	132485	America/Toronto		
1791272	Wugang	China	CN	Hunan	11	26.7279	110.6320	132457	Asia/Shanghai		
2648404	Gloucester	United Kingdom	GB	England	ENG	51.8657	-2.2431	132416	Europe/London		
4739526	Waco	United States	US	Texas	TX	31.5493	-97.1467	132356	America/Chicago		
3564436	Cerro	Cuba	CU	Havana	02	23.1081	-82.3866	132351	America/Havana		
1848004	Zama	Japan	JP	Kanagawa	19	35.4879	139.3910	132325	Asia/Tokyo		
566199	Dimitrovgrad	Russia	RU	Ulyanovsk	81	54.2139	49.6184	132226	Europe/Ulyanovsk		
2033225	Zhalantun	China	CN	Inner Mongolia	20	48.0095	122.7365	132224	Asia/Shanghai		
1276393	Bettiah	India	IN	Bihar	34	26.8023	84.5031	132209	Asia/Kolkata		
1195434	Maijdi	Bangladesh	BD	Chittagong	84	22.8667	91.1000	132185	Asia/Dhaka		
4005937	San Pedro Garza García	Mexico	MX	Nuevo León	19	25.6604	-100.4065	132128	America/Monterrey		
3448031	Sapucaia do Sul	Brazil	BR	Rio Grande do Sul	23	-29.8178	-51.1455	132107	America/Sao_Paulo		
333373	Kombolcha	Ethiopia	ET	Amhara	46	11.0816	39.7434	132100	Africa/Addis_Ababa		
1699054	Muricay	Philippines	PH	Zamboanga Peninsula	09	7.8275	123.4782	132094	Asia/Manila		
5011148	Sterling Heights	United States	US	Michigan	MI	42.5803	-83.0302	132052	America/Detroit		
1150515	Surat Thani	Thailand	TH	Surat Thani	60	9.1401	99.3331	132040	Asia/Bangkok		
3177090	Ferrara	Italy	IT	Emilia-Romagna	05	44.8380	11.6206	132009	Europe/Rome		
12166273	Quận Đức Thịnh	Vietnam	VN		00	10.3099	105.7386	132000	Asia/Ho_Chi_Minh		
1854083	Ōmuta	Japan	JP	Fukuoka	07	33.0333	130.4500	131974	Asia/Tokyo		
11947989	Villa Mercedes	Chile	CL	Biobio	06	-37.4042	-71.9795	131936	America/Santiago		
1811028	Fuji	China	CN	Sichuan	32	29.1482	105.3739	131927	Asia/Shanghai		
1260637	Palwal	India	IN	Haryana	10	28.1447	77.3255	131926	Asia/Kolkata		
776029	Bielany	Poland	PL	Mazovia	78	52.2924	20.9353	131910	Europe/Warsaw		
135423	Shahrud	Iran	IR	Semnan	25	36.4182	54.9763	131889	Asia/Tehran		
1813344	Dawukou	China	CN	Ningxia	21	39.0419	106.3958	131880	Asia/Shanghai		
1722930	Bulaon	Philippines	PH	Central Luzon	03	15.0826	120.6629	131818	Asia/Manila		
1644409	Garut	Indonesia	ID	West Java	30	-7.2450	107.9210	131809	Asia/Jakarta		
2191562	Dunedin	New Zealand	NZ	Otago	F7	-45.8742	170.5036	131800	Pacific/Auckland		
89113	Ajdabiya	Libya	LY	Al Wahat	83	30.7554	20.2263	131773	Africa/Tripoli		
2113164	Abiko	Japan	JP	Chiba	04	35.8667	140.0167	131771	Asia/Tokyo		
1860871	Kadoma	Japan	JP	Osaka	32	34.7381	135.5744	131727	Asia/Tokyo		
1801401	Majie	China	CN	Yunnan	29	25.0319	102.6380	131696	Asia/Shanghai		
1182815	Bhakkar	Pakistan	PK	Punjab	04	31.6269	71.0647	131658	Asia/Karachi		
11962381	Rio Pequeno	Brazil	BR	São Paulo	27	-23.5714	-46.7589	131631	America/Sao_Paulo		
2492913	Jijel	Algeria	DZ	Jijel	24	36.8210	5.7635	131513	Africa/Algiers		
1636022	Martapura	Indonesia	ID	South Kalimantan	12	-3.4109	114.8642	131449	Asia/Makassar		
2968254	Villeurbanne	France	FR	Rhône-Alpes	84	45.7660	4.8795	131445	Europe/Paris		
1581331	Hải Châu	Vietnam	VN	Da Nang City	48	15.9167	108.1333	131427	Asia/Ho_Chi_Minh		
132938	Gonbad-e Kāvūs	Iran	IR	Golestan	37	37.2500	55.1672	131416	Asia/Tehran		
2229411	Limbe	Cameroon	CM	South-West	09	4.0236	9.2061	131381	Africa/Douala		
1258470	Rānīganj	India	IN	West Bengal	28	23.6164	87.1306	131261	Asia/Kolkata		
1808336	Hepo	China	CN	Guangdong	30	23.4308	115.8299	131238	Asia/Shanghai		
1160939	Iranshahr	Iran	IR	Sistan and Baluchestan	04	27.2024	60.6848	131232	Asia/Tehran		
2596935	Soubré	Ivory Coast	CI	Bas-Sassandra District	76	5.7838	-6.5939	131181	Africa/Abidjan		
1853992	Onomichi	Japan	JP	Hiroshima	11	34.4167	133.2000	131170	Asia/Tokyo		
3397909	Itapipoca	Brazil	BR	Ceará	06	-3.4944	-39.5786	131123	America/Fortaleza		
3401545	Crato	Brazil	BR	Ceará	06	-7.2342	-39.4094	131050	America/Fortaleza		
4685907	Denton	United States	US	Texas	TX	33.2148	-97.1331	131044	America/Chicago		
1271992	Etah	India	IN	Uttar Pradesh	36	27.5588	78.6569	131023	Asia/Kolkata		
1259686	Pīlibhīt	India	IN	Uttar Pradesh	36	28.6312	79.8044	131008	Asia/Kolkata		
2035002	Shangzhi	China	CN	Heilongjiang	08	45.2056	128.0024	131006	Asia/Shanghai		
1314759	Lashio	Myanmar	MM	Shan State	11	22.9359	97.7498	131000	Asia/Yangon		
518557	Novomoskovsk	Russia	RU	Tula Oblast	76	54.0110	38.2908	130982	Europe/Moscow		
1857568	Matsubara	Japan	JP	Osaka	32	34.5667	135.5500	130855	Asia/Tokyo		
2293549	Abengourou	Ivory Coast	CI	Comoé District	94	6.7297	-3.4964	130810	Africa/Abidjan		
174018	Al Bāb	Syria	SY	Aleppo	09	36.3705	37.5157	130745	Asia/Damascus		
2034834	Shuangcheng	China	CN	Heilongjiang	08	45.3798	126.3071	130710	Asia/Shanghai		
13607967	Circoiscrizione III	Italy	IT	Piedmont	12	45.0628	7.6307	130709	Europe/Rome		
2649808	Exeter	United Kingdom	GB	England	ENG	50.7236	-3.5275	130709	Europe/London		
2300379	Ho	Ghana	GH	Volta	08	6.6008	0.4713	130701	Africa/Accra		
1169278	Narowal	Pakistan	PK	Punjab	04	32.1020	74.8730	130692	Asia/Karachi		
1576303	Lào Cai	Vietnam	VN	Lao Cai	15	22.4856	103.9707	130671	Asia/Bangkok		
2219701	Al Ajaylat	Libya	LY	An Nuqat al Khams	67	32.7572	12.3763	130546	Africa/Tripoli		
1605239	Udon Thani	Thailand	TH	Udon Thani	76	17.4157	102.7859	130531	Asia/Bangkok		
98156	Baḥarkah	Iraq	IQ	Erbil	11	36.3156	44.0353	130518	Asia/Baghdad		
1735102	Bayan Lepas	Malaysia	MY	Penang	09	5.2999	100.2605	130455	Asia/Kuala_Lumpur		
8504948	Petrogradka	Russia	RU	St.-Petersburg	66	59.9657	30.3115	130455	Europe/Moscow		
1258916	Rajapalayam	India	IN	Tamil Nadu	25	9.4530	77.5533	130442	Asia/Kolkata		
3665542	Zipaquirá	Colombia	CO	Cundinamarca	33	5.0221	-74.0048	130432	America/Bogota		
6925362	Jīroft	Iran	IR	Kerman	29	28.6781	57.7406	130429	Asia/Tehran		
4850751	Cedar Rapids	United States	US	Iowa	IA	42.0083	-91.6441	130405	America/Chicago		
1791056	Dongyang	China	CN	Zhejiang	02	29.2678	120.2253	130387	Asia/Shanghai		
1913126	Nantou	China	CN	Guangdong	30	22.7217	113.2926	130370	Asia/Shanghai		
1275218	Botad	India	IN	Gujarat	09	22.1692	71.6667	130327	Asia/Kolkata		
282615	Nablus	Palestinian Territory	PS	West Bank	WE	32.2211	35.2544	130326	Asia/Hebron		
4839366	New Haven	United States	US	Connecticut	CT	41.3081	-72.9282	130322	America/New_York		
3731088	Arcahaie	Haiti	HT	Ouest	11	18.7702	-72.5123	130306	America/Port-au-Prince		
1805935	Jiazi	China	CN	Guangdong	30	22.8793	116.0732	130298	Asia/Shanghai		
2231506	Foumban	Cameroon	CM	West	08	5.7266	10.8986	130287	Africa/Douala		
5388881	Roseville	United States	US	California	CA	38.7521	-121.2880	130269	America/Los_Angeles		
3874096	Quilpué	Chile	CL	Valparaiso	01	-33.0475	-71.4425	130263	America/Santiago		
2455558	Kati	Mali	ML	Koulikoro	07	12.7441	-8.0726	130254	Africa/Bamako		
1744246	Seri Kembangan	Malaysia	MY	Selangor	12	3.0333	101.7167	130252	Asia/Kuala_Lumpur		
1880594	Kembangan	Singapore	SG		00	1.3223	103.9113	130252	Asia/Singapore		
2652618	Colchester	United Kingdom	GB	England	ENG	51.8892	0.9042	130245	Europe/London		
602150	Umeå	Sweden	SE	Västerbotten	23	63.8284	20.2597	130224	Europe/Stockholm		
6694101	Din Daeng	Thailand	TH	Bangkok	40	13.7904	100.5701	130220	Asia/Bangkok		
3471910	Apucarana	Brazil	BR	Paraná	18	-23.5508	-51.4608	130134	America/Sao_Paulo		
367644	Sennar	Sudan	SD	Sennar	58	13.5691	33.5672	130122	Africa/Khartoum		
3617723	Masaya	Nicaragua	NI	Masaya Department	11	11.9732	-86.0959	130113	America/Managua		
5406567	Visalia	United States	US	California	CA	36.3302	-119.2921	130104	America/Los_Angeles		
1187530	Sonārgaon	Bangladesh	BD	Dhaka Division	81	23.6500	90.6167	130000	Asia/Dhaka		
12157008	San Martin	Peru	PE	Piura	20	-5.1859	-80.6693	130000	America/Lima		
2635608	Tottenham	United Kingdom	GB	England	ENG	51.6037	-0.0679	130000	Europe/London		
280425	Aley	Lebanon	LB	Mount Lebanon	05	33.8053	35.6000	130000	Asia/Beirut		
3042430	Zugló	Hungary	HU	Budapest	05	47.5176	19.1055	130000	Europe/Budapest		
3082914	Tychy	Poland	PL	Silesia	83	50.1372	18.9664	130000	Europe/Warsaw		
3351500	Caála	Angola	AO	Huambo	08	-12.8525	15.5606	130000	Africa/Luanda		
502971	Ramenki	Russia	RU	Moscow	48	55.7000	37.5000	130000	Europe/Moscow		
1791325	Wuda	China	CN	Inner Mongolia	20	39.4994	106.7117	129922	Asia/Shanghai		
5913695	Cambridge	Canada	CA	Ontario	08	43.3601	-80.3127	129920	America/Toronto		
304797	Mardin	Turkey	TR	Mardin	72	37.3131	40.7436	129864	Europe/Istanbul		
1798655	Pingxiang	China	CN	Guangxi	16	22.0969	106.7567	129843	Asia/Shanghai		
2743477	Zwolle	The Netherlands	NL	Overijssel	15	52.5125	6.0944	129840	Europe/Amsterdam		
64536	Baidoa	Somalia	SO	Bay	04	3.1138	43.6498	129839	Africa/Mogadishu		
1568142	Sầm Sơn	Vietnam	VN	Thanh Hóa Province	38	19.7333	105.9000	129801	Asia/Ho_Chi_Minh		
13527315	Santo António	China	CN	Guangdong	30	22.2021	113.5439	129800	Asia/Macau		
2638671	Salford	United Kingdom	GB	England	ENG	53.4877	-2.2904	129794	Europe/London		
1171123	Mandi Bahauddin	Pakistan	PK	Punjab	04	32.5870	73.4912	129733	Asia/Karachi		
738743	Tokat	Turkey	TR	Tokat Province	60	40.3139	36.5544	129702	Europe/Istanbul		
866152	Erebuni	Armenia	AM	Yerevan	11	40.1331	44.5301	129700	Asia/Yerevan		
2464960	Sukrah	Tunisia	TN	Ariana Governorate	38	36.8774	10.2468	129693	Africa/Tunis		
1571644	Ô Môn	Vietnam	VN	Can Tho City	92	10.1097	105.6232	129683	Asia/Ho_Chi_Minh		
1713226	Gapan	Philippines	PH	Central Luzon	03	15.3072	120.9464	129610	Asia/Manila		
1273193	Deoria	India	IN	Uttar Pradesh	36	26.5017	83.7794	129570	Asia/Kolkata		
1725863	Bayambang	Philippines	PH	Ilocos	01	15.8127	120.4557	129506	Asia/Manila		
1170425	Mianwali	Pakistan	PK	Punjab	04	32.5776	71.5285	129500	Asia/Karachi		
4151909	Coral Springs	United States	US	Florida	FL	26.2712	-80.2706	129485	America/New_York		
6146143	Sherbrooke	Canada	CA	Quebec	10	45.4001	-71.8991	129447	America/Toronto		
89055	Al Bayḑā’	Libya	LY	Al Jabal al Akhdar	63	32.7627	21.7551	129439	Africa/Tripoli		
11962426	Jardim Helena	Brazil	BR	São Paulo	27	-23.4837	-46.4131	129409	America/Sao_Paulo		
3450817	Sabará	Brazil	BR	Minas Gerais	15	-19.8864	-43.8067	129380	America/Sao_Paulo		
3183539	Acilia-Castel Fusano-Ostia Antica	Italy	IT	Lazio	07	41.7634	12.3308	129362	Europe/Rome		
2940187	Charlottenburg	Germany	DE	State of Berlin	16	52.5167	13.2833	129359	Europe/Berlin		
5402405	Thousand Oaks	United States	US	California	CA	34.1706	-118.8376	129339	America/Los_Angeles		
4381982	Columbia	United States	US	Missouri	MO	38.9517	-92.3341	129330	America/Chicago		
3052009	Győr	Hungary	HU	Győr-Moson-Sopron	09	47.6833	17.6351	129301	Europe/Budapest		
3893656	Copiapó	Chile	CL	Atacama	05	-27.3674	-70.3322	129280	America/Santiago		
3445162	Vespasiano	Brazil	BR	Minas Gerais	15	-19.6919	-43.9233	129246	America/Sao_Paulo		
1858964	Kokubunji	Japan	JP	Tokyo	40	35.7022	139.4756	129242	Asia/Tokyo		
3671116	Quibdó	Colombia	CO	Chocó	11	5.6919	-76.6583	129237	America/Bogota		
2548526	Guelmim	Morocco	MA	Guelmim-Oued Noun	10	28.9870	-10.0574	129200	Africa/Casablanca		
3645854	Charallave	Venezuela	VE	Miranda	15	10.2425	-66.8572	129182	America/Caracas		
115770	Shahr-e Kord	Iran	IR	Chaharmahal and Bakhtiari	03	32.3261	50.8572	129153	Asia/Tehran		
2849483	Regensburg	Germany	DE	Bavaria	02	49.0151	12.1016	129151	Europe/Berlin		
3675595	Malambo	Colombia	CO	Atlántico	04	10.8595	-74.7739	129148	America/Bogota		
1861212	Iwakuni	Japan	JP	Yamaguchi	45	34.1630	132.2200	129125	Asia/Tokyo		
1804208	Leiyang	China	CN	Hunan	11	26.4024	112.8591	129116	Asia/Shanghai		
776103	Białołeka	Poland	PL	Mazovia	78	52.3213	20.9720	129106	Europe/Warsaw		
1721168	Cadiz	Philippines	PH	Western Visayas	06	10.9465	123.2880	129053	Asia/Manila		
2387495	Carnot	Central African Republic	CF	Mambéré	19	4.9427	15.8773	129032	Africa/Bangui		
295548	Bat Yam	Israel	IL	Tel Aviv	05	32.0238	34.7518	129012	Asia/Jerusalem		
3979844	Zacatecas	Mexico	MX	Zacatecas	32	22.7684	-102.5814	129011	America/Mexico_City		
5097598	Elizabeth	United States	US	New Jersey	NJ	40.6640	-74.2107	129007	America/New_York		
461835	Zyablikovo	Russia	RU	Moscow	48	55.6167	37.7667	129000	Europe/Moscow		
321082	Bingöl	Turkey	TR	Bingöl	12	38.8847	40.4939	128935	Europe/Istanbul		
1185111	Sātkhira	Bangladesh	BD	Khulna Division	82	22.7082	89.0718	128918	Asia/Dhaka		
3630932	Palo Negro	Venezuela	VE	Aragua	04	10.1739	-67.5419	128875	America/Caracas		
4843564	Stamford	United States	US	Connecticut	CT	41.0534	-73.5387	128874	America/New_York		
169389	Idlib	Syria	SY	Idlib	12	35.9306	36.6339	128840	Asia/Damascus		
2312393	Moanda	Democratic Republic of the Congo	CD	Bas-Congo	08	-5.9275	12.3715	128804	Africa/Kinshasa		
90708	Sīnah	Iraq	IQ	Duhok	08	36.8085	43.0393	128776	Asia/Baghdad		
6822188	Ōsaki	Japan	JP	Miyagi	24	38.5887	140.9730	128763	Asia/Tokyo		
5339111	Concord	United States	US	California	CA	37.9780	-122.0311	128667	America/Los_Angeles		
2267095	Leiria	Portugal	PT	Leiria	13	39.7436	-8.8071	128640	Europe/Lisbon		
3931276	Puno	Peru	PE	Puno	21	-15.8400	-70.0220	128637	America/Lima		
553287	Kamyshin	Russia	RU	Volgograd Oblast	84	50.0885	45.4128	128626	Europe/Volgograd		
12450887	Shuanglonghu	China	CN	Chongqing	33	29.7162	106.6068	128563	Asia/Shanghai		
8441115	Nimach	India	IN	Rajasthan	24	24.4595	74.8662	128561	Asia/Kolkata		
354775	Kafr ad Dawwār	Egypt	EG	Beheira	03	31.1338	30.1297	128539	Africa/Cairo		
12432982	Águas Claras	Brazil	BR	Federal District	07	-15.8397	-48.0267	128486	America/Sao_Paulo		
12377091	Bosque Saúde	Brazil	BR	São Paulo	27	-23.6093	-46.6230	128469	America/Sao_Paulo		
518976	Novocheboksarsk	Russia	RU	Chuvash Republic	16	56.1110	47.4776	128468	Europe/Moscow		
3033123	Besançon	France	FR	Bourgogne	27	47.2488	6.0182	128426	Europe/Paris		
229911	Lugazi	Uganda	UG	Central Region	C	0.3679	32.9376	128400	Africa/Kampala		
13513037	Thành phố Sông Công	Vietnam	VN	Thai Nguyen	19	21.4772	105.8414	128357	Asia/Ho_Chi_Minh		
1691490	Rosario	Philippines	PH	Calabarzon	40	13.6323	121.2207	128352	Asia/Manila		
1266945	Khardah	India	IN	West Bengal	28	22.7186	88.3781	128346	Asia/Kolkata		
102527	Sakakah	Saudi Arabia	SA	Al Jawf Region	20	29.9697	40.2064	128332	Asia/Riyadh		
2544333	Khenifra	Morocco	MA	Beni Mellal-Khenifra	05	32.9349	-5.6617	128318	Africa/Casablanca		
379149	Al Manāqil	Sudan	SD	Al Jazirah	38	14.2459	32.9891	128297	Africa/Khartoum		
1990589	Teluknaga	Indonesia	ID	West Java	30	-6.0989	106.6381	128275	Asia/Jakarta		
612287	Rustavi	Georgia	GE	Kvemo Kartli	68	41.5627	44.9787	128249	Asia/Tbilisi		
11962391	Jose Bonifacio	Brazil	BR	São Paulo	27	-23.5674	-46.4326	128243	America/Sao_Paulo		
3547867	Manzanillo	Cuba	CU	Granma Province	09	20.3417	-77.1213	128188	America/Havana		
1252770	Yavatmāl	India	IN	Maharashtra	16	20.3932	78.1320	128175	Asia/Kolkata		
1270484	Hālīsahar	India	IN	West Bengal	28	22.9322	88.4186	128172	Asia/Kolkata		
496527	Serpukhov	Russia	RU	Moscow Oblast	47	54.9198	37.4162	128158	Europe/Moscow		
3670730	Rionegro	Colombia	CO	Antioquia	02	6.1551	-75.3737	128153	America/Bogota		
1280037	Shache	China	CN	Xinjiang	13	38.4167	77.2406	128145	Asia/Urumqi		
1837362	Siheungdong	South Korea	KR	Seoul	11	37.4518	126.9108	128142	Asia/Seoul		
1267016	Khanna	India	IN	Punjab	23	30.7055	76.2220	128137	Asia/Kolkata		
4543762	Norman	United States	US	Oklahoma	OK	35.2226	-97.4395	128026	America/Chicago		
3674292	Mosquera	Colombia	CO	Cundinamarca	33	4.7059	-74.2302	128012	America/Bogota		
515027	Orekhovo-Borisovo Severnoye	Russia	RU	Moscow	48	55.6167	37.6833	128000	Europe/Moscow		
555129	Ivanovskoye	Russia	RU	Moscow	48	55.7667	37.8333	128000	Europe/Moscow		
3444866	Votorantim	Brazil	BR	São Paulo	27	-23.5467	-47.4378	127923	America/Sao_Paulo		
1586989	Buôn Hồ	Vietnam	VN	Dak Lak	66	12.9523	108.2962	127920	Asia/Ho_Chi_Minh		
1585281	Chũ	Vietnam	VN	Bac Ninh	24	21.3738	106.5665	127881	Asia/Bangkok		
2664454	Västerås	Sweden	SE	Västmanland	25	59.6162	16.5528	127799	Europe/Stockholm		
1852663	Seto	Japan	JP	Aichi	01	35.2333	137.1000	127792	Asia/Tokyo		
5551123	Alhambra	United States	US	Arizona	AZ	33.4984	-112.1343	127764	America/Phoenix		
1254309	Titāgarh	India	IN	West Bengal	28	22.7425	88.3733	127751	Asia/Kolkata		
2641674	Newcastle under Lyme	United Kingdom	GB	England	ENG	53.0000	-2.2333	127727	Europe/London		
3090048	Opole	Poland	PL	Opole Voivodeship	79	50.6712	17.9260	127676	Europe/Warsaw		
3359041	Worcester	South Africa	ZA	Western Cape	11	-33.6465	19.4485	127597	Africa/Johannesburg		
3099759	Elbląg	Poland	PL	Warmia-Masuria	85	54.1522	19.4088	127558	Europe/Warsaw		
1185115	Sirajganj	Bangladesh	BD	Rajshahi Division	83	24.4577	89.7080	127481	Asia/Dhaka		
3459943	Jequié	Brazil	BR	Bahia	05	-13.8588	-40.0851	127475	America/Bahia		
3088825	Płock	Poland	PL	Mazovia	78	52.5468	19.7064	127474	Europe/Warsaw		
3082707	Wałbrzych	Poland	PL	Lower Silesia	72	50.7714	16.2843	127431	Europe/Warsaw		
13580316	Mykilska Borshchahivka	Ukraine	UA	Kyiv City	12	50.4264	30.3744	127400	Europe/Kyiv		
584649	Yevlakh	Azerbaijan	AZ	Yevlax City	68	40.6183	47.1501	127400	Asia/Baku		
360754	Al Manzalah	Egypt	EG	Dakahlia	01	31.1582	31.9360	127394	Africa/Cairo		
363885	Wau	South Sudan	SS	Western Bahr al Ghazal	09	7.7011	27.9897	127384	Africa/Juba		
2676209	Södermalm	Sweden	SE	Stockholm	26	59.3128	18.0758	127323	Europe/Stockholm		
4180386	Athens	United States	US	Georgia	GA	33.9609	-83.3779	127315	America/New_York		
2350249	Amaigbo	Nigeria	NG	Abia State	45	5.7892	7.8383	127300	Africa/Lagos		
3445061	Vila Mariana	Brazil	BR	São Paulo	27	-23.5883	-46.6346	127286	America/Sao_Paulo		
1153671	Chiang Mai	Thailand	TH	Chiang Mai	02	18.7904	98.9847	127240	Asia/Bangkok		
2332515	Lafia	Nigeria	NG	Nasarawa State	56	8.4939	8.5153	127236	Africa/Lagos		
1885823	Jiangyou	China	CN	Sichuan	32	31.7667	104.7167	127225	Asia/Shanghai		
10265061	Mustafābād	India	IN	Delhi	07	28.7197	77.2678	127167	Asia/Kolkata		
1279891	Tengyue	China	CN	Yunnan	29	24.9949	98.5128	127133	Asia/Shanghai		
1796376	Shajing	China	CN	Guangdong	30	22.7463	113.8190	127089	Asia/Shanghai		
1790251	Jinfeng	China	CN	Jiangxi	03	28.2385	116.6005	127076	Asia/Shanghai		
3540667	Sancti Spíritus	Cuba	CU	Sancti Spíritus Province	14	21.9343	-79.4398	127069	America/Havana		
3117164	Mataró	Spain	ES	Catalonia	56	41.5421	2.4445	126988	Europe/Madrid		
5799625	Kent	United States	US	Washington	WA	47.3809	-122.2348	126952	America/Los_Angeles		
1302439	Pakokku	Myanmar	MM	Magway	15	21.3349	95.0844	126938	Asia/Yangon		
524294	Murom	Russia	RU	Vladimir Oblast	83	55.5685	42.0239	126931	Europe/Moscow		
1180436	Daska Kalan	Pakistan	PK	Punjab	04	32.3242	74.3504	126924	Asia/Karachi		
3447651	Sertãozinho	Brazil	BR	São Paulo	27	-21.1378	-47.9903	126887	America/Sao_Paulo		
1270216	Hāthras	India	IN	Uttar Pradesh	36	27.5955	78.0520	126882	Asia/Kolkata		
1692520	Pulong Santa Cruz	Philippines	PH	Calabarzon	40	14.2732	121.0764	126844	Asia/Manila		
1639900	Klaten	Indonesia	ID	Central Java	07	-7.7058	110.6064	126831	Asia/Jakarta		
550478	Khasavyurt	Russia	RU	Dagestan	17	43.2487	46.5857	126829	Europe/Moscow		
522942	Neftekamsk	Russia	RU	Bashkortostan Republic	08	56.0888	54.2638	126805	Asia/Yekaterinburg		
3104748	Villaverde	Spain	ES	Madrid	29	40.3500	-3.7000	126802	Europe/Madrid		
5396003	Simi Valley	United States	US	California	CA	34.2694	-118.7815	126788	America/Los_Angeles		
1725804	Bayawan	Philippines	PH	Central Visayas	07	9.3649	122.8040	126744	Asia/Manila		
1268820	Jorhat	India	IN	Assam	03	26.7575	94.2031	126736	Asia/Kolkata		
1688216	Santa Cruz	Philippines	PH	National Capital Region	NCR	14.6000	120.9833	126735	Asia/Manila		
3634922	La Victoria	Venezuela	VE	Aragua	04	10.2268	-67.3312	126721	America/Caracas		
1168555	Pakpattan	Pakistan	PK	Punjab	04	30.3431	73.3894	126706	Asia/Karachi		
1805543	Jingzhi	China	CN	Shandong	25	36.3100	119.3875	126703	Asia/Shanghai		
1813812	Danshui	China	CN	Guangdong	30	22.7984	114.4672	126701	Asia/Shanghai		
13607969	Circoiscrizione V	Italy	IT	Piedmont	12	45.1015	7.6554	126666	Europe/Rome		
3406429	Barcarena	Brazil	BR	Pará	16	-1.5058	-48.6258	126650	America/Belem		
2637546	Solihull	United Kingdom	GB	England	ENG	52.4143	-1.7809	126577	Europe/London		
5344994	East Los Angeles	United States	US	California	CA	34.0239	-118.1720	126496	America/Los_Angeles		
1265157	Lalitpur	India	IN	Uttar Pradesh	36	24.6901	78.4192	126475	Asia/Kolkata		
1642414	Jombang	Indonesia	ID	East Java	08	-7.5460	112.2331	126465	Asia/Jakarta		
1039536	Maxixe	Mozambique	MZ	Inhambane Province	03	-23.8597	35.3472	126408	Africa/Maputo		
1608529	Nakhon Ratchasima	Thailand	TH	Nakhon Ratchasima	27	14.9707	102.1020	126391	Asia/Bangkok		
3620381	Chinandega	Nicaragua	NI	Chinandega Department	03	12.6295	-87.1313	126387	America/Managua		
2219960	Al Jadīd	Libya	LY	Sabha District	75	27.0500	14.4000	126386	Africa/Tripoli		
3437863	Lambaré	Paraguay	PY	Central Department	06	-25.3468	-57.6065	126377	America/Asuncion		
3445578	Valinhos	Brazil	BR	São Paulo	27	-22.9706	-46.9958	126373	America/Sao_Paulo		
1801582	Macheng	China	CN	Hubei	12	31.1801	115.0221	126366	Asia/Shanghai		
1861835	Iizuka	Japan	JP	Fukuoka	07	33.6365	130.6868	126364	Asia/Tokyo		
1153269	Hua Hin	Thailand	TH	Prachuap Khiri Khan	57	12.5707	99.9588	126355	Asia/Bangkok		
3628489	San Carlos del Zulia	Venezuela	VE	Zulia	23	9.0010	-71.9268	126353	America/Caracas		
13607661	Vilkhivskyi	Ukraine	UA	Luhansk	14	48.5433	39.2820	126340	Europe/Kyiv		
281102	Rafaḩ	Palestinian Territory	PS	Gaza Strip	GZ	31.2972	34.2436	126305	Asia/Gaza		
1735168	Ampang	Malaysia	MY	Kuala Lumpur	14	3.1500	101.7667	126285	Asia/Kuala_Lumpur		
3407882	Altamira	Brazil	BR	Pará	16	-3.2033	-52.2064	126279	America/Santarem		
1270670	Guntakal	India	IN	Andhra Pradesh	02	15.1711	77.3624	126270	Asia/Kolkata		
1529641	Ālā'ĕr	China	CN	Xinjiang	13	40.5418	81.2657	126259	Asia/Urumqi		
5393015	Santa Clara	United States	US	California	CA	37.3541	-121.9552	126215	America/Los_Angeles		
7279595	Pithampur	India	IN	Madhya Pradesh	35	22.6020	75.6965	126200	Asia/Kolkata		
1632197	Paseh	Indonesia	ID	West Java	30	-7.0680	107.7940	126181	Asia/Jakarta		
1262710	Mothīhāri	India	IN	Bihar	34	26.6486	84.9166	126158	Asia/Kolkata		
11612579	Koganei	Japan	JP	Tokyo	40	35.7001	139.5111	126074	Asia/Tokyo		
6544495	Retiro	Spain	ES	Madrid	29	40.4132	-3.6831	126058	Europe/Madrid		
13527308	Nossa Senhora de Fátima	China	CN	Guangdong	30	22.2077	113.5483	126000	Asia/Macau		
8436486	Sunset Park	United States	US	New York	NY	40.6455	-74.0124	126000	America/New_York		
4280539	Topeka	United States	US	Kansas	KS	39.0483	-95.6780	125963	America/Chicago		
8556295	Orléans	Canada	CA	Ontario	08	45.4573	-75.5043	125937	America/Toronto		
1950953	Paek'ak	North Korea	KP	South Pyongan	15	39.4627	125.6059	125924	Asia/Pyongyang		
1806881	Huicheng	China	CN	Guangdong	30	23.0385	116.2899	125919	Asia/Shanghai		
3629710	Puerto Ayacucho	Venezuela	VE	Amazonas	01	5.6605	-67.5834	125840	America/Caracas		
2341656	Gashua	Nigeria	NG	Yobe State	44	12.8740	11.0406	125817	Africa/Lagos		
3728097	Les Cayes	Haiti	HT	Sud	12	18.1920	-73.7495	125799	America/Port-au-Prince		
3168673	Salerno	Italy	IT	Campania	04	40.6754	14.7933	125797	Europe/Rome		
1653316	Savannakhet	Laos	LA	Savannakhet Province	20	16.5703	104.7622	125760	Asia/Vientiane		
2634677	Watford	United Kingdom	GB	England	ENG	51.6553	-0.3960	125707	Europe/London		
352354	Munūf	Egypt	EG	Monufia	09	30.4660	30.9320	125707	Africa/Cairo		
746881	Giresun	Turkey	TR	Giresun	28	40.9170	38.3874	125682	Europe/Istanbul		
1789703	Xiazhen	China	CN	Shandong	25	34.8022	117.1117	125667	Asia/Shanghai		
112646	Torbat-e Ḩeydarīyeh	Iran	IR	Razavi Khorasan	42	35.2740	59.2195	125633	Asia/Tehran		
1879490	Chaeryŏng-ni	North Korea	KP	South Pyongan	15	38.7358	125.2308	125631	Asia/Pyongyang		
743882	Kastamonu	Turkey	TR	Kastamonu	37	41.3781	33.7753	125622	Europe/Istanbul		
1163967	Tando Adam	Pakistan	PK	Sindh	05	25.7682	68.6620	125598	Asia/Karachi		
1268015	Kanhangad	India	IN	Kerala	13	12.3081	75.1063	125564	Asia/Kolkata		
250799	‘Ajlūn	Jordan	JO	Ajloun	20	32.3333	35.7528	125557	Asia/Amman		
748208	Derince	Turkey	TR	Kocaeli	41	40.7569	29.8147	125485	Europe/Istanbul		
7334948	Sukawati	Indonesia	ID	Bali	02	-8.4913	115.0459	125470	Asia/Makassar		
1269578	Jagdalpur	India	IN	Chhattisgarh	37	19.0814	82.0213	125463	Asia/Kolkata		
650224	Kuopio	Finland	FI	North Savo	11	62.8924	27.6770	125462	Europe/Helsinki		
6845329	Bang Sue	Thailand	TH	Bangkok	40	13.8109	100.5306	125440	Asia/Bangkok		
3882428	Los Ángeles	Chile	CL	Biobio	06	-37.4697	-72.3537	125430	America/Santiago		
1809062	Haimen	China	CN	Guangdong	30	23.1935	116.6122	125427	Asia/Shanghai		
744562	Karabük	Turkey	TR	Karabük Province	89	41.2049	32.6277	125403	Europe/Istanbul		
11205667	Ntuzuma	South Africa	ZA	KwaZulu-Natal	02	-29.7390	30.9490	125394	Africa/Johannesburg		
1849563	Tsuruoka	Japan	JP	Yamagata	44	38.7217	139.8217	125389	Asia/Tokyo		
2638703	Saint Peters	United Kingdom	GB	England	ENG	51.3667	1.4167	125370	Europe/London		
3470858	Barbacena	Brazil	BR	Minas Gerais	15	-21.2258	-43.7736	125317	America/Sao_Paulo		
6822153	Uruma	Japan	JP	Okinawa	47	26.3761	127.8591	125303	Asia/Tokyo		
339686	Debre Tabor	Ethiopia	ET	Amhara	46	11.8500	38.0167	125300	Africa/Addis_Ababa		
150930	Nzega	Tanzania	TZ	Tabora	17	-4.2167	33.1833	125193	Africa/Dar_es_Salaam		
4669635	Abilene	United States	US	Texas	TX	32.4487	-99.7331	125182	America/Chicago		
1613549	Ban Samae Dam	Thailand	TH	Bangkok	40	13.5896	100.3873	125133	Asia/Bangkok		
1796421	Shahecheng	China	CN	Hebei	10	36.9383	114.5058	125132	Asia/Shanghai		
2229748	Kumbo	Cameroon	CM	North-West	07	6.2000	10.6667	125124	Africa/Douala		
6094835	Ottawa South	Canada	CA	Ontario	08	45.3921	-75.6873	125090	America/Toronto		
107781	Az Zulfī	Saudi Arabia	SA	Riyadh Region	10	26.2995	44.8154	125000	Asia/Riyadh		
3513090	Willemstad	Curacao	CW			12.1225	-68.8864	125000	America/Curacao		
483551	Tyoply Stan	Russia	RU	Moscow	48	55.6205	37.4934	125000	Europe/Moscow		
618605	Bălţi	Moldova	MD	Bălţi	60	47.7629	27.9285	125000	Europe/Chisinau		
1685378	Sultan Kudarat	Philippines	PH	Autonomous Region in Muslim Mindanao	14	7.2289	124.2578	124965	Asia/Manila		
295432	Bet Shemesh	Israel	IL	Jerusalem	06	31.7307	34.9929	124957	Asia/Jerusalem		
1269605	Jagādhri	India	IN	Haryana	10	30.1672	77.3037	124894	Asia/Kolkata		
3827414	Huixquilucan	Mexico	MX	México	15	19.3599	-99.3502	124846	America/Mexico_City		
116402	Semnan	Iran	IR	Semnan	25	35.5769	53.3920	124826	Asia/Tehran		
3118532	León	Spain	ES	Castille and León	55	42.6000	-5.5703	124772	Europe/Madrid		
3493146	San Francisco de Macorís	Dominican Republic	DO	Duarte Province	06	19.2938	-70.2528	124763	America/Santo_Domingo		
2033242	Yushu	China	CN	Jilin	05	44.8275	126.5406	124736	Asia/Shanghai		
1665443	Yuanlin	Taiwan	TW	Taiwan	04	23.9567	120.5761	124725	Asia/Taipei		
3584257	Santa Tecla	El Salvador	SV	La Libertad Department	05	13.6774	-89.2833	124694	America/El_Salvador		
2407656	Koidu	Sierra Leone	SL	Eastern Province	01	8.6439	-10.9714	124662	Africa/Freetown		
3461888	Guarapari	Brazil	BR	Espírito Santo	08	-20.6718	-40.5020	124656	America/Sao_Paulo		
3483849	Ciudad Valles	Mexico	MX	San Luis Potosí	24	21.9963	-99.0109	124644	America/Mexico_City		
2357043	Ouahigouya	Burkina Faso	BF	Nord	10	13.5769	-2.4179	124587	Africa/Ouagadougou		
1859951	Kashihara-shi	Japan	JP	Nara	28	34.5090	135.7929	124521	Asia/Tokyo		
309647	Ağrı	Turkey	TR	Ağrı	04	39.7147	43.0401	124483	Europe/Istanbul		
360048	Ashmūn	Egypt	EG	Monufia	09	30.2974	30.9764	124483	Africa/Cairo		
2751792	Leeuwarden	The Netherlands	NL	Friesland	02	53.2027	5.8097	124481	Europe/Amsterdam		
1587976	Bến Tre	Vietnam	VN	Vinh Long	86	10.2415	106.3758	124449	Asia/Ho_Chi_Minh		
3172629	Monza	Italy	IT	Lombardy	09	45.5800	9.2725	124398	Europe/Rome		
1169027	New Mirpur City	Pakistan	PK	Azad Kashmir	06	33.1478	73.7519	124352	Asia/Karachi		
3925033	Ji Paraná	Brazil	BR	Rondônia	24	-10.8853	-61.9517	124333	America/Porto_Velho		
3686675	Chía	Colombia	CO	Cundinamarca	33	4.8588	-74.0587	124309	America/Bogota		
623549	Pinsk	Belarus	BY	Brest	01	52.1215	26.0673	124295	Europe/Minsk		
5363748	Koreatown	United States	US	California	CA	34.0578	-118.3009	124281	America/Los_Angeles		
757065	Targówek	Poland	PL	Mazovia	78	52.2918	21.0484	124279	Europe/Warsaw		
1804252	Lecheng	China	CN	Guangdong	30	25.1280	113.3504	124268	Asia/Shanghai		
1800130	Nancun	China	CN	Shandong	25	36.5328	120.1339	124210	Asia/Shanghai		
124862	Marand	Iran	IR	East Azerbaijan	33	38.4329	45.7749	124191	Asia/Tehran		
359815	As Sinbillāwayn	Egypt	EG	Dakahlia	01	30.8825	31.4627	124020	Africa/Cairo		
2652053	Crawley	United Kingdom	GB	England	ENG	51.1130	-0.1831	124008	Europe/London		
1519843	Rudnyy	Kazakhstan	KZ	Kostanay	13	52.9724	63.1106	124000	Asia/Qostanay		
3675692	Magangué	Colombia	CO	Bolívar	35	9.2420	-74.7547	123982	America/Bogota		
3460899	Itaguaí	Brazil	BR	Rio de Janeiro	21	-22.8522	-43.7753	123980	America/Sao_Paulo		
776251	Bemowo	Poland	PL	Mazovia	78	52.2546	20.9084	123932	Europe/Warsaw		
2994160	Metz	France	FR	Grand Est	44	49.1191	6.1727	123914	Europe/Paris		
2036403	Jiupu	China	CN	Liaoning	19	41.0667	122.9500	123843	Asia/Shanghai		
1273467	Dārjiling	India	IN	West Bengal	28	27.0333	88.2667	123797	Asia/Kolkata		
2038438	Baoshan	China	CN	Heilongjiang	08	46.5747	131.3932	123791	Asia/Shanghai		
3493240	Salvaleón de Higüey	Dominican Republic	DO	La Altagracia Province	10	18.6150	-68.7080	123787	America/Santo_Domingo		
3448519	São Mateus	Brazil	BR	Espírito Santo	08	-18.7201	-39.8589	123752	America/Sao_Paulo		
11962396	Butanta	Brazil	BR	São Paulo	27	-23.5702	-46.7263	123748	America/Sao_Paulo		
1292288	Thaton	Myanmar	MM	Mon	13	16.9187	97.3700	123727	Asia/Yangon		
7284842	Budapest III. kerület	Hungary	HU	Budapest	05	47.5416	19.0450	123723	Europe/Budapest		
11500546	Kurichchi	India	IN	Tamil Nadu	25	10.9609	76.9738	123667	Asia/Kolkata		
1637090	Lumajang	Indonesia	ID	East Java	08	-8.1335	113.2248	123626	Asia/Jakarta		
1861450	Ise	Japan	JP	Mie	23	34.4833	136.7000	123533	Asia/Tokyo		
1711982	Hagonoy	Philippines	PH	Central Luzon	03	14.8341	120.7327	123531	Asia/Manila		
3445679	Uruguaiana	Brazil	BR	Rio Grande do Sul	23	-29.7547	-57.0883	123480	America/Sao_Paulo		
301975	Samandağ	Turkey	TR	Hatay	31	36.0801	35.9760	123447	Europe/Istanbul		
3467081	Caraguatatuba	Brazil	BR	São Paulo	27	-23.6203	-45.4131	123389	America/Sao_Paulo		
3397967	Itaituba	Brazil	BR	Pará	16	-4.2761	-55.9836	123314	America/Santarem		
2510542	Telde	Spain	ES	Canary Islands	53	27.9924	-15.4192	123265	Atlantic/Canary		
1643078	Indramayu	Indonesia	ID	West Java	30	-6.3264	108.3200	123263	Asia/Jakarta		
2483668	Relizane	Algeria	DZ	Relizane	51	35.7373	0.5560	123255	Africa/Algiers		
2503661	Bordj el Kiffan	Algeria	DZ	Algiers	01	36.7487	3.1925	123246	Africa/Algiers		
1528249	Manas	Kyrgyzstan	KG	Jalal-Abad Region	03	40.9450	72.9931	123239	Asia/Bishkek		
7303138	Kirishima	Japan	JP	Kagoshima	18	31.7409	130.7629	123205	Asia/Tokyo		
3522307	Orizaba	Mexico	MX	Veracruz	30	18.8519	-97.0996	123182	America/Mexico_City		
3470073	Bento Gonçalves	Brazil	BR	Rio Grande do Sul	23	-29.1714	-51.5192	123151	America/Sao_Paulo		
1801799	Luoyang	China	CN	Guangdong	30	23.1624	114.2734	123144	Asia/Shanghai		
1163272	Toba Tek Singh	Pakistan	PK	Punjab	04	30.9713	72.4827	123102	Asia/Karachi		
3405006	Bragança	Brazil	BR	Pará	16	-1.0536	-46.7656	123082	America/Belem		
1632276	Parung	Indonesia	ID	West Java	30	-6.4214	106.7331	123078	Asia/Jakarta		
1848445	Honmachi	Japan	JP	Kumamoto	21	32.5044	130.5995	123067	Asia/Tokyo		
2806654	Wolfsburg	Germany	DE	Lower Saxony	06	52.4245	10.7815	123064	Europe/Berlin		
1855425	Niihama	Japan	JP	Ehime	05	33.9605	133.3052	123059	Asia/Tokyo		
2036536	Jiaohe	China	CN	Jilin	05	43.7213	127.3347	123018	Asia/Shanghai		
536164	Tsaritsyno	Russia	RU	Moscow	48	55.6254	37.6503	123000	Europe/Moscow		
3446692	Tatuí	Brazil	BR	São Paulo	27	-23.3556	-47.8569	122967	America/Sao_Paulo		
2518794	Dos Hermanas	Spain	ES	Andalusia	51	37.2829	-5.9209	122943	Europe/Madrid		
866164	Ajapnyak	Armenia	AM	Yerevan	11	40.1992	44.4706	122800	Asia/Yerevan		
1684803	Tabuk	Philippines	PH	Cordillera	15	17.4738	121.4680	122771	Asia/Manila		
1272243	Dam Dam	India	IN	West Bengal	28	22.6334	88.4229	122719	Asia/Kolkata		
233312	Hoima	Uganda	UG	Western Region	W	1.4331	31.3524	122700	Africa/Kampala		
3472766	Alagoinhas	Brazil	BR	Bahia	05	-12.1356	-38.4192	122688	America/Bahia		
98245	Az Zubayr	Iraq	IQ	Basra	02	30.3921	47.7017	122676	Asia/Baghdad		
2836788	Schöneberg	Germany	DE	State of Berlin	16	52.4980	13.3443	122658	Europe/Berlin		
1864750	Beppu	Japan	JP	Oita	30	33.2794	131.4975	122643	Asia/Tokyo		
1270370	Hardoī	India	IN	Uttar Pradesh	36	27.3949	80.1316	122635	Asia/Kolkata		
3460598	Itatiba	Brazil	BR	São Paulo	27	-23.0058	-46.8389	122581	America/Sao_Paulo		
1807112	Huangzhou	China	CN	Hubei	12	30.4500	114.8000	122563	Asia/Shanghai		
5137849	Sheepshead Bay	United States	US	New York	NY	40.5912	-73.9446	122534	America/New_York		
1259163	Puruliya	India	IN	West Bengal	28	23.3306	86.3630	122533	Asia/Kolkata		
1605245	Ubon Ratchathani	Thailand	TH	Ubon Ratchathani	75	15.2384	104.8487	122533	Asia/Bangkok		
943882	Virginia	South Africa	ZA	Free State	03	-28.1039	26.8659	122502	Africa/Johannesburg		
1015621	Brits	South Africa	ZA	North West	10	-25.6347	27.7802	122497	Africa/Johannesburg		
3470451	Barretos	Brazil	BR	São Paulo	27	-20.5572	-48.5678	122485	America/Sao_Paulo		
6947640	Beylikdüzü	Turkey	TR	Istanbul	34	40.9820	28.6399	122452	Europe/Istanbul		
2849647	Recklinghausen	Germany	DE	North Rhine-Westphalia	07	51.6138	7.1974	122438	Europe/Berlin		
1788268	Xiulin	China	CN	Hubei	12	29.7167	112.4000	122411	Asia/Shanghai		
1784178	Zhoucun	China	CN	Shandong	25	36.8167	117.8167	122402	Asia/Shanghai		
569154	Cherkessk	Russia	RU	Karachayevo-Cherkesiya Republic	27	44.2238	42.0462	122395	Europe/Moscow		
2751283	Maastricht	The Netherlands	NL	Limburg	05	50.8483	5.6889	122378	Europe/Amsterdam		
5107129	Amherst	United States	US	New York	NY	42.9784	-78.7998	122366	America/New_York		
3398352	Igarassu	Brazil	BR	Pernambuco	30	-7.8342	-34.9064	122312	America/Recife		
738927	Tekirdağ	Turkey	TR	Tekirdağ	59	40.9781	27.5110	122287	Europe/Istanbul		
5406222	Victorville	United States	US	California	CA	34.5361	-117.2912	122225	America/Los_Angeles		
1181073	Chishtian	Pakistan	PK	Punjab	04	29.7971	72.8577	122199	Asia/Karachi		
2654200	Burton upon Trent	United Kingdom	GB	England	ENG	52.8073	-1.6426	122199	Europe/London		
1720034	Calumpit	Philippines	PH	Central Luzon	03	14.9164	120.7658	122187	Asia/Manila		
7026837	Lat Phrao	Thailand	TH	Bangkok	40	13.8034	100.6070	122182	Asia/Bangkok		
13607724	Livoberezhnyi	Ukraine	UA	Donetsk	05	47.1093	37.6431	122175	Europe/Kyiv		
2918632	Göttingen	Germany	DE	Lower Saxony	06	51.5344	9.9323	122149	Europe/Berlin		
13118233	Titiwangsa	Malaysia	MY	Kuala Lumpur	14	3.1782	101.7031	122096	Asia/Kuala_Lumpur		
1607782	Phasi Charoen	Thailand	TH	Bangkok	40	13.7147	100.4369	122070	Asia/Bangkok		
473972	Veshnyaki	Russia	RU	Moscow	48	55.7239	37.8195	122000	Europe/Moscow		
542634	Presnenskiy	Russia	RU	Moscow	48	55.7500	37.5500	122000	Europe/Moscow		
1113217	Zābol	Iran	IR	Sistan and Baluchestan	04	31.0306	61.4949	121989	Asia/Tehran		
2359608	Kaya	Burkina Faso	BF	Centre-Nord	05	13.0883	-1.0837	121970	Africa/Ouagadougou		
1790442	Xiangcheng	China	CN	Yunnan	29	25.4669	100.5625	121959	Asia/Shanghai		
1272842	Dharmavaram	India	IN	Andhra Pradesh	02	14.4144	77.7203	121874	Asia/Kolkata		
10265070	Gokalpur	India	IN	Delhi	07	28.7029	77.2896	121870	Asia/Kolkata		
345149	Ādīgrat	Ethiopia	ET	Tigray	53	14.2770	39.4620	121800	Africa/Addis_Ababa		
3646487	Carora	Venezuela	VE	Lara	13	10.1728	-70.0810	121741	America/Caracas		
5405380	Vallejo	United States	US	California	CA	38.1041	-122.2566	121692	America/Los_Angeles		
2159220	Mackay	Australia	AU	Queensland	04	-21.1534	149.1655	121691	Australia/Brisbane		
1276320	Bhadreswar	India	IN	West Bengal	28	22.8245	88.3384	121662	Asia/Kolkata		
135878	Dorūd	Iran	IR	Lorestan Province	23	33.4922	49.0616	121638	Asia/Tehran		
2661552	Bern	Switzerland	CH	Bern	BE	46.9481	7.4474	121631	Europe/Zurich		
6693576	San Pedro de la Paz	Chile	CL	Biobio	06	-36.8390	-73.1003	121631	America/Santiago		
1261163	Nagaon	India	IN	Assam	03	26.3500	92.6667	121628	Asia/Kolkata		
649360	Lahti	Finland	FI	Paijat-Hame	07	60.9827	25.6615	121622	Europe/Helsinki		
1253315	Vejalpur	India	IN	Gujarat	09	22.6902	73.5630	121610	Asia/Kolkata		
1802420	Longshui	China	CN	Chongqing	33	29.5656	105.7621	121609	Asia/Shanghai		
2523083	Siracusa	Italy	IT	Sicily	15	37.0754	15.2866	121605	Europe/Rome		
228971	Mubende	Uganda	UG	Central Region	C	0.5585	31.3949	121600	Africa/Kampala		
726848	Stara Zagora	Bulgaria	BG	Stara Zagora	59	42.4320	25.6426	121582	Europe/Sofia		
3346821	Ondjiva	Angola	AO	Cunene	07	-17.0667	15.7333	121537	Africa/Luanda		
1023441	Alberton	South Africa	ZA	Gauteng	06	-26.2679	28.1223	121536	Africa/Johannesburg		
1636884	Magelang	Indonesia	ID	Central Java	07	-7.4706	110.2178	121526	Asia/Jakarta		
3121245	Gràcia	Spain	ES	Catalonia	56	41.4024	2.1564	121502	Europe/Madrid		
1274220	Chikmagalūr	India	IN	Karnataka	19	13.3223	75.7740	121484	Asia/Kolkata		
1524325	Ekibastuz	Kazakhstan	KZ	Pavlodar Region	11	51.7237	75.3229	121470	Asia/Almaty		
2522013	Algeciras	Spain	ES	Andalusia	51	36.1333	-5.4505	121414	Europe/Madrid		
4330145	Lafayette	United States	US	Louisiana	LA	30.2241	-92.0198	121374	America/Chicago		
2035669	Lianhe	China	CN	Heilongjiang	08	47.1333	129.2743	121367	Asia/Shanghai		
5336269	Chico	United States	US	California	CA	39.7285	-121.8375	121345	America/Los_Angeles		
1276325	Bhadrak	India	IN	Odisha	21	21.0545	86.5156	121338	Asia/Kolkata		
4839745	North Stamford	United States	US	Connecticut	CT	41.1382	-73.5435	121230	America/New_York		
3182164	Bergamo	Italy	IT	Lombardy	09	45.6960	9.6672	121200	Europe/Rome		
727523	Ruse	Bulgaria	BG	Ruse	53	43.8487	25.9534	121168	Europe/Sofia		
1256949	Sawai Madhopur	India	IN	Rajasthan	24	26.0230	76.3441	121106	Asia/Kolkata		
1585317	Chơn Thành	Vietnam	VN	Dong Nai	75	11.4282	106.6354	121083	Asia/Ho_Chi_Minh		
1278827	Ambikāpur	India	IN	Chhattisgarh	37	23.1189	83.1954	121071	Asia/Kolkata		
1730413	Apalit	Philippines	PH	Central Luzon	03	14.9533	120.7700	121057	Asia/Manila		
4835797	Hartford	United States	US	Connecticut	CT	41.7637	-72.6851	121054	America/New_York		
1647866	Bukittinggi	Indonesia	ID	West Sumatra	24	-0.3091	100.3705	121028	Asia/Jakarta		
2258261	Dolisie	Republic of the Congo	CG	Niari	07	-4.1983	12.6666	121000	Africa/Brazzaville		
461740	Zyuzino	Russia	RU	Moscow	48	55.6561	37.5685	121000	Europe/Moscow		
6318714	Sorriso	Brazil	BR	Mato Grosso	14	-12.5453	-55.7114	120985	America/Cuiaba		
3644417	Ejido	Venezuela	VE	Mérida	14	8.5466	-71.2409	120978	America/Caracas		
5327684	Berkeley	United States	US	California	CA	37.8716	-122.2728	120972	America/Los_Angeles		
2033824	Xilin Hot	China	CN	Inner Mongolia	20	43.9667	116.0333	120965	Asia/Shanghai		
1693239	Plaridel	Philippines	PH	Central Luzon	03	14.8872	120.8572	120939	Asia/Manila		
4177887	West Palm Beach	United States	US	Florida	FL	26.7153	-80.0534	120932	America/New_York		
1859913	Kashiwara	Japan	JP	Nara	28	34.4500	135.7667	120922	Asia/Tokyo		
1861749	Ikoma	Japan	JP	Nara	28	34.6833	135.7000	120741	Asia/Tokyo		
2907669	Heilbronn	Germany	DE	Baden-Wurttemberg	01	49.1399	9.2205	120733	Europe/Berlin		
90026	Ţūz Khūrmātū	Iraq	IQ	Salah ad Din	18	34.8881	44.6326	120712	Asia/Baghdad		
3165243	Trento	Italy	IT	Trentino-Alto Adige	17	46.0679	11.1211	120709	Europe/Rome		
1165638	Shahdad Kot	Pakistan	PK	Sindh	05	27.8473	67.9068	120687	Asia/Karachi		
2895992	Ingolstadt	Germany	DE	Bavaria	02	48.7651	11.4237	120658	Europe/Berlin		
1880176	Toa Payoh New Town	Singapore	SG		00	1.3361	103.8500	120650	Asia/Singapore		
3461936	Guará	Brazil	BR	Federal District	07	-15.8098	-47.9720	120641	America/Sao_Paulo		
1803782	Lichuan	China	CN	Hubei	12	30.3000	108.8500	120587	Asia/Shanghai		
1650319	Bangil	Indonesia	ID	East Java	08	-7.5994	112.8186	120551	Asia/Jakarta		
11054399	Bukit Bintang	Malaysia	MY	Kuala Lumpur	14	3.1466	101.7102	120529	Asia/Kuala_Lumpur		
2037411	Fengcheng	China	CN	Liaoning	19	40.4536	124.0717	120514	Asia/Shanghai		
3638371	La Concepción	Venezuela	VE	Zulia	23	10.6192	-71.8381	120478	America/Caracas		
2820256	Ulm	Germany	DE	Baden-Wurttemberg	01	48.3984	9.9916	120451	Europe/Berlin		
10265071	Mandoli	India	IN	Delhi	07	28.7028	77.3100	120417	Asia/Kolkata		
3628503	San Carlos	Venezuela	VE	Cojedes	08	9.6641	-68.5866	120375	America/Caracas		
3081741	Włocławek	Poland	PL	Kujawsko-Pomorskie	73	52.6482	19.0678	120339	Europe/Warsaw		
5178127	Allentown	United States	US	Pennsylvania	PA	40.6084	-75.4902	120207	America/New_York		
1257055	Satara	India	IN	Maharashtra	16	17.6859	73.9933	120195	Asia/Kolkata		
1181439	Charsadda	Pakistan	PK	Khyber Pakhtunkhwa	03	34.1482	71.7406	120170	Asia/Karachi		
13308659	Bao'an Centre	China	CN	Guangdong	30	22.5795	113.9163	120170	Asia/Shanghai		
3438115	Fernando de la Mora	Paraguay	PY	Central Department	06	-25.3386	-57.5217	120167	America/Asuncion		
1273892	Chūru	India	IN	Rajasthan	24	28.3041	74.9672	120157	Asia/Kolkata		
3171180	Perugia	Italy	IT	Umbria	18	43.1122	12.3888	120137	Europe/Rome		
1271675	Gangāpur	India	IN	Rajasthan	24	26.4725	76.7174	120115	Asia/Kolkata		
1783903	Zhujing	China	CN	Shanghai	23	30.9010	121.1597	120084	Asia/Shanghai		
13546525	Bồ Đề	Vietnam	VN	Hanoi	01	21.0562	105.8667	120028	Asia/Bangkok		
2495662	Guelma	Algeria	DZ	Guelma	23	36.4621	7.4261	120004	Africa/Algiers		
1784953	Zhaoyuan	China	CN	Shandong	25	37.3650	120.4100	120000	Asia/Shanghai		
278913	Nabatîyé et Tahta	Lebanon	LB	Nabatieh	07	33.3789	35.4839	120000	Asia/Beirut		
289011	Rustaq	Oman	OM	Al Batinah South	02	23.3908	57.4244	120000	Asia/Muscat		
490971	Solntsevo	Russia	RU	Moscow	48	55.6371	37.3811	120000	Europe/Moscow		
515024	Orekhovo-Zuyevo	Russia	RU	Moscow Oblast	47	55.8124	38.9915	120000	Europe/Moscow		
63400	Cabudwaaq	Somalia	SO	Galguduud	05	6.2458	46.2247	120000	Africa/Addis_Ababa		
8469668	International City	United Arab Emirates	AE	Dubai	03	25.1638	55.4099	120000	Asia/Dubai		
8469788	Dubai Marina	United Arab Emirates	AE	Dubai	03	25.0852	55.1465	120000	Asia/Dubai		
8504621	Gereida	Sudan	SD	Southern Darfur	49	11.2754	25.1403	120000	Africa/Khartoum		
9983718	Cheremushky	Ukraine	UA	Odesa	17	46.4325	30.7115	120000	Europe/Kyiv		
8411054	Madhyapur Thimi	Nepal	NP	Bagmati Province	3	27.6806	85.3875	119955	Asia/Kathmandu		
6138671	Saint-Louis-de-Terrebonne	Canada	CA	Quebec	10	45.7020	-73.7867	119944	America/Toronto		
4257227	Evansville	United States	US	Indiana	IN	37.9748	-87.5559	119943	America/Chicago		
7849539	Bonon	Ivory Coast	CI	Sassandra-Marahoue	96	6.9268	-6.0489	119938	Africa/Abidjan		
2945756	Bottrop	Germany	DE	North Rhine-Westphalia	07	51.5239	6.9285	119909	Europe/Berlin		
1178456	Ghotki	Pakistan	PK	Sindh	05	28.0044	69.3157	119879	Asia/Karachi		
888710	Kwekwe	Zimbabwe	ZW	Midlands Province	02	-18.9281	29.8149	119863	Africa/Harare		
187968	Malindi	Kenya	KE	Kilifi County	23	-3.2180	40.1169	119859	Africa/Nairobi		
1157290	Ban I Chang	Thailand	TH	Ratchaburi	52	13.7106	99.8962	119858	Asia/Bangkok		
740483	Rize	Turkey	TR	Rize Province	53	41.0208	40.5219	119828	Europe/Istanbul		
3472518	Almirante Tamandaré	Brazil	BR	Paraná	18	-25.3247	-49.3100	119825	America/Sao_Paulo		
1176106	Jaranwala	Pakistan	PK	Punjab	04	31.3332	73.4187	119785	Asia/Karachi		
4167499	Palm Bay	United States	US	Florida	FL	28.0345	-80.5887	119760	America/New_York		
3450594	Salto	Brazil	BR	São Paulo	27	-23.2008	-47.2869	119736	America/Sao_Paulo		
1328872	Ann	Myanmar	MM	Rakhine	01	19.7954	94.0479	119714	Asia/Yangon		
2751773	Leiden	The Netherlands	NL	South Holland	11	52.1583	4.4931	119713	Europe/Amsterdam		
1605403	Thon Buri	Thailand	TH	Bangkok	40	13.7250	100.4851	119708	Asia/Bangkok		
5882873	Ajax	Canada	CA	Ontario	08	43.8501	-79.0329	119677	America/Toronto		
7290243	Bergedorf	Germany	DE	Free and Hanseatic City of Hamburg	04	53.4846	10.2290	119665	Europe/Berlin		
3171168	Pescara	Italy	IT	Abruzzo	01	42.4584	14.2028	119554	Europe/Rome		
2330028	Modakeke	Nigeria	NG	Osun State	42	7.3830	4.2603	119529	Africa/Lagos		
1855095	Nobeoka	Japan	JP	Miyazaki	25	32.5833	131.6667	119521	Asia/Tokyo		
406462	Naz̧arābād	Iran	IR	Tehran	26	35.6102	51.1611	119512	Asia/Tehran		
1686547	Silang	Philippines	PH	Calabarzon	40	14.2157	120.9714	119475	Asia/Manila		
2304848	Amanfrom	Ghana	GH	Greater Accra	01	5.5353	-0.3983	119467	Africa/Accra		
400771	Moḩammad Shahr	Iran	IR	Alborz Province	44	35.7630	50.9171	119418	Asia/Tehran		
130697	Īz̄eh	Iran	IR	Khuzestan	15	31.8303	49.8676	119399	Asia/Tehran		
303873	Nazilli	Turkey	TR	Aydın	09	37.9163	28.3223	119370	Europe/Istanbul		
1864416	Daitō	Japan	JP	Osaka	32	34.7138	135.6203	119367	Asia/Tokyo		
8657105	Hòa Cường	Vietnam	VN	Da Nang City	48	16.0431	108.1821	119363	Asia/Ho_Chi_Minh		
230166	Lira	Uganda	UG	Northern Region	N	2.2499	32.8999	119323	Africa/Kampala		
2853969	Pforzheim	Germany	DE	Baden-Wurttemberg	01	48.8844	8.6989	119313	Europe/Berlin		
3446370	Toledo	Brazil	BR	Paraná	18	-24.7136	-53.7431	119313	America/Sao_Paulo		
302043	Salihli	Turkey	TR	Manisa	45	38.4826	28.1477	119311	Europe/Istanbul		
13156582	Arabkir	Armenia	AM	Yerevan	11	40.2062	44.5037	119300	Asia/Yerevan		
1734815	Port Dickson	Malaysia	MY	Negeri Sembilan	05	2.5246	101.7965	119300	Asia/Kuala_Lumpur		
2555467	Berkane	Morocco	MA	Oriental	02	34.9200	-2.3200	119284	Africa/Casablanca		
2756669	Dordrecht	The Netherlands	NL	South Holland	11	51.8100	4.6736	119260	Europe/Amsterdam		
1831797	Battambang	Cambodia	KH	Battambang	29	13.1027	103.1982	119251	Asia/Phnom_Penh		
2857807	Offenbach	Germany	DE	Hesse	05	50.1006	8.7665	119192	Europe/Berlin		
3471798	Arapongas	Brazil	BR	Paraná	18	-23.4194	-51.4244	119138	America/Sao_Paulo		
2129537	Kitami	Japan	JP	Hokkaido	12	43.8031	143.8908	119135	Asia/Tokyo		
1562548	Vĩnh Yên	Vietnam	VN	Phu Tho	25	21.3089	105.6049	119128	Asia/Bangkok		
1465594	Madhavaram	India	IN	Tamil Nadu	25	13.1482	80.2314	119105	Asia/Kolkata		
3647549	Cagua	Venezuela	VE	Aragua	04	10.1863	-67.4594	119033	America/Caracas		
292878	Fujairah	United Arab Emirates	AE	Fujairah	04	25.1164	56.3414	118933	Asia/Dubai		
1041190	Mandimba	Mozambique	MZ	Niassa Province	07	-14.3525	35.6506	118922	Africa/Maputo		
3413829	Reykjavík	Iceland	IS	Capital Region	39	64.1355	-21.8954	118918	Atlantic/Reykjavik		
1273687	Dohad	India	IN	Gujarat	09	22.8328	74.2599	118846	Asia/Kolkata		
2653261	Cheltenham	United Kingdom	GB	England	ENG	51.9001	-2.0797	118836	Europe/London		
3696378	Huaraz	Peru	PE	Ancash	02	-9.5261	-77.5287	118836	America/Lima		
3109981	Santa Coloma de Gramenet	Spain	ES	Catalonia	56	41.4515	2.2081	118821	Europe/Madrid		
3453535	Piraquara	Brazil	BR	Paraná	18	-25.4423	-49.0680	118730	America/Sao_Paulo		
1276856	Barshi	India	IN	Maharashtra	16	18.2345	75.6928	118722	Asia/Kolkata		
1280737	Lhasa	China	CN	Tibet	14	29.6500	91.1000	118721	Asia/Shanghai		
1591440	Bắc Quang	Vietnam	VN	Tuyen Quang	08	22.4833	104.8667	118690	Asia/Ho_Chi_Minh		
1787901	Xunchang	China	CN	Sichuan	32	28.4543	104.7150	118664	Asia/Shanghai		
1580142	Hưng Yên	Vietnam	VN	Hưng Yên Province	33	20.6464	106.0511	118646	Asia/Bangkok		
3523149	Miramar	Mexico	MX	Tamaulipas	28	22.3609	-97.9000	118614	America/Monterrey		
963516	Queenstown	South Africa	ZA	Eastern Cape	05	-31.8976	26.8753	118599	Africa/Johannesburg		
1800175	Nanbin	China	CN	Chongqing	33	29.9994	108.1091	118597	Asia/Shanghai		
1609899	Khlong Luang	Thailand	TH	Pathum Thani	39	14.0647	100.6458	118551	Asia/Bangkok		
1279344	Ādilābād	India	IN	Telangana	40	19.6720	78.5359	118526	Asia/Kolkata		
5059163	Fargo	United States	US	North Dakota	ND	46.8772	-96.7898	118523	America/Chicago		
2800931	Brugge	Belgium	BE	Flanders	VLG	51.2089	3.2242	118509	Europe/Brussels		
1268936	Jhunjhunūn	India	IN	Rajasthan	24	28.1256	75.3980	118473	Asia/Kolkata		
3526798	Iguala de la Independencia	Mexico	MX	Guerrero	12	18.3454	-99.5413	118468	America/Mexico_City		
3447998	Sarandi	Brazil	BR	Paraná	18	-23.4436	-51.8739	118455	America/Sao_Paulo		
3447854	Senador Canedo	Brazil	BR	Goiás	29	-16.7081	-49.0931	118451	America/Sao_Paulo		
923295	Zomba	Malawi	MW	Southern Region	S	-15.3860	35.3188	118440	Africa/Blantyre		
1627610	Sepatan	Indonesia	ID	West Java	30	-6.1189	106.5750	118439	Asia/Jakarta		
1702649	Malita	Philippines	PH	Davao Region	11	6.4150	125.6117	118438	Asia/Manila		
3080165	Zielona Góra	Poland	PL	Lubusz	76	51.9355	15.5064	118433	Europe/Warsaw		
1269065	Jetpur	India	IN	Gujarat	09	21.7548	70.6235	118302	Asia/Kolkata		
13607719	Tsentralno-Miskyi	Ukraine	UA	Donetsk	05	48.3024	38.0316	118283	Europe/Kyiv		
1253744	Uppal Kalan	India	IN	Telangana	40	17.4058	78.5591	118259	Asia/Kolkata		
353183	Maghāghah	Egypt	EG	Minya	10	28.6478	30.8410	118223	Africa/Cairo		
1230089	Pita Kotte	Sri Lanka	LK	Western Province	36	6.8905	79.9015	118179	Asia/Colombo		
1712531	Guiguinto	Philippines	PH	Central Luzon	03	14.8333	120.8833	118173	Asia/Manila		
1270801	Gudivāda	India	IN	Andhra Pradesh	02	16.4355	80.9955	118167	Asia/Kolkata		
2262963	Setúbal	Portugal	PT	Setúbal	19	38.5244	-8.8882	118166	Europe/Lisbon		
3107784	Torrejón de Ardoz	Spain	ES	Madrid	29	40.4554	-3.4697	118162	Europe/Madrid		
6822148	Aizu-Wakamatsu	Japan	JP	Fukushima	08	37.4914	139.9455	118159	Asia/Tokyo		
2347954	Bama	Nigeria	NG	Borno State	27	11.5213	13.6895	118121	Africa/Lagos		
2337659	Ilobu	Nigeria	NG	Osun State	42	7.8388	4.4867	118089	Africa/Lagos		
1701537	Manolo Fortich	Philippines	PH	Northern Mindanao	10	8.3697	124.8644	118075	Asia/Manila		
1579018	Kiến An	Vietnam	VN	Hai Phong	31	20.8053	106.6256	118047	Asia/Bangkok		
3460170	Jandira	Brazil	BR	São Paulo	27	-23.5275	-46.9025	118045	America/Sao_Paulo		
3461859	Guaratinguetá	Brazil	BR	São Paulo	27	-22.8164	-45.1925	118044	America/Sao_Paulo		
3836669	San Rafael	Argentina	AR	Mendoza	13	-34.6153	-68.3324	118009	America/Argentina/Mendoza		
1572526	Nghi Xuân	Vietnam	VN	Hà Tĩnh Province	42	18.6580	105.7520	118000	Asia/Bangkok		
1795860	Shaoshan	China	CN	Hunan	11	27.9167	112.5167	118000	Asia/Shanghai		
481453	Troparëvo	Russia	RU	Moscow	48	55.6562	37.4850	118000	Europe/Moscow		
1277084	Bārān	India	IN	Rajasthan	24	25.1000	76.5167	117992	Asia/Kolkata		
1269939	Narmadapuram	India	IN	Madhya Pradesh	35	22.7475	77.7274	117988	Asia/Kolkata		
1278715	Amreli	India	IN	Gujarat	09	21.5998	71.2117	117967	Asia/Kolkata		
1608534	Nakhon Pathom	Thailand	TH	Nakhon Pathom	53	13.8196	100.0443	117927	Asia/Bangkok		
1860728	Kakegawa	Japan	JP	Shizuoka	37	34.7667	138.0167	117925	Asia/Tokyo		
352913	Manfalūţ	Egypt	EG	Asyut	17	27.3126	30.9699	117925	Africa/Cairo		
1863209	Handa	Japan	JP	Aichi	01	34.8833	136.9333	117884	Asia/Tokyo		
1790920	Wushan	China	CN	Chongqing	33	31.0775	109.8764	117873	Asia/Shanghai		
2924573	Friedrichshain	Germany	DE	State of Berlin	16	52.5156	13.4548	117829	Europe/Berlin		
2395915	Abomey	Benin	BJ	Zou	18	7.1829	1.9912	117824	Africa/Porto-Novo		
2364104	Sokodé	Togo	TG	Centrale	22	8.9833	1.1333	117811	Africa/Lome		
3471830	Araguari	Brazil	BR	Minas Gerais	15	-18.6472	-48.1872	117808	America/Sao_Paulo		
757026	Tarnów	Poland	PL	Lesser Poland	77	50.0138	20.9870	117799	Europe/Warsaw		
1619460	Bangkok Noi	Thailand	TH	Bangkok	40	13.7627	100.4780	117793	Asia/Bangkok		
2336589	Jalingo	Nigeria	NG	Taraba State	43	8.8937	11.3596	117757	Africa/Lagos		
11962419	Raposo Tavares	Brazil	BR	São Paulo	27	-23.5924	-46.7856	117738	America/Sao_Paulo		
6136944	Saanich	Canada	CA	British Columbia	02	48.5496	-123.3693	117735	America/Vancouver		
233299	Ibanda	Uganda	UG	Western Region	W	-0.1340	30.4962	117700	Africa/Kampala		
12426999	Bairro da Penha	Brazil	BR	São Paulo	27	-23.3684	-46.3110	117691	America/Sao_Paulo		
716935	Nyíregyháza	Hungary	HU	Szabolcs-Szatmár-Bereg	18	47.9554	21.7167	117689	Europe/Budapest		
1852964	Sano	Japan	JP	Tochigi	38	36.3167	139.5833	117669	Asia/Tokyo		
1860063	Karatsu	Japan	JP	Saga	33	33.4425	129.9697	117663	Asia/Tokyo		
1512165	Achinsk	Russia	RU	Krasnoyarsk Krai	91	56.2679	90.5015	117634	Asia/Krasnoyarsk		
1259297	Pudukkottai	India	IN	Tamil Nadu	25	10.3813	78.8214	117630	Asia/Kolkata		
2034754	Shunyi	China	CN	Beijing	22	40.1217	116.6478	117623	Asia/Shanghai		
2639093	Rotherham	United Kingdom	GB	England	ENG	53.4301	-1.3568	117618	Europe/London		
3980194	Ciudad de Villa de Álvarez	Mexico	MX	Colima	08	19.2672	-103.7378	117600	America/Mexico_City		
1650077	Banyuwangi	Indonesia	ID	East Java	08	-8.2325	114.3576	117558	Asia/Jakarta		
2482908	Rouiba	Algeria	DZ	Algiers	01	36.7383	3.2808	117558	Africa/Algiers		
1213500	Tebingtinggi	Indonesia	ID	North Sumatra	26	3.3285	99.1625	117530	Asia/Jakarta		
3718962	Tigwav	Haiti	HT	Ouest	11	18.4312	-72.8652	117504	America/Port-au-Prince		
1261848	Narasaraopet	India	IN	Andhra Pradesh	02	16.2349	80.0493	117489	Asia/Kolkata		
211734	Lisala	Democratic Republic of the Congo	CD	Mongala	25	2.1513	21.5167	117464	Africa/Kinshasa		
1184055	Badin	Pakistan	PK	Sindh	05	24.6560	68.8370	117455	Asia/Karachi		
2362909	Banfora	Burkina Faso	BF	Cascades Region	02	10.6406	-4.7528	117452	Africa/Ouagadougou		
3874787	Punta Arenas	Chile	CL	Region of Magallanes	10	-53.1628	-70.9092	117430	America/Punta_Arenas		
889453	Kadoma	Zimbabwe	ZW	Mashonaland West	05	-18.3333	29.9153	117381	Africa/Harare		
1699755	Midsayap	Philippines	PH	Soccsksargen	12	7.1908	124.5303	117365	Asia/Manila		
1309937	Pyin Oo Lwin	Myanmar	MM	Mandalay Region	08	22.0350	96.4568	117303	Asia/Yangon		
4151316	Clearwater	United States	US	Florida	FL	27.9658	-82.8001	117292	America/New_York		
1711718	Himamaylan	Philippines	PH	Western Visayas	06	10.0989	122.8706	117286	Asia/Manila		
4391812	Independence	United States	US	Missouri	MO	39.0911	-94.4155	117255	America/Chicago		
4005143	Heroica Guaymas	Mexico	MX	Sonora	26	27.9199	-110.8989	117253	America/Hermosillo		
1640581	Kedungwuni	Indonesia	ID	Central Java	07	-6.9704	109.6479	117249	Asia/Jakarta		
215976	Ilebo	Democratic Republic of the Congo	CD	Kasai	18	-4.3311	20.5864	117245	Africa/Lubumbashi		
3149318	Kristiansand	Norway	NO	Agder	42	58.1467	7.9956	117237	Europe/Oslo		
2035966	Longjing	China	CN	Jilin	05	42.7713	129.4231	117185	Asia/Shanghai		
986846	Kroonstad	South Africa	ZA	Free State	03	-27.6504	27.2349	117152	Africa/Johannesburg		
2848273	Remscheid	Germany	DE	North Rhine-Westphalia	07	51.1798	7.1925	117118	Europe/Berlin		
5640350	Billings	United States	US	Montana	MT	45.7833	-108.5007	117116	America/Denver		
1308567	Möng Yang	Myanmar	MM	Shan State	11	21.8478	99.6765	117108	Asia/Yangon		
3445782	Umuarama	Brazil	BR	Paraná	18	-23.7664	-53.3250	117095	America/Sao_Paulo		
792078	Čačak	Serbia	RS	Central Serbia	SE	43.8914	20.3497	117072	Europe/Belgrade		
4984247	Ann Arbor	United States	US	Michigan	MI	42.2776	-83.7409	117070	America/Detroit		
1705536	Los Baños	Philippines	PH	Calabarzon	40	14.1702	121.2418	117030	Asia/Manila		
2289549	Duekoué	Ivory Coast	CI	Montagnes	78	6.7420	-7.3492	117023	Africa/Abidjan		
11611628	Higashikurume	Japan	JP	Tokyo	40	35.7520	139.5117	117020	Asia/Tokyo		
1258126	Rishra	India	IN	West Bengal	28	22.7239	88.3456	117014	Asia/Kolkata		
6317953	Pinhais	Brazil	BR	Paraná	18	-25.4447	-49.1925	117000	America/Sao_Paulo		
1500973	Kyzyl	Russia	RU	Republic of Tyva	79	51.7111	94.4378	116983	Asia/Krasnoyarsk		
2520600	Cadiz	Spain	ES	Andalusia	51	36.5267	-6.2891	116979	Europe/Madrid		
3100796	Dąbrowa Górnicza	Poland	PL	Silesia	83	50.3339	19.2048	116971	Europe/Warsaw		
1684681	Tacurong	Philippines	PH	Soccsksargen	12	6.6925	124.6764	116945	Asia/Manila		
356989	Fāqūs	Egypt	EG	Sharqia	14	30.7282	31.7970	116945	Africa/Cairo		
1862302	Hōfu	Japan	JP	Yamaguchi	45	34.0500	131.5667	116925	Asia/Tokyo		
3348613	Gabela	Angola	AO	Kwanza Sul	06	-10.8515	14.3799	116903	Africa/Luanda		
1880271	Serangoon	Singapore	SG		00	1.3628	103.8975	116900	Asia/Singapore		
1882101	Serangoon New Town	Singapore	SG		00	1.3508	103.8708	116900	Asia/Singapore		
3682281	Funza	Colombia	CO	Cundinamarca	33	4.7164	-74.2120	116890	America/Bogota		
1276942	Baripāda	India	IN	Odisha	21	21.9346	86.7285	116849	Asia/Kolkata		
1858794	Kōnosu	Japan	JP	Saitama	34	36.0687	139.5168	116828	Asia/Tokyo		
1626560	Soreang	Indonesia	ID	West Java	30	-7.0331	107.5183	116780	Asia/Jakarta		
13607653	Smolyanskyi	Ukraine	UA	Donetsk	05	48.0144	37.7359	116779	Europe/Kyiv		
1714781	Dinaig	Philippines	PH	Autonomous Region in Muslim Mindanao	14	7.1699	124.2084	116768	Asia/Manila		
2042893	Manp’o	North Korea	KP	Chagang	01	41.1547	126.2894	116760	Asia/Pyongyang		
1262578	Muktsar	India	IN	Punjab	23	30.4743	74.5166	116747	Asia/Kolkata		
5345743	El Monte	United States	US	California	CA	34.0686	-118.0276	116732	America/Los_Angeles		
3176746	Forlì	Italy	IT	Emilia-Romagna	05	44.2218	12.0414	116696	Europe/Rome		
1278083	Azamgarh	India	IN	Uttar Pradesh	36	26.0683	83.1836	116644	Asia/Kolkata		
12432973	Santa Maria	Brazil	BR	Federal District	07	-16.0310	-48.0293	116622	America/Sao_Paulo		
229380	Masaka	Uganda	UG	Central Region	C	-0.3338	31.7341	116600	Africa/Kampala		
1184845	Ahmadpur East	Pakistan	PK	Punjab	04	29.1427	71.2577	116579	Asia/Karachi		
1584784	Cờ Đỏ	Vietnam	VN	Can Tho City	92	10.0938	105.4292	116576	Asia/Ho_Chi_Minh		
1518542	Taldykorgan	Kazakhstan	KZ	Zhetysu Region	12510144	45.0156	78.3739	116558	Asia/Almaty		
6544099	Moncloa-Aravaca	Spain	ES	Madrid	29	40.4355	-3.7317	116531	Europe/Madrid		
1809408	Gulin	China	CN	Sichuan	32	28.0422	105.8104	116527	Asia/Shanghai		
8476509	Al Majaz	United Arab Emirates	AE	Sharjah	06	25.3235	55.3877	116503	Asia/Dubai		
7026999	Thung Khru	Thailand	TH	Bangkok	40	13.6285	100.5095	116473	Asia/Bangkok		
1276895	Barnāla	India	IN	Punjab	23	30.3745	75.5487	116449	Asia/Kolkata		
1252758	Yelahanka	India	IN	Karnataka	19	13.1007	77.5963	116447	Asia/Kolkata		
1614295	Pattaya	Thailand	TH	Chon Buri	46	12.9333	100.8833	116417	Asia/Bangkok		
1274040	Chittorgarh	India	IN	Rajasthan	24	24.8896	74.6240	116406	Asia/Kolkata		
1815276	Chenggu	China	CN	Shaanxi	26	33.1492	107.3258	116375	Asia/Shanghai		
5120034	Harlem	United States	US	New York	NY	40.8079	-73.9454	116345	America/New_York		
2989317	Orléans	France	FR	Centre-Val de Loire	24	47.9025	1.9041	116344	Europe/Paris		
2982652	Rouen	France	FR	Normandy	28	49.4431	1.0993	116331	Europe/Paris		
1254432	Tinsukia	India	IN	Assam	03	27.4890	95.3599	116322	Asia/Kolkata		
5443910	Westminster	United States	US	Colorado	CO	39.8366	-105.0372	116317	America/Denver		
1807301	Dasha	China	CN	Guangdong	30	23.1104	113.4418	116307	Asia/Shanghai		
2033536	Yakeshi	China	CN	Inner Mongolia	20	49.2833	120.7333	116284	Asia/Shanghai		
3461109	Ipiranga	Brazil	BR	São Paulo	27	-23.5996	-46.6160	116271	America/Sao_Paulo		
155101	Makumbako	Tanzania	TZ	Njombe	30	-8.8500	34.8333	116232	Africa/Dar_es_Salaam		
1266928	Khargone	India	IN	Madhya Pradesh	35	21.8229	75.6139	116150	Asia/Kolkata		
3632929	Mariara	Venezuela	VE	Carabobo	07	10.2953	-67.7177	116142	America/Caracas		
1714956	Digos	Philippines	PH	Davao Region	11	6.7497	125.3572	116122	Asia/Manila		
922083	Tshilenge	Democratic Republic of the Congo	CD	Lualaba	22	-10.9667	22.9000	116073	Africa/Lubumbashi		
2508287	Aïn Beïda	Algeria	DZ	Oum el Bouaghi	29	35.7964	7.3928	116064	Africa/Algiers		
10865375	Andīsheh	Iran	IR	Tehran	26	35.7471	51.2774	116062	Asia/Tehran		
32909	Shahre Jadide Andisheh	Iran	IR	Tehran	26	35.6803	51.0193	116062	Asia/Tehran		
3130583	Alcobendas	Spain	ES	Madrid	29	40.5475	-3.6420	116037	Europe/Madrid		
2419472	Kissidougou	Guinea	GN	Faranah	F	9.1848	-10.0999	116019	Africa/Conakry		
1819283	San Tung Chung Hang	Hong Kong	HK	Islands	NIS	22.2787	113.9431	116000	Asia/Hong_Kong		
484912	Taganskiy	Russia	RU	Moscow	48	55.7333	37.6667	116000	Europe/Moscow		
4724129	Round Rock	United States	US	Texas	TX	30.5083	-97.6789	115997	America/Chicago		
520068	Noginsk	Russia	RU	Moscow Oblast	47	55.8649	38.4485	115979	Europe/Moscow		
3626219	Tinaquillo	Venezuela	VE	Cojedes	08	9.9186	-68.3047	115937	America/Caracas		
4499379	Wilmington	United States	US	North Carolina	NC	34.2356	-77.9460	115933	America/New_York		
1717641	Cavite City	Philippines	PH	Calabarzon	40	14.4837	120.8988	115932	Asia/Manila		
11962397	Campo Grande	Brazil	BR	São Paulo	27	-23.6746	-46.6875	115925	America/Sao_Paulo		
6332428	East Harlem	United States	US	New York	NY	40.7947	-73.9425	115921	America/New_York		
3463140	Formosa	Brazil	BR	Goiás	29	-15.5372	-47.3344	115901	America/Sao_Paulo		
3427833	Tandil	Argentina	AR	Buenos Aires	01	-37.3287	-59.1369	115877	America/Argentina/Buenos_Aires		
2743856	Zoetermeer	The Netherlands	NL	South Holland	11	52.0575	4.4931	115845	Europe/Amsterdam		
3388713	São Gonçalo do Amarante	Brazil	BR	Rio Grande do Norte	22	-5.7933	-35.3294	115838	America/Fortaleza		
1238992	Sri Jayewardenepura Kotte	Sri Lanka	LK	Western Province	36	6.8830	79.9071	115826	Asia/Colombo		
6822174	Nasushiobara	Japan	JP	Tochigi	38	36.9768	140.0664	115794	Asia/Tokyo		
3466692	Catanduva	Brazil	BR	São Paulo	27	-21.1378	-48.9728	115791	America/Sao_Paulo		
3445446	Várzea Paulista	Brazil	BR	São Paulo	27	-23.2114	-46.8283	115771	America/Sao_Paulo		
1817441	Baisha	China	CN	Chongqing	33	29.0623	106.1189	115761	Asia/Shanghai		
359212	Banī Mazār	Egypt	EG	Minya	10	28.4946	30.8053	115759	Africa/Cairo		
6822152	Urasoe	Japan	JP	Okinawa	47	26.2590	127.7301	115690	Asia/Tokyo		
8535094	Santana	Brazil	BR	São Paulo	27	-23.4903	-46.6387	115689	America/Sao_Paulo		
467978	Yelets	Russia	RU	Lipetsk Oblast	43	52.6144	38.5093	115688	Europe/Moscow		
7026898	Suan Luang	Thailand	TH	Bangkok	40	13.7303	100.6514	115658	Asia/Bangkok		
3114256	Parla	Spain	ES	Madrid	29	40.2360	-3.7675	115611	Europe/Madrid		
1574155	Mỹ Hào	Vietnam	VN	Hưng Yên Province	33	20.9167	106.0833	115608	Asia/Bangkok		
1818020	Anliu	China	CN	Guangdong	30	23.6982	115.6795	115560	Asia/Shanghai		
3451329	Ribeirão Pires	Brazil	BR	São Paulo	27	-23.7106	-46.4133	115559	America/Sao_Paulo		
13450916	Recanto das Emas	Brazil	BR	Federal District	07	-15.9086	-48.0645	115550	America/Sao_Paulo		
13132725	Chunga	Zambia	ZM	Lusaka Province	09	-15.3174	28.2687	115539	Africa/Lusaka		
511510	Novo-Peredelkino	Russia	RU	Moscow	48	55.6453	37.3358	115536	Europe/Moscow		
1277780	Baidyabāti	India	IN	West Bengal	28	22.7850	88.3259	115504	Asia/Kolkata		
2327143	Okigwe	Nigeria	NG	Imo State	28	5.8292	7.3506	115499	Africa/Lagos		
385038	Ar Rifā‘	Bahrain	BH	Southern Governorate	17	26.1300	50.5550	115495	Asia/Bahrain		
690548	Uzhhorod	Ukraine	UA	Zakarpattia	25	48.6242	22.2947	115449	Europe/Kyiv		
232066	Kasese	Uganda	UG	Western Region	W	0.1833	30.0833	115400	Africa/Kampala		
1804169	Lengshuijiang	China	CN	Hunan	11	27.6881	111.4294	115399	Asia/Shanghai		
1791536	Tianfu	China	CN	Shandong	25	37.2637	122.0523	115370	Asia/Shanghai		
5412199	Arvada	United States	US	Colorado	CO	39.8028	-105.0875	115368	America/Denver		
2128574	Otaru	Japan	JP	Hokkaido	12	43.1894	141.0022	115333	Asia/Tokyo		
1682659	Tayabas	Philippines	PH	Calabarzon	40	14.0259	121.5929	115318	Asia/Manila		
2315419	Inkisi	Democratic Republic of the Congo	CD	Bas-Congo	08	-5.1312	15.0541	115317	Africa/Kinshasa		
1710544	Iriga City	Philippines	PH	Bicol Region	05	13.4324	123.4115	115306	Asia/Manila		
933945	Vacoas	Mauritius	MU	Plaines Wilhems	17	-20.2981	57.4783	115289	Indian/Mauritius		
4672989	Beaumont	United States	US	Texas	TX	30.0861	-94.1018	115282	America/Chicago		
3183719	Vlorë	Albania	AL	Vlorë County	51	40.4696	19.4838	115261	Europe/Tirane		
1670106	Sanxia	Taiwan	TW	Taipei	03	24.9345	121.3714	115185	Asia/Taipei		
5780026	Provo	United States	US	Utah	UT	40.2338	-111.6585	115162	America/Denver		
1276736	Bastī	India	IN	Uttar Pradesh	36	26.7882	82.7162	115115	Asia/Kolkata		
4905687	Peoria	United States	US	Illinois	IL	40.6936	-89.5890	115070	America/Chicago		
3433975	Ezeiza	Argentina	AR	Buenos Aires	01	-34.8544	-58.5247	115021	America/Argentina/Buenos_Aires		
1513604	Xiva	Uzbekistan	UZ	Xorazm Region	05	41.3856	60.3641	115000	Asia/Samarkand		
752015	Amasya	Turkey	TR	Amasya	05	40.6533	35.8331	114921	Europe/Istanbul		
3844421	Mendoza	Argentina	AR	Mendoza	13	-32.8895	-68.8458	114893	America/Argentina/Mendoza		
1147290	Balkh	Afghanistan	AF	Balkh	30	36.7563	66.8972	114883	Asia/Kabul		
1800498	Mingshui	China	CN	Shandong	25	36.7167	117.5000	114858	Asia/Shanghai		
11962414	Vila Medeiros	Brazil	BR	São Paulo	27	-23.4887	-46.5776	114839	America/Sao_Paulo		
1570863	Phong Điền	Vietnam	VN	Thừa Thiên Huế Province	46	16.5832	107.3644	114820	Asia/Bangkok		
7027001	Wang Thonglang	Thailand	TH	Bangkok	40	13.7855	100.6116	114768	Asia/Bangkok		
5334223	Carlsbad	United States	US	California	CA	33.1581	-117.3506	114746	America/Los_Angeles		
187896	Mandera	Kenya	KE	Mandera County	33	3.9373	41.8569	114718	Africa/Nairobi		
1798131	Qiaotou	China	CN	Qinghai	06	36.9350	101.6736	114712	Asia/Shanghai		
616635	Gyumri	Armenia	AM	Shirak	07	40.7931	43.8464	114667	Asia/Yerevan		
300797	Silopi	Turkey	TR	Şırnak	80	37.2438	42.4635	114645	Europe/Istanbul		
1271662	Gangavati	India	IN	Karnataka	19	15.4313	76.5293	114642	Asia/Kolkata		
1278815	Ambur	India	IN	Tamil Nadu	25	12.7916	78.7164	114608	Asia/Kolkata		
3098722	Gorzów Wielkopolski	Poland	PL	Lubusz	76	52.7337	15.2250	114567	Europe/Warsaw		
6318694	Simões Filho	Brazil	BR	Bahia	05	-12.7844	-38.4039	114559	America/Bahia		
1271175	Giridih	India	IN	Jharkhand	38	24.1862	86.3088	114533	Asia/Kolkata		
1182829	Phool Nagar	Pakistan	PK	Punjab	04	31.2024	73.9486	114530	Asia/Karachi		
1692214	Quezon	Philippines	PH	Northern Mindanao	10	7.7303	125.0989	114521	Asia/Manila		
2473247	Aryanah	Tunisia	TN	Ariana Governorate	38	36.8601	10.1934	114486	Africa/Tunis		
1185920	Tungipara	Bangladesh	BD	Dhaka Division	81	22.8998	89.9033	114482	Asia/Dhaka		
2112656	Ichinoseki	Japan	JP	Iwate	16	38.9167	141.1333	114476	Asia/Tokyo		
2491889	Khenchela	Algeria	DZ	Khenchela	47	35.4358	7.1433	114472	Africa/Algiers		
1609776	Khon Kaen	Thailand	TH	Khon Kaen	22	16.4467	102.8330	114459	Asia/Bangkok		
5527554	Odessa	United States	US	Texas	TX	31.8457	-102.3676	114428	America/Chicago		
3466696	Catalão	Brazil	BR	Goiás	29	-18.1658	-47.9464	114427	America/Sao_Paulo		
1163952	Tando Muhammad Khan	Pakistan	PK	Sindh	05	25.1238	68.5368	114406	Asia/Karachi		
4250542	Springfield	United States	US	Illinois	IL	39.8017	-89.6437	114394	America/Chicago		
1105728	Somaroboro	South Africa	ZA	Mpumalanga	07	-25.3460	28.8343	114369	Africa/Johannesburg		
3688256	Guadalajara de Buga	Colombia	CO	Valle del Cauca Department	29	3.9009	-76.2978	114316	America/Bogota		
1632998	Pamanukan	Indonesia	ID	West Java	30	-6.2842	107.8106	114290	Asia/Jakarta		
3402000	Codó	Brazil	BR	Maranhão	13	-4.4553	-43.8856	114275	America/Fortaleza		
1569684	Pleiku	Vietnam	VN	Gia Lai	52	13.9833	108.0000	114225	Asia/Ho_Chi_Minh		
5343858	Downey	United States	US	California	CA	33.9400	-118.1326	114219	America/Los_Angeles		
1785545	Yuyao	China	CN	Zhejiang	02	30.0500	121.1494	114177	Asia/Shanghai		
1863018	Hatsukaichi	Japan	JP	Hiroshima	11	34.3500	132.3333	114173	Asia/Tokyo		
92052	Rānyah	Iraq	IQ	Sulaymaniyah	05	36.2551	44.8824	114173	Asia/Baghdad		
11101593	Tung Chung	Hong Kong	HK	Islands	NIS	22.2878	113.9424	114100	Asia/Hong_Kong		
13609094	Korolyov	Ukraine	UA	Zhytomyr	27	50.2449	28.7001	114034	Europe/Kyiv		
300822	Siirt	Turkey	TR	Siirt	74	37.9293	41.9413	114034	Europe/Istanbul		
2033147	Zhaozhou	China	CN	Heilongjiang	08	45.7060	125.2661	114009	Asia/Shanghai		
3427408	Villa Lugano	Argentina	AR	Buenos Aires F.D.	07	-34.6791	-58.4726	114000	America/Argentina/Buenos_Aires		
516264	Ochakovo-Matveyevskoye	Russia	RU	Moscow	48	55.6843	37.4465	114000	Europe/Moscow		
3629614	Punta Cardón	Venezuela	VE	Falcón	11	11.6581	-70.2150	113999	America/Caracas		
6822132	Akishima	Japan	JP	Tokyo	40	35.7208	139.3800	113949	Asia/Tokyo		
919544	Chililabombwe	Zambia	ZM	Copperbelt	08	-12.3648	27.8229	113876	Africa/Lusaka		
13546322	Rivière-des-Prairies–Pointe-aux-Trembles	Canada	CA	Quebec	10	45.6406	-73.5846	113868	America/Toronto		
2633521	Worthing	United Kingdom	GB	England	ENG	50.8180	-0.3754	113866	Europe/London		
3995019	Navojoa	Mexico	MX	Sonora	26	27.0706	-109.4434	113836	America/Hermosillo		
2327879	Offa	Nigeria	NG	Kwara State	30	8.1491	4.7207	113830	Africa/Lagos		
1489530	Tobolsk	Russia	RU	Tyumen Oblast	78	58.1981	68.2546	113800	Asia/Yekaterinburg		
11612537	Tōkai	Japan	JP	Aichi	01	35.0227	136.9089	113787	Asia/Tokyo		
1252942	Wardha	India	IN	Maharashtra	16	20.7393	78.5978	113759	Asia/Kolkata		
1791765	Wansheng	China	CN	Chongqing	33	28.9629	106.9284	113751	Asia/Shanghai		
3463690	Eunápolis	Brazil	BR	Bahia	05	-16.3775	-39.5803	113710	America/Bahia		
1791706	Wayaobu	China	CN	Shaanxi	26	37.1361	109.6597	113698	Asia/Shanghai		
1862636	Hikone	Japan	JP	Shiga	35	35.2500	136.2500	113647	Asia/Tokyo		
1856243	Nagahama	Japan	JP	Shiga	35	35.3833	136.2667	113636	Asia/Tokyo		
1798713	Pingshan	China	CN	Guangdong	30	22.9938	114.7131	113631	Asia/Shanghai		
2035399	Songyuan	China	CN	Jilin	05	45.1290	124.8277	113611	Asia/Shanghai		
1801615	Maba	China	CN	Guangdong	30	24.6841	113.5984	113609	Asia/Shanghai		
6822159	Fujimino	Japan	JP	Saitama	34	35.9020	139.5249	113597	Asia/Tokyo		
2651123	Doncaster	United Kingdom	GB	England	ENG	53.5228	-1.1312	113566	Europe/London		
1587759	Bình Thủy	Vietnam	VN	Can Tho City	92	10.0743	105.7397	113565	Asia/Ho_Chi_Minh		
2944368	Bremerhaven	Germany	DE	Free Hanseatic City of Bremen	03	53.5536	8.5755	113557	Europe/Berlin		
1714201	Dumaguete	Philippines	PH	Central Visayas	07	9.3065	123.3077	113541	Asia/Manila		
7284830	Budapest XIII. kerület	Hungary	HU	Budapest	05	47.5298	19.0807	113531	Europe/Budapest		
2862375	Nippes	Germany	DE	North Rhine-Westphalia	07	50.9654	6.9531	113487	Europe/Berlin		
2516395	Jaén	Spain	ES	Andalusia	51	37.7692	-3.7903	113457	Europe/Madrid		
1814915	Chengqiao	China	CN	Shanghai	23	31.6308	121.3925	113442	Asia/Shanghai		
3101619	Chorzów	Poland	PL	Silesia	83	50.3058	18.9742	113430	Europe/Warsaw		
2852566	Porz am Rhein	Germany	DE	North Rhine-Westphalia	07	50.8864	7.0583	113415	Europe/Berlin		
2188164	Lower Hutt	New Zealand	NZ	Wellington Region	G2	-41.2167	174.9167	113400	Pacific/Auckland		
2249222	Louga	Senegal	SN	Louga	13	15.6187	-16.2244	113365	Africa/Dakar		
5116495	Elmhurst	United States	US	New York	NY	40.7365	-73.8779	113364	America/New_York		
13562438	Hoàng Mai	Vietnam	VN	Nghệ An Province	40	19.2676	105.7159	113360	Asia/Bangkok		
2416402	Kamsar	Guinea	GN	Boké Region	B	10.6500	-14.6167	113350	Africa/Conakry		
3460960	Itabira	Brazil	BR	Minas Gerais	15	-19.6192	-43.2269	113343	America/Sao_Paulo		
3625207	Yaritagua	Venezuela	VE	Yaracuy	22	10.0808	-69.1242	113343	America/Caracas		
192785	Khwisero	Kenya	KE	Kakamega County	20	0.1712	34.5947	113294	Africa/Nairobi		
5339840	Costa Mesa	United States	US	California	CA	33.6411	-117.9187	113204	America/Los_Angeles		
4164167	Miami Gardens	United States	US	Florida	FL	25.9420	-80.2456	113187	America/New_York		
2653225	Chesterfield	United Kingdom	GB	England	ENG	53.2500	-1.4167	113057	Europe/London		
4903976	North Peoria	United States	US	Illinois	IL	40.7175	-89.5843	113004	America/Chicago		
495344	Shchyolkovo	Russia	RU	Moscow Oblast	47	55.9250	37.9722	113000	Europe/Moscow		
361329	Al Fashn	Egypt	EG	Beni Suweif	18	28.8231	30.8990	112999	Africa/Cairo		
5347335	Fairfield	United States	US	California	CA	38.2494	-122.0400	112970	America/Los_Angeles		
3557846	Guanabacoa	Cuba	CU	Havana	02	23.1252	-82.3007	112964	America/Havana		
998082	Hammanskraal	South Africa	ZA	North West	10	-25.4089	28.2870	112950	Africa/Johannesburg		
6822184	Ōshū	Japan	JP	Iwate	16	39.1393	141.1685	112937	Asia/Tokyo		
2530048	Taourirt	Morocco	MA	Oriental	02	34.4073	-2.8973	112908	Africa/Casablanca		
3392734	Paulo Afonso	Brazil	BR	Bahia	05	-9.4061	-38.2147	112870	America/Bahia		
347591	Ţalkhā	Egypt	EG	Dakahlia	01	31.0539	31.3779	112851	Africa/Cairo		
1671444	Neili	Taiwan	TW	Taiwan	04	24.9725	121.2614	112845	Asia/Taipei		
1162813	Vihari	Pakistan	PK	Punjab	04	30.0445	72.3556	112840	Asia/Karachi		
1848382	Youkaichi	Japan	JP	Shiga	35	35.1163	136.1977	112819	Asia/Tokyo		
2034497	Taonan	China	CN	Jilin	05	45.3332	122.7846	112819	Asia/Shanghai		
1859586	Kazo	Japan	JP	Saitama	34	36.1167	139.6000	112792	Asia/Tokyo		
3589289	Santa Lucía Cotzumalguapa	Guatemala	GT	Escuintla	06	14.3351	-91.0234	112780	America/Guatemala		
2702979	Jönköping	Sweden	SE	Jönköping	08	57.7814	14.1562	112766	Europe/Stockholm		
10300648	City of Port Phillip	Australia	AU	Victoria	07	-37.8338	144.9383	112669	Australia/Melbourne		
1255264	Tadepalligudem	India	IN	Andhra Pradesh	02	16.8147	81.5272	112655	Asia/Kolkata		
1809077	Haikou	China	CN	Yunnan	29	24.7798	102.5755	112644	Asia/Shanghai		
4998830	Lansing	United States	US	Michigan	MI	42.7325	-84.5555	112644	America/Detroit		
1274767	Chanduasi	India	IN	Uttar Pradesh	36	28.4518	78.7828	112635	Asia/Kolkata		
1277939	Bagaha	India	IN	Bihar	34	27.0992	84.0900	112634	Asia/Kolkata		
1497917	Nefteyugansk	Russia	RU	Khanty-Mansia	32	61.0998	72.6035	112632	Asia/Yekaterinburg		
2847736	Reutlingen	Germany	DE	Baden-Wurttemberg	01	48.4914	9.2043	112627	Europe/Berlin		
5110918	Bushwick	United States	US	New York	NY	40.6943	-73.9188	112620	America/New_York		
3625710	Upata	Venezuela	VE	Bolívar	06	8.0162	-62.4056	112617	America/Caracas		
1795857	Shaowu	China	CN	Fujian	07	27.3409	117.4831	112585	Asia/Shanghai		
1280570	Mengmao	China	CN	Yunnan	29	24.0014	97.8650	112578	Asia/Shanghai		
6318738	Tangará da Serra	Brazil	BR	Mato Grosso	14	-14.6194	-57.4858	112547	America/Cuiaba		
1638284	Lawang	Indonesia	ID	East Java	08	-7.8353	112.6947	112540	Asia/Jakarta		
3397893	Itacoatiara	Brazil	BR	Amazonas	04	-3.1431	-58.4442	112520	America/Manaus		
2554006	Bouskoura	Morocco	MA	Casablanca-Settat	06	33.4498	-7.6524	112501	Africa/Casablanca		
667873	Satu Mare	Romania	RO	Satu Mare County	32	47.7993	22.8625	112490	Europe/Bucharest		
3465059	Cubatão	Brazil	BR	São Paulo	27	-23.8950	-46.4253	112476	America/Sao_Paulo		
2036337	Kaiyuan	China	CN	Liaoning	19	42.5331	124.0403	112462	Asia/Shanghai		
1175156	Kamalia	Pakistan	PK	Punjab	04	30.7271	72.6461	112426	Asia/Karachi		
191299	Kisii	Kenya	KE	Kisii County	25	-0.6817	34.7667	112417	Africa/Nairobi		
3058213	Petržalka	Slovakia	SK	Bratislava Region	02	48.1233	17.1287	112380	Europe/Bratislava		
6317077	Ermelino Matarazzo	Brazil	BR	São Paulo	27	-23.4947	-46.4739	112333	America/Sao_Paulo		
1279390	Achalpur	India	IN	Maharashtra	16	21.2567	77.5101	112311	Asia/Kolkata		
3640226	Guanare	Venezuela	VE	Portuguesa	18	9.0393	-69.7336	112286	America/Caracas		
1916012	Wuzhishan	China	CN	Hainan	31	18.7823	109.5013	112269	Asia/Shanghai		
5119167	Gravesend	United States	US	New York	NY	40.5976	-73.9651	112229	America/New_York		
5043473	Rochester	United States	US	Minnesota	MN	44.0216	-92.4699	112225	America/Chicago		
1270994	Gondal	India	IN	Gujarat	09	21.9607	70.8025	112197	Asia/Kolkata		
1203344	Farīdpur	Bangladesh	BD	Dhaka Division	81	23.6061	89.8406	112187	Asia/Dhaka		
3587345	Apopa	El Salvador	SV	San Salvador Department	10	13.8072	-89.1792	112158	America/El_Salvador		
1718306	Carmona	Philippines	PH	Calabarzon	40	14.3132	121.0576	112140	Asia/Manila		
1707404	Laoag	Philippines	PH	Ilocos	01	18.1978	120.5957	112117	Asia/Manila		
4890864	Elgin	United States	US	Illinois	IL	42.0373	-88.2812	112111	America/Chicago		
1261012	Dharashiv	India	IN	Maharashtra	16	18.1816	76.0389	112085	Asia/Kolkata		
1789496	Xigang	China	CN	Ningxia	21	38.5526	106.3481	112061	Asia/Shanghai		
1814928	Chóngfú	China	CN	Zhejiang	02	30.5311	120.4309	112060	Asia/Shanghai		
1821263	Taipa	Macao	MO	Our Lady of Carmo	11875159	22.1558	113.5569	112051	Asia/Macau		
1259385	Port Blair	India	IN	Andaman and Nicobar	01	11.6661	92.7464	112050	Asia/Kolkata		
3523183	Minatitlán	Mexico	MX	Veracruz	30	18.0001	-94.5569	112046	America/Mexico_City		
2343093	Esuk Oron	Nigeria	NG	Akwa Ibom State	21	4.8029	8.2534	112033	Africa/Lagos		
2923544	Fürth	Germany	DE	Bavaria	02	49.4759	10.9886	112025	Europe/Berlin		
378231	Atbara	Sudan	SD	River Nile	53	17.7022	33.9864	112021	Africa/Khartoum		
3454690	Paulínia	Brazil	BR	São Paulo	27	-22.7611	-47.1542	112003	America/Sao_Paulo		
3164419	Vicenza	Italy	IT	Veneto	20	45.5467	11.5475	111980	Europe/Rome		
4013714	Ciudad Guzmán	Mexico	MX	Jalisco	14	19.7041	-103.4638	111975	America/Mexico_City		
2177091	Ballarat	Australia	AU	Victoria	07	-37.5662	143.8496	111973	Australia/Melbourne		
5784549	West Jordan	United States	US	Utah	UT	40.6097	-111.9391	111946	America/Denver		
3454847	Passos	Brazil	BR	Minas Gerais	15	-20.7189	-46.6097	111939	America/Sao_Paulo		
1277936	Bagalkot	India	IN	Karnataka	19	16.1867	75.6961	111933	Asia/Kolkata		
1832743	Yeoju	South Korea	KR	Gyeonggi-do	13	37.2958	127.6339	111897	Asia/Seoul		
3431271	Lomas de Zamora	Argentina	AR	Buenos Aires	01	-34.7574	-58.4028	111897	America/Argentina/Buenos_Aires		
170592	Dūmā	Syria	SY	Rif-dimashq	08	33.5718	36.4027	111864	Asia/Damascus		
2657970	Winterthur	Switzerland	CH	Zurich	ZH	47.5056	8.7241	111840	Europe/Zurich		
518659	Novokuybyshevsk	Russia	RU	Samara Oblast	65	53.0971	49.9400	111800	Europe/Samara		
2502385	Bou Saâda	Algeria	DZ	M'Sila	27	35.2086	4.1740	111787	Africa/Algiers		
362973	Abnūb	Egypt	EG	Asyut	17	27.2688	31.1523	111785	Africa/Cairo		
6317548	Marituba	Brazil	BR	Pará	16	-1.3553	-48.3419	111785	America/Belem		
119115	Qūchān	Iran	IR	Razavi Khorasan	42	37.1060	58.5095	111752	Asia/Tehran		
1639094	Kuningan	Indonesia	ID	West Java	30	-6.9758	108.4831	111742	Asia/Jakarta		
1255344	Suriāpet	India	IN	Telangana	40	17.1405	79.6205	111729	Asia/Kolkata		
1241622	Kandy	Sri Lanka	LK	Central Province	29	7.2906	80.6336	111701	Asia/Colombo		
346030	Zefta	Egypt	EG	Gharbia	05	30.7142	31.2443	111700	Africa/Cairo		
3456147	Nova Lima	Brazil	BR	Minas Gerais	15	-19.9856	-43.8467	111697	America/Sao_Paulo		
1277324	Bangaon	India	IN	West Bengal	28	23.0455	88.8308	111693	Asia/Kolkata		
3471691	Araxá	Brazil	BR	Minas Gerais	15	-19.5933	-46.9406	111691	America/Sao_Paulo		
5359488	Inglewood	United States	US	California	CA	33.9617	-118.3531	111666	America/Los_Angeles		
307864	Kilis	Turkey	TR	Kilis	90	36.7161	37.1150	111648	Europe/Istanbul		
3465644	Conselheiro Lafaiete	Brazil	BR	Minas Gerais	15	-20.6603	-43.7861	111596	America/Sao_Paulo		
6163012	Terrebonne	Canada	CA	Quebec	10	45.7000	-73.6473	111575	America/Toronto		
1319389	Kyimyindine	Myanmar	MM	Yangon	17	16.8085	96.1242	111514	Asia/Yangon		
1481927	Set Ka Lay	Myanmar	MM	Yangon	17	16.8144	96.1139	111514	Asia/Yangon		
3451668	Resende	Brazil	BR	Rio de Janeiro	21	-22.4689	-44.4467	111514	America/Sao_Paulo		
2653266	Chelmsford	United Kingdom	GB	England	ENG	51.7358	0.4696	111511	Europe/London		
124620	Masjed Soleymān	Iran	IR	Khuzestan	15	31.9364	49.3039	111510	Asia/Tehran		
2873074	Marzahn	Germany	DE	State of Berlin	16	52.5453	13.5698	111508	Europe/Berlin		
3598465	Chiquimula	Guatemala	GT	Chiquimula	04	14.8009	-89.5464	111505	America/Guatemala		
1646492	Cileunyi	Indonesia	ID	West Java	30	-6.9389	107.7528	111476	Asia/Jakarta		
7302861	Ashoknagar Kalyangarh	India	IN	West Bengal	28	22.8642	88.6370	111475	Asia/Kolkata		
906054	Mongu	Zambia	ZM	Western Province	01	-15.2484	23.1274	111450	Africa/Lusaka		
2991214	Mulhouse	France	FR	Grand Est	44	47.7520	7.3287	111430	Europe/Paris		
2548830	Al Fqih Ben Çalah	Morocco	MA	Beni Mellal-Khenifra	05	32.5021	-6.6877	111402	Africa/Casablanca		
1692565	Pulilan	Philippines	PH	Central Luzon	03	14.9017	120.8492	111384	Asia/Manila		
934765	Beau Bassin-Rose Hill	Mauritius	MU	Plaines Wilhems	17	-20.2333	57.4661	111355	Indian/Mauritius		
4094455	Tuscaloosa	United States	US	Alabama	AL	33.2098	-87.5692	111338	America/Chicago		
3667873	Sogamoso	Colombia	CO	Boyacá	36	5.7143	-72.9339	111336	America/Bogota		
229278	Mbale	Uganda	UG	Eastern Region	E	1.0821	34.1750	111300	Africa/Kampala		
6325488	Sainte-Foy	Canada	CA	Quebec	10	46.7814	-71.2922	111300	America/Toronto		
3388376	São Lourenço da Mata	Brazil	BR	Pernambuco	30	-8.0022	-35.0183	111249	America/Recife		
2992090	Montreuil	France	FR	Île-de-France	11	48.8642	2.4432	111240	Europe/Paris		
3165771	Terni	Italy	IT	Umbria	18	42.5633	12.6433	111189	Europe/Rome		
1272513	Deesa	India	IN	Gujarat	09	24.2561	72.1793	111160	Asia/Kolkata		
1261669	Navadwīp	India	IN	West Bengal	28	23.4067	88.3686	111123	Asia/Kolkata		
1732637	Maran	Malaysia	MY	Pahang	06	3.5860	102.7730	111056	Asia/Kuala_Lumpur		
1261931	Nandurbar	India	IN	Maharashtra	16	21.3667	74.2405	111037	Asia/Kolkata		
6822147	Kasuga	Japan	JP	Fukuoka	07	33.5259	130.4611	111023	Asia/Tokyo		
2328684	Nsukka	Nigeria	NG	Enugu State	47	6.8578	7.3958	111017	Africa/Lagos		
2328952	Nguru	Nigeria	NG	Yobe State	44	12.8770	10.4554	111014	Africa/Lagos		
980921	Mabopane	South Africa	ZA	Gauteng	06	-25.5090	28.0640	110972	Africa/Johannesburg		
2790471	Namur	Belgium	BE	Wallonia	WAL	50.4669	4.8675	110939	Europe/Brussels		
1811729	Encheng	China	CN	Guangdong	30	22.1866	112.3042	110921	Asia/Shanghai		
738618	Turhal	Turkey	TR	Tokat Province	60	40.3875	36.0811	110884	Europe/Istanbul		
1581461	Gò Vấp	Vietnam	VN	Ho Chi Minh City (HCMC)	79	10.8167	106.6833	110850	Asia/Ho_Chi_Minh		
141679	Bandar-e Anzalī	Iran	IR	Gilan Province	08	37.4732	49.4579	110826	Asia/Tehran		
4722625	Richardson	United States	US	Texas	TX	32.9482	-96.7297	110815	America/Chicago		
1220747	Bokhtar	Tajikistan	TJ	Khatlon Province	02	37.8365	68.7776	110800	Asia/Dushanbe		
2339631	Hadejia	Nigeria	NG	Jigawa State	39	12.4535	10.0412	110753	Africa/Lagos		
1783940	Zhuji	China	CN	Zhejiang	02	29.7188	120.2423	110721	Asia/Shanghai		
2987914	Perpignan	France	FR	Occitanie	76	42.6976	2.8954	110706	Europe/Paris		
4942618	Lowell	United States	US	Massachusetts	MA	42.6334	-71.3162	110699	America/New_York		
3663529	Manacapuru	Brazil	BR	Amazonas	04	-3.2997	-60.6206	110691	America/Manaus		
4385018	East Independence	United States	US	Missouri	MO	39.0956	-94.3552	110675	America/Chicago		
3029241	Caen	France	FR	Normandy	28	49.1859	-0.3591	110624	Europe/Paris		
13561778	Kyivskyi	Ukraine	UA	Poltava	18	49.6090	34.5293	110600	Europe/Kyiv		
3448351	São Pedro da Aldeia	Brazil	BR	Rio de Janeiro	21	-22.8392	-42.1028	110556	America/Sao_Paulo		
1285173	Yenangyaung	Myanmar	MM	Magway	15	20.4650	94.8712	110553	Asia/Yangon		
5729485	Gresham	United States	US	Oregon	OR	45.4982	-122.4315	110553	America/Los_Angeles		
5324200	Antioch	United States	US	California	CA	38.0049	-121.8058	110542	America/Los_Angeles		
934995	Manzini	Eswatini	SZ	Manzini Region	03	-26.4988	31.3800	110537	Africa/Mbabane		
6324733	St. John's	Canada	CA	Newfoundland and Labrador	05	47.5649	-52.7093	110525	America/St_Johns		
6615440	Delicias	Spain	ES	Aragon	52	41.6493	-0.9076	110520	Europe/Madrid		
229362	Masindi	Uganda	UG	Western Region	W	1.6744	31.7150	110500	Africa/Kampala		
294514	Kfar Saba	Israel	IL	Central District	02	32.1750	34.9069	110456	Asia/Jerusalem		
1857470	Matsutō	Japan	JP	Ishikawa	15	36.5167	136.5667	110408	Asia/Tokyo		
4931972	Cambridge	United States	US	Massachusetts	MA	42.3751	-71.1056	110402	America/New_York		
1255491	Sultānpur	India	IN	Uttar Pradesh	36	26.2579	82.0727	110368	Asia/Kolkata		
1273292	Delhi Cantonment	India	IN	Delhi	07	28.6000	77.1333	110351	Asia/Kolkata		
1271883	Firozpur	India	IN	Punjab	23	30.9257	74.6131	110313	Asia/Kolkata		
1725684	Bayugan	Philippines	PH	Caraga	13	8.7561	125.7675	110313	Asia/Manila		
4471025	High Point	United States	US	North Carolina	NC	35.9557	-80.0053	110268	America/New_York		
1813425	Datun	China	CN	Jiangsu	04	34.8092	116.9017	110258	Asia/Shanghai		
5089178	Manchester	United States	US	New Hampshire	NH	42.9956	-71.4548	110229	America/New_York		
1880668	Geylang	Singapore	SG		00	1.3195	103.8869	110201	Asia/Singapore		
1639362	Kresek	Indonesia	ID	West Java	30	-6.1314	106.3797	110182	Asia/Jakarta		
618577	Bender	Moldova	MD	Bender Municipality	62	46.8316	29.4767	110175	Europe/Chisinau		
971534	Mbombela	South Africa	ZA	Mpumalanga	07	-25.4751	30.9693	110159	Africa/Johannesburg		
8593863	Rodenkirchen	Germany	DE	North Rhine-Westphalia	07	50.8933	6.9948	110158	Europe/Berlin		
1880283	Sembawang Estate	Singapore	SG		00	1.4508	103.8286	110090	Asia/Singapore		
3445993	Tubarão	Brazil	BR	Santa Catarina	26	-28.4667	-49.0069	110088	America/Sao_Paulo		
2468369	Gabès	Tunisia	TN	Gabès Governorate	29	33.8815	10.0982	110075	Africa/Tunis		
967476	Orkney	South Africa	ZA	North West	10	-26.9802	26.6727	110052	Africa/Johannesburg		
1803367	Qingnian	China	CN	Shandong	25	36.8409	115.7109	110046	Asia/Shanghai		
5401395	Temecula	United States	US	California	CA	33.4936	-117.1484	110003	America/Los_Angeles		
1028079	Ressano Garcia	Mozambique	MZ	Maputo Province	04	-25.4428	31.9953	110000	Africa/Maputo		
145724	Lucapa	Angola	AO	Luanda Norte	17	-8.4192	20.7447	110000	Africa/Luanda		
1496503	Noyabrsk	Russia	RU	Yamalo-Nenets	87	63.1931	75.4373	110000	Asia/Yekaterinburg		
150103	Sengerema	Tanzania	TZ	Mwanza	12	-2.6667	32.6500	110000	Africa/Dar_es_Salaam		
6947756	Mendip	United Kingdom	GB	England	ENG	51.2372	-2.6266	110000	Europe/London		
92511	Qal‘at Sukkar	Iraq	IQ	Dhi Qar	09	31.8632	46.0732	110000	Asia/Baghdad		
98846	An Nu‘mānīyah	Iraq	IQ	Wasit	16	32.5562	45.4129	110000	Asia/Baghdad		
99135	Kufa	Iraq	IQ	Najaf	17	32.0511	44.4402	110000	Asia/Baghdad		
578740	Bataysk	Russia	RU	Rostov	61	47.1375	39.7571	109962	Europe/Moscow		
3170647	Pisa	Italy	IT	Tuscany	16	43.7085	10.4036	109960	Europe/Rome		
1803352	Linshui	China	CN	Hebei	10	36.4247	114.2047	109955	Asia/Shanghai		
11611942	Kamagaya	Japan	JP	Chiba	04	35.7697	140.0024	109932	Asia/Tokyo		
2636486	Sutton Coldfield	United Kingdom	GB	England	ENG	52.5667	-1.8167	109899	Europe/London		
2037069	Hailun	China	CN	Heilongjiang	08	47.4466	126.9248	109881	Asia/Shanghai		
1701124	Maramag	Philippines	PH	Northern Mindanao	10	7.7633	125.0053	109864	Asia/Manila		
3050434	Kecskemét	Hungary	HU	Bács-Kiskun	01	46.9062	19.6913	109847	Europe/Budapest		
1538637	Seversk	Russia	RU	Tomsk Oblast	75	56.6006	84.8864	109844	Asia/Tomsk		
1647149	Ciamis	Indonesia	ID	West Java	30	-7.3257	108.3534	109839	Asia/Jakarta		
5375911	Murrieta	United States	US	California	CA	33.5539	-117.2139	109830	America/Los_Angeles		
711390	Brovary	Ukraine	UA	Kyiv	13	50.5181	30.8067	109806	Europe/Kyiv		
7026833	Lak Si	Thailand	TH	Bangkok	40	13.8872	100.5792	109770	Asia/Bangkok		
2634910	Wakefield	United Kingdom	GB	England	ENG	53.6833	-1.4977	109766	Europe/London		
5416541	Centennial	United States	US	Colorado	CO	39.5792	-104.8769	109741	America/Denver		
1795184	Shilong	China	CN	Guangdong	30	23.1144	113.8472	109733	Asia/Shanghai		
5387428	Richmond	United States	US	California	CA	37.9358	-122.3478	109708	America/Los_Angeles		
5113779	Corona	United States	US	New York	NY	40.7471	-73.8601	109698	America/New_York		
1565157	Thới Lai	Vietnam	VN	Can Tho City	92	10.0652	105.5586	109684	Asia/Ho_Chi_Minh		
2473164	Sejoumi	Tunisia	TN	Tunis Governorate	36	36.7558	10.1183	109672	Africa/Tunis		
10374906	Dchira El Jihadia	Morocco	MA	Souss-Massa	09	30.3734	-9.5476	109564	Africa/Casablanca		
2037685	Didao	China	CN	Heilongjiang	08	45.3473	130.8369	109561	Asia/Shanghai		
298435	Arsuz	Turkey	TR	Hatay	31	36.4130	35.8903	109550	Europe/Istanbul		
1631733	Pelabuhanratu	Indonesia	ID	West Java	30	-6.9875	106.5514	109523	Asia/Jakarta		
1857665	Marugame	Japan	JP	Kagawa	17	34.2833	133.7833	109513	Asia/Tokyo		
580724	Arzamas	Russia	RU	Nizhny Novgorod Oblast	51	55.3956	43.8381	109479	Europe/Moscow		
6825496	Habikino	Japan	JP	Osaka	32	34.5528	135.5910	109479	Asia/Tokyo		
965528	Phalaborwa	South Africa	ZA	Limpopo	09	-23.9430	31.1411	109468	Africa/Johannesburg		
2634838	Walthamstow	United Kingdom	GB	England	ENG	51.5907	-0.0208	109424	Europe/London		
5435464	Pueblo	United States	US	Colorado	CO	38.2544	-104.6091	109412	America/Denver		
3462011	Guaianases	Brazil	BR	São Paulo	27	-23.5433	-46.4108	109316	America/Sao_Paulo		
2338403	Ijebu-Igbo	Nigeria	NG	Ogun State	16	6.9720	3.9994	109261	Africa/Lagos		
496638	Sergiyev Posad	Russia	RU	Moscow Oblast	47	56.3120	38.1387	109252	Europe/Moscow		
1683877	Talisay	Philippines	PH	Western Visayas	06	10.7375	122.9666	109204	Asia/Manila		
3837213	San Juan	Argentina	AR	San Juan	18	-31.5373	-68.5257	109123	America/Argentina/San_Juan		
1256913	Sehore	India	IN	Madhya Pradesh	35	23.2000	77.0833	109118	Asia/Kolkata		
1806439	Jianchang	China	CN	Jiangxi	03	27.5583	116.6398	109108	Asia/Shanghai		
2036671	Hulan	China	CN	Heilongjiang	08	45.8933	126.5784	109104	Asia/Shanghai		
3617708	Matagalpa	Nicaragua	NI	Matagalpa Department	12	12.9279	-85.9191	109089	America/Managua		
6908641	Khlong Toei	Thailand	TH	Bangkok	40	13.7101	100.5819	109041	Asia/Bangkok		
1500665	Leninsk-Kuznetsky	Russia	RU	Kuzbass	29	54.6567	86.1737	109023	Asia/Novokuznetsk		
1859405	Kiryū	Japan	JP	Gunma	10	36.4000	139.3333	108991	Asia/Tokyo		
159675	Handeni	Tanzania	TZ	Tanga	18	-5.4333	38.0167	108968	Africa/Dar_es_Salaam		
1786546	Zhongxiang	China	CN	Hubei	12	31.1661	112.5831	108883	Asia/Shanghai		
6166142	Thunder Bay	Canada	CA	Ontario	08	48.3820	-89.2502	108843	America/Toronto		
1861164	Iwatsuki	Japan	JP	Saitama	34	35.9647	139.6964	108833	Asia/Tokyo		
4718097	Pearland	United States	US	Texas	TX	29.5636	-95.2861	108821	America/Chicago		
2037712	Dehui	China	CN	Jilin	05	44.5367	125.6943	108818	Asia/Shanghai		
4845193	Waterbury	United States	US	Connecticut	CT	41.5581	-73.0515	108802	America/New_York		
5577592	Greeley	United States	US	Colorado	CO	40.4233	-104.7091	108795	America/Denver		
3031137	Boulogne-Billancourt	France	FR	Île-de-France	11	48.8355	2.2413	108782	Europe/Paris		
290503	Warīsān	United Arab Emirates	AE	Dubai	03	25.1674	55.4071	108759	Asia/Dubai		
3096880	Kalisz	Poland	PL	Greater Poland	86	51.7611	18.0910	108759	Europe/Warsaw		
685826	Baia Mare	Romania	RO	Maramureş	25	47.6573	23.5681	108759	Europe/Bucharest		
2490098	Mascara	Algeria	DZ	Mascara	26	35.3966	0.1403	108629	Africa/Algiers		
2319668	Uromi	Nigeria	NG	Edo State	37	6.7000	6.3333	108608	Africa/Lagos		
158151	Katumba	Tanzania	TZ	Mbeya	09	-9.2333	33.6167	108558	Africa/Dar_es_Salaam		
1574507	Móng Cái	Vietnam	VN	Quảng Ninh	22	21.5247	107.9662	108553	Asia/Bangkok		
3445062	Vila Maria	Brazil	BR	São Paulo	27	-23.5141	-46.5862	108543	America/Sao_Paulo		
1858910	Komatsu	Japan	JP	Ishikawa	15	36.4026	136.4509	108509	Asia/Tokyo		
5407933	West Covina	United States	US	California	CA	34.0686	-117.9390	108484	America/Los_Angeles		
5503766	Enterprise	United States	US	Nevada	NV	36.0252	-115.2419	108481	America/Los_Angeles		
1277240	Bānsbāria	India	IN	West Bengal	28	22.9539	88.4010	108474	Asia/Kolkata		
3682018	Girón	Colombia	CO	Santander Department	26	7.0682	-73.1698	108466	America/Bogota		
1147540	Baghlān	Afghanistan	AF	Baghlan	03	36.1307	68.7083	108449	Asia/Kabul		
1808916	Hanjia	China	CN	Chongqing	33	29.2952	108.1613	108430	Asia/Shanghai		
1226260	Trincomalee	Sri Lanka	LK	Eastern Province	37	8.5778	81.2289	108420	Asia/Colombo		
13589045	La Cité-Limoilou	Canada	CA	Quebec	10	46.8289	-71.2264	108415	America/Toronto		
1687801	Santiago	Philippines	PH	Cagayan Valley	02	16.6881	121.5487	108414	Asia/Manila		
8403612	Taibai	China	CN	Chongqing	33	30.8248	108.3578	108387	Asia/Shanghai		
3534599	Vedado	Cuba	CU	Havana	02	23.1377	-82.3934	108369	America/Havana		
2651621	Dagenham	United Kingdom	GB	England	ENG	51.5500	0.1667	108368	Europe/London		
1787828	Xuyong	China	CN	Sichuan	32	28.1699	105.4345	108352	Asia/Shanghai		
4589387	North Charleston	United States	US	South Carolina	SC	32.8546	-79.9748	108304	America/New_York		
286282	Sohar	Oman	OM	Al Batinah North	11	24.3474	56.7094	108274	Asia/Muscat		
2035610	Nehe	China	CN	Heilongjiang	08	48.4793	124.8702	108253	Asia/Shanghai		
515879	Oktyabrsky	Russia	RU	Bashkortostan Republic	08	54.4815	53.4710	108200	Asia/Yekaterinburg		
1255254	Tadpatri	India	IN	Andhra Pradesh	02	14.9083	78.0103	108171	Asia/Kolkata		
2347059	Birnin Kebbi	Nigeria	NG	Kebbi	40	12.4539	4.1975	108164	Africa/Lagos		
1688253	Santa Cruz	Philippines	PH	Calabarzon	40	14.2814	121.4161	108145	Asia/Manila		
5793933	Everett	United States	US	Washington	WA	47.9790	-122.2021	108010	America/Los_Angeles		
378699	An Nuhūd	Sudan	SD	West Kordofan	62	12.7000	28.4333	108008	Africa/Khartoum		
1867429	Ŭllyul	North Korea	KP	South Hwanghae	06	38.5139	125.1897	107997	Asia/Pyongyang		
3191648	Rijeka	Croatia	HR	Primorje-Gorski Kotar	12	45.3267	14.4424	107964	Europe/Zagreb		
1665196	Douliu	Taiwan	TW	Taiwan	04	23.7094	120.5433	107924	Asia/Taipei		
11427402	Luis Eduardo Magalhães	Brazil	BR	Bahia	05	-12.0909	-45.7850	107909	America/Bahia		
1717911	Catbalogan	Philippines	PH	Eastern Visayas	08	11.7753	124.8861	107896	Asia/Manila		
4682464	College Station	United States	US	Texas	TX	30.6280	-96.3344	107889	America/Chicago		
250258	As Salţ	Jordan	JO	Balqa	02	32.0392	35.7272	107874	Asia/Amman		
1856977	Mishima	Japan	JP	Shizuoka	37	35.1167	138.9167	107851	Asia/Tokyo		
1269388	Jalpāiguri	India	IN	West Bengal	28	26.5167	88.7333	107832	Asia/Kolkata		
2036595	Jalai Nur	China	CN	Inner Mongolia	20	49.4500	117.7000	107828	Asia/Shanghai		
1851193	Tajimi	Japan	JP	Gifu	09	35.3167	137.1333	107818	Asia/Tokyo		
3435607	Castelar	Argentina	AR	Buenos Aires	01	-34.6514	-58.6407	107786	America/Argentina/Buenos_Aires		
4169014	Pompano Beach	United States	US	Florida	FL	26.2379	-80.1248	107762	America/New_York		
3893532	Coronel	Chile	CL	Biobio	06	-37.0339	-73.1402	107759	America/Santiago		
1610858	Dusit	Thailand	TH	Bangkok	40	13.7771	100.5196	107655	Asia/Bangkok		
2656192	Basingstoke	United Kingdom	GB	England	ENG	51.2625	-1.0871	107642	Europe/London		
751077	Bandırma	Turkey	TR	Balıkesir	10	40.3522	27.9767	107631	Europe/Istanbul		
2643179	Maidstone	United Kingdom	GB	England	ENG	51.2667	0.5167	107627	Europe/London		
2034440	Tieli	China	CN	Heilongjiang	08	46.9754	128.0480	107621	Asia/Shanghai		
89824	Umm Qaşr	Iraq	IQ	Basra	02	30.0362	47.9195	107620	Asia/Baghdad		
3391360	Santana	Brazil	BR	Amapá	03	-0.0382	-51.1748	107618	America/Belem		
1735076	Butterworth	Malaysia	MY	Penang	09	5.3991	100.3638	107591	Asia/Kuala_Lumpur		
1795842	Shaping	China	CN	Guangdong	30	22.7702	112.9578	107589	Asia/Shanghai		
2418362	Labé	Guinea	GN	Labé Region	L	11.3182	-12.2833	107571	Africa/Conakry		
3095049	Koszalin	Poland	PL	West Pomerania	87	54.1944	16.1722	107450	Europe/Warsaw		
12541728	South Fulton	United States	US	Georgia	GA	33.5926	-84.6729	107436	America/New_York		
3181913	Bolzano	Italy	IT	Trentino-Alto Adige	17	46.4907	11.3398	107436	Europe/Rome		
1337248	Sherpur	Bangladesh	BD	Mymensingh Division	H	25.0188	90.0175	107419	Asia/Dhaka		
516436	Obninsk	Russia	RU	Kaluga Oblast	25	55.1099	36.6124	107392	Europe/Moscow		
13607970	Circoiscrizione VI	Italy	IT	Piedmont	12	45.1022	7.7003	107369	Europe/Rome		
1636308	Manokwari	Indonesia	ID	West Papua	39	-0.8629	134.0640	107325	Asia/Jayapura		
3682028	Girardot City	Colombia	CO	Cundinamarca	33	4.3008	-74.8075	107324	America/Bogota		
2886946	Koblenz	Germany	DE	Rheinland-Pfalz	08	50.3536	7.5788	107319	Europe/Berlin		
3460733	Itaperuna	Brazil	BR	Rio de Janeiro	21	-21.2050	-41.8878	107246	America/Sao_Paulo		
2832495	Siegen	Germany	DE	North Rhine-Westphalia	07	50.8748	8.0243	107242	Europe/Berlin		
13607657	Hirnytskyi	Ukraine	UA	Donetsk	05	48.0211	37.9691	107216	Europe/Kyiv		
3467978	Cambé	Brazil	BR	Paraná	18	-23.2758	-51.2783	107208	America/Sao_Paulo		
1263797	Mangalagiri	India	IN	Andhra Pradesh	02	16.4308	80.5682	107197	Asia/Kolkata		
949224	Thohoyandou	South Africa	ZA	Limpopo	09	-22.9456	30.4850	107144	Africa/Johannesburg		
288955	As Suwayq	Oman	OM	Al Batinah North	11	23.8494	57.4386	107143	Asia/Muscat		
5377995	Norwalk	United States	US	California	CA	33.9022	-118.0817	107140	America/Los_Angeles		
1560037	Yên Vinh	Vietnam	VN	Nghệ An Province	40	18.6667	105.6667	107082	Asia/Bangkok		
789225	Mitrovicë	Kosovo	XK	Mitrovica	10097358	42.8833	20.8667	107045	Europe/Belgrade		
688105	Yevpatoriya	Ukraine	UA	Crimea	11	45.2009	33.3665	107040	Europe/Simferopol		
1631992	Pati	Indonesia	ID	Central Java	07	-6.7559	111.0380	107028	Asia/Jakarta		
563514	Elista	Russia	RU	Kalmykiya Republic	24	46.3079	44.2554	106971	Europe/Moscow		
3404817	Breves	Brazil	BR	Pará	16	-1.6822	-50.4803	106968	America/Belem		
1397479	Dera Murad Jamali	Pakistan	PK	Balochistan	02	28.5466	68.2231	106952	Asia/Karachi		
1290596	Taungoo	Myanmar	MM	Bago Region	16	18.9429	96.4341	106945	Asia/Yangon		
2656046	Bedford	United Kingdom	GB	England	ENG	52.1346	-0.4663	106940	Europe/London		
7090987	Bagong Silangan	Philippines	PH	National Capital Region	NCR	14.7060	121.1080	106886	Asia/Manila		
1876124	Kangnyŏng	North Korea	KP	South Hwanghae	06	37.9075	125.5100	106827	Asia/Pyongyang		
3646190	Catia La Mar	Venezuela	VE	Vargas	26	10.6054	-67.0324	106822	America/Caracas		
5574991	Boulder	United States	US	Colorado	CO	40.0150	-105.2706	106803	America/Denver		
1803886	Anning	China	CN	Yunnan	29	24.9227	102.4850	106795	Asia/Shanghai		
1607017	Rayong	Thailand	TH	Rayong	47	12.6809	101.2580	106737	Asia/Bangkok		
2210554	Sirte	Libya	LY	Surt	76	31.2089	16.5887	106705	Africa/Tripoli		
569273	Cherëmushki	Russia	RU	Moscow	48	55.6647	37.5613	106587	Europe/Moscow		
4531405	Broken Arrow	United States	US	Oklahoma	OK	36.0526	-95.7908	106563	America/Chicago		
5341430	Daly City	United States	US	California	CA	37.7058	-122.4619	106562	America/Los_Angeles		
6316298	Açailândia	Brazil	BR	Maranhão	13	-4.9467	-47.5047	106550	America/Fortaleza		
1646678	Cikarang	Indonesia	ID	West Java	30	-6.2611	107.1528	106479	Asia/Jakarta		
2447513	Arlit	Niger	NE	Agadez	01	18.7369	7.3853	106448	Africa/Niamey		
1568737	Ba Đồn	Vietnam	VN	Quang Tri	44	17.7535	106.4236	106413	Asia/Bangkok		
1258474	Ranebennur	India	IN	Karnataka	19	14.6224	75.6295	106406	Asia/Kolkata		
2035970	Longjiang	China	CN	Heilongjiang	08	47.3360	123.1960	106384	Asia/Shanghai		
1897118	Hwado	South Korea	KR	Gyeonggi-do	13	37.6525	127.3075	106358	Asia/Seoul		
1816221	Buhe	China	CN	Hubei	12	30.2876	112.2298	106347	Asia/Shanghai		
2324857	Pindiga	Nigeria	NG	Gombe State	55	9.9843	10.9523	106322	Africa/Lagos		
712451	Berdyansk	Ukraine	UA	Zaporizhzhia	26	46.7558	36.7882	106311	Europe/Kyiv		
1667027	Toufen	Taiwan	TW	Taiwan	04	24.6875	120.9094	106310	Asia/Taipei		
2463447	Dakhla	Western Sahara	EH		CE	23.6848	-15.9580	106277	Africa/El_Aaiun		
1695097	Paniqui	Philippines	PH	Central Luzon	03	15.6689	120.5806	106190	Asia/Manila		
517836	Novotroitsk	Russia	RU	Orenburg Oblast	55	51.2010	58.3132	106186	Asia/Yekaterinburg		
2950349	Bergisch Gladbach	Germany	DE	North Rhine-Westphalia	07	50.9856	7.1330	106184	Europe/Berlin		
1336139	Rangamati	Bangladesh	BD	Chittagong	84	22.6432	92.1919	106069	Asia/Dhaka		
713716	Alchevsk	Ukraine	UA	Luhansk	14	48.4689	38.8167	106062	Europe/Kyiv		
1567681	Sơn La	Vietnam	VN	Sơn La Province	14	21.3256	103.9188	106052	Asia/Bangkok		
585514	Mingachevir	Azerbaijan	AZ	Mingacevir City	33	40.7642	47.0623	106048	Asia/Baku		
3093692	Legnica	Poland	PL	Lower Silesia	72	51.2101	16.1619	106033	Europe/Warsaw		
948542	Tokoza	South Africa	ZA	Gauteng	06	-26.3600	28.1290	106000	Africa/Johannesburg		
6354908	Sydney	Canada	CA	Nova Scotia	07	46.1351	-60.1831	105968	America/Glace_Bay		
566532	Derbent	Russia	RU	Dagestan	17	42.0662	48.2876	105965	Europe/Moscow		
1784820	Xinghua	China	CN	Jiangsu	04	32.9392	119.8342	105918	Asia/Shanghai		
1266607	Khurja	India	IN	Uttar Pradesh	36	28.2538	77.8554	105909	Asia/Kolkata		
1700360	Mati	Philippines	PH	Davao Region	11	6.9551	126.2165	105908	Asia/Manila		
1651226	Arjawinangun	Indonesia	ID	West Java	30	-6.6453	108.4103	105845	Asia/Jakarta		
13546316	Le Plateau-Mont-Royal	Canada	CA	Quebec	10	45.5283	-73.5808	105813	America/Toronto		
2267827	Funchal	Portugal	PT	Madeira	10	32.6657	-16.9255	105795	Atlantic/Madeira		
1266489	Kishanganj	India	IN	Bihar	34	26.1022	87.9553	105782	Asia/Kolkata		
3514321	Yautepec	Mexico	MX	Morelos	17	18.8819	-99.0671	105780	America/Mexico_City		
3460064	Jataí	Brazil	BR	Goiás	29	-17.8794	-51.7217	105729	America/Sao_Paulo		
1514257	Sergeli	Uzbekistan	UZ	Tashkent	13	41.1983	69.2222	105700	Asia/Tashkent		
2348595	Azare	Nigeria	NG	Bauchi	46	11.6748	10.1907	105687	Africa/Lagos		
1671566	Nantou	Taiwan	TW	Taiwan	04	23.9157	120.6639	105682	Asia/Taipei		
3398115	Ipojuca	Brazil	BR	Pernambuco	30	-8.3989	-35.0639	105638	America/Recife		
1733953	Lahad Datu	Malaysia	MY	Sabah	16	5.0230	118.3290	105622	Asia/Kuching		
11962403	Vila Prudente	Brazil	BR	São Paulo	27	-23.5925	-46.5728	105590	America/Sao_Paulo		
3456117	Nova Serrana	Brazil	BR	Minas Gerais	15	-19.8761	-44.9836	105552	America/Sao_Paulo		
3393106	Paragominas	Brazil	BR	Pará	16	-2.9956	-47.3549	105550	America/Belem		
217834	Bukama	Democratic Republic of the Congo	CD	Haut-Lomami	15	-9.2044	25.8547	105530	Africa/Lubumbashi		
1259411	Ponnāni	India	IN	Kerala	13	10.7669	75.9252	105512	Asia/Kolkata		
1683013	Tanza	Philippines	PH	National Capital Region	NCR	14.6753	120.9389	105510	Asia/Manila		
6822179	Inzai	Japan	JP	Chiba	04	35.8348	140.1636	105463	Asia/Tokyo		
1185263	Bhairab Bāzār	Bangladesh	BD	Dhaka Division	81	24.0524	90.9764	105457	Asia/Dhaka		
1793036	Chengtangcun	China	CN	Shandong	25	35.0836	117.1907	105456	Asia/Shanghai		
1270090	Hindaun	India	IN	Rajasthan	24	26.7341	77.0352	105452	Asia/Kolkata		
1269374	Jamālpur	India	IN	Bihar	34	25.3126	86.4889	105434	Asia/Kolkata		
362004	Abū Tīj	Egypt	EG	Asyut	17	27.0451	31.3184	105418	Africa/Cairo		
3598122	Coatepeque	Guatemala	GT	Quetzaltenango	13	14.7041	-91.8643	105415	America/Guatemala		
2505653	Baraki	Algeria	DZ	Algiers	01	36.6666	3.0961	105402	Africa/Algiers		
445694	'Ākra	Iraq	IQ	Nineveh	15	36.7336	43.8804	105370	Asia/Baghdad		
4221333	Sandy Springs	United States	US	Georgia	GA	33.9243	-84.3785	105330	America/New_York		
5331835	Burbank	United States	US	California	CA	34.1808	-118.3090	105319	America/Los_Angeles		
1605843	Taling Chan	Thailand	TH	Bangkok	40	13.7770	100.4567	105299	Asia/Bangkok		
3428775	San Justo	Argentina	AR	Buenos Aires	01	-34.6811	-58.5638	105274	America/Argentina/Buenos_Aires		
1580830	Hòa Bình	Vietnam	VN	Phu Tho	25	20.8172	105.3376	105260	Asia/Bangkok		
935221	Saint-Paul	Reunion	RE	Reunion	RE	-21.0096	55.2713	105240	Indian/Reunion		
3114965	Ourense	Spain	ES	Galicia	58	42.3367	-7.8641	105233	Europe/Madrid		
1262216	Nāgaur	India	IN	Rajasthan	24	27.2020	73.7339	105218	Asia/Kolkata		
12432977	Riacho Fundo II	Brazil	BR	Federal District	07	-15.8981	-48.0467	105210	America/Sao_Paulo		
5254962	Green Bay	United States	US	Wisconsin	WI	44.5192	-88.0198	105207	America/Chicago		
229139	Mityana	Uganda	UG	Central Region	C	0.4175	32.0228	105200	Africa/Kampala		
105299	Jizan	Saudi Arabia	SA	Jazan Region	17	16.8892	42.5511	105198	Asia/Riyadh		
3515715	Texcoco de Mora	Mexico	MX	México	15	19.5119	-98.8829	105165	America/Mexico_City		
8355932	Bang Bon	Thailand	TH	Bangkok	40	13.6618	100.3957	105161	Asia/Bangkok		
700051	Nikopol	Ukraine	UA	Dnipropetrovsk	04	47.5683	34.3913	105160	Europe/Kyiv		
625324	Mazyr	Belarus	BY	Homyel’ Voblasc’	02	52.0416	29.2163	105152	Europe/Minsk		
693468	Slovyansk	Ukraine	UA	Donetsk	05	48.8497	37.5974	105141	Europe/Kyiv		
3395449	Maranguape	Brazil	BR	Ceará	06	-3.8908	-38.6856	105093	America/Fortaleza		
5393180	Santa Maria	United States	US	California	CA	34.9530	-120.4357	105093	America/Los_Angeles		
3471374	Assis	Brazil	BR	São Paulo	27	-22.6617	-50.4122	105087	America/Sao_Paulo		
12157013	San Francisco De Borja	Peru	PE	Lima region	15	-12.0891	-76.9988	105076	America/Lima		
12324302	Yidu	China	CN	Shandong	25	36.7712	118.4245	105070	Asia/Shanghai		
2990999	Nancy	France	FR	Grand Est	44	48.6844	6.1850	105058	Europe/Paris		
3159016	Drammen	Norway	NO	Buskerud	04	59.7439	10.2045	105042	Europe/Oslo		
3453420	Planaltina	Brazil	BR	Goiás	29	-15.4528	-47.6142	105031	America/Sao_Paulo		
3407357	Araguaína	Brazil	BR	Tocantins	31	-7.1911	-48.2072	105019	America/Araguaina		
1735572	Kuala Krai	Malaysia	MY	Kelantan	03	5.5313	102.1993	105007	Asia/Kuala_Lumpur		
1784393	Zhonghe	China	CN	Chongqing	33	28.4505	108.9890	105003	Asia/Shanghai		
5404794	Universal City	United States	US	California	CA	34.1389	-118.3534	105000	America/Los_Angeles		
1798422	Puyang Chengguanzhen	China	CN	Henan	09	35.7062	115.0279	104994	Asia/Shanghai		
1861795	Ikeda	Japan	JP	Osaka	32	34.8221	135.4298	104993	Asia/Tokyo		
6176823	Waterloo	Canada	CA	Ontario	08	43.4668	-80.5164	104986	America/Toronto		
13157160	Ambala Sadar	India	IN	Haryana	10	30.3354	76.8627	104974	Asia/Kolkata		
3598529	Chinautla	Guatemala	GT	Guatemala	07	14.7029	-90.4998	104972	America/Guatemala		
13546317	Ville-Marie	Canada	CA	Quebec	10	45.4990	-73.5705	104944	America/Toronto		
3116156	Moratalaz	Spain	ES	Madrid	29	40.4074	-3.6494	104923	Europe/Madrid		
7279747	Bhiwadi	India	IN	Rajasthan	24	28.2102	76.8606	104921	Asia/Kolkata		
1275103	Būndi	India	IN	Rajasthan	24	25.4385	75.6373	104919	Asia/Kolkata		
1263012	Miryalaguda	India	IN	Telangana	40	16.8722	79.5625	104918	Asia/Kolkata		
1807544	Daxing	China	CN	Beijing	22	39.7403	116.3269	104904	Asia/Shanghai		
11962373	Artur Alvim	Brazil	BR	São Paulo	27	-23.5402	-46.4858	104864	America/Sao_Paulo		
1786778	Yezhou	China	CN	Hubei	12	30.6037	109.7233	104839	Asia/Shanghai		
4004867	Hidalgo del Parral	Mexico	MX	Chihuahua	06	26.9299	-105.6662	104836	America/Chihuahua		
141584	Bāneh	Iran	IR	Kurdistan Province	16	35.9975	45.8853	104799	Asia/Tehran		
1926054	Saijō	Japan	JP	Ehime	05	33.9167	133.1833	104791	Asia/Tokyo		
3458696	Lavras	Brazil	BR	Minas Gerais	15	-21.2453	-44.9997	104761	America/Sao_Paulo		
3465476	Coronel Fabriciano	Brazil	BR	Minas Gerais	15	-19.5186	-42.6289	104736	America/Sao_Paulo		
2895044	Jena	Germany	DE	Thuringia	15	50.9288	11.5899	104712	Europe/Berlin		
4741752	Wichita Falls	United States	US	Texas	TX	33.9137	-98.4934	104710	America/Chicago		
5907990	Brantford	Canada	CA	Ontario	08	43.1334	-80.2664	104688	America/Toronto		
2921232	Gera	Germany	DE	Thuringia	15	50.8803	12.0819	104659	Europe/Berlin		
1563287	Tuyên Quang	Vietnam	VN	Tuyen Quang	08	21.8236	105.2142	104645	Asia/Bangkok		
2769359	Ottakring	Austria	AT	State of Vienna	09	48.2167	16.3000	104627	Europe/Vienna		
99446	Al Fāw	Iraq	IQ	Basra	02	29.9742	48.4731	104569	Asia/Baghdad		
1052944	Angoche	Mozambique	MZ	Nampula	06	-16.2325	39.9086	104540	Africa/Maputo		
11204413	El Mourouj	Tunisia	TN	Ben Arous Governorate	27	36.7136	10.2096	104538	Africa/Tunis		
1645518	Depok	Indonesia	ID	Yogyakarta	10	-7.7625	110.4317	104527	Asia/Jakarta		
2110729	Toride	Japan	JP	Ibaraki	14	35.9000	140.0833	104524	Asia/Tokyo		
3194828	Mostar	Bosnia and Herzegovina	BA	Federation of B&H	01	43.3433	17.8081	104518	Europe/Sarajevo		
5989045	Kamloops	Canada	CA	British Columbia	02	50.6665	-120.3192	104460	America/Vancouver		
907111	Mazabuka	Zambia	ZM	Southern Province	07	-15.8560	27.7480	104412	Africa/Lusaka		
4161438	Lakeland	United States	US	Florida	FL	28.0395	-81.9498	104401	America/New_York		
13580094	Pozniaky	Ukraine	UA	Kyiv City	12	50.4026	30.6235	104400	Europe/Kyiv		
1516589	Zhezqazghan	Kazakhstan	KZ	Ulytau Region	12510145	47.7941	67.7063	104357	Asia/Almaty		
8403616	Pailou	China	CN	Chongqing	33	30.7964	108.3858	104351	Asia/Shanghai		
7281020	Lo Prado	Chile	CL	Santiago Metropolitan	12	-33.4443	-70.7255	104316	America/Santiago		
2475744	Tizi Ouzou	Algeria	DZ	Tizi Ouzou	14	36.7118	4.0459	104312	Africa/Algiers		
1798490	Pulandian	China	CN	Liaoning	19	39.3953	121.9669	104277	Asia/Shanghai		
2706767	Helsingborg	Sweden	SE	Skåne	27	56.0467	12.6944	104250	Europe/Stockholm		
1173378	Kot Addu	Pakistan	PK	Punjab	04	30.4691	70.9670	104217	Asia/Karachi		
2290964	Bouaflé	Ivory Coast	CI	Sassandra-Marahoue	96	6.9904	-5.7442	104209	Africa/Abidjan		
2366152	Kara	Togo	TG	Kara	23	9.5511	1.1861	104207	Africa/Lome		
5338122	Clovis	United States	US	California	CA	36.8252	-119.7029	104180	America/Los_Angeles		
915883	Kafue	Zambia	ZM	Lusaka Province	09	-15.7691	28.1814	104174	Africa/Lusaka		
1800829	Wuchuan	China	CN	Guangdong	30	21.4571	110.7659	104168	Asia/Shanghai		
3456500	Muriaé	Brazil	BR	Minas Gerais	15	-21.1306	-42.3664	104108	America/Sao_Paulo		
2035196	Salaqi	China	CN	Inner Mongolia	20	40.5414	110.5108	104090	Asia/Shanghai		
914959	Kalulushi	Zambia	ZM	Copperbelt	08	-12.8415	28.0948	104046	Africa/Lusaka		
4706057	Lewisville	United States	US	Texas	TX	33.0462	-96.9942	104039	America/Chicago		
2540689	Oued Zem	Morocco	MA	Beni Mellal-Khenifra	05	32.8627	-6.5736	104029	Africa/Casablanca		
1430991	Soyībug	India	IN	Jammu and Kashmir	12	34.0768	74.7057	104000	Asia/Kolkata		
1503277	Kiselëvsk	Russia	RU	Kuzbass	29	53.9900	86.6621	104000	Asia/Novokuznetsk		
326406	Weldiya	Ethiopia	ET	Amhara	46	11.8277	39.5916	104000	Africa/Addis_Ababa		
554787	Izmaylovo	Russia	RU	Moscow Oblast	47	55.7868	37.8017	104000	Europe/Moscow		
2036418	Jishu	China	CN	Jilin	05	44.3167	126.8000	103988	Asia/Shanghai		
2549979	El Kelaa des Srarhna	Morocco	MA	Marrakesh-Safi	07	32.0512	-7.4108	103982	Africa/Casablanca		
2596934	Séguéla	Ivory Coast	CI	Woroba	97	7.9611	-6.6731	103980	Africa/Abidjan		
3455729	Ourinhos	Brazil	BR	São Paulo	27	-22.9789	-49.8706	103970	America/Sao_Paulo		
3588258	Totonicapán	Guatemala	GT	Totonicapán	21	14.9119	-91.3605	103952	America/Guatemala		
3408404	Abreu e Lima	Brazil	BR	Pernambuco	30	-7.9117	-34.9028	103945	America/Recife		
380173	Ad-Damir	Sudan	SD	River Nile	53	17.5990	33.9721	103941	Africa/Khartoum		
1269562	Jagtiāl	India	IN	Telangana	40	18.7947	78.9166	103930	Asia/Kolkata		
626081	Lida	Belarus	BY	Grodnenskaya	03	53.8833	25.2997	103916	Europe/Minsk		
2633709	Woking	United Kingdom	GB	England	ENG	51.3190	-0.5589	103900	Europe/London		
1258044	Roorkee	India	IN	Uttarakhand	39	29.8663	77.8912	103894	Asia/Kolkata		
2842150	Salzgitter	Germany	DE	Lower Saxony	06	52.1570	10.4154	103866	Europe/Berlin		
2232239	Edéa	Cameroon	CM	Littoral	05	3.8000	10.1333	103861	Africa/Douala		
1784185	Yuxi	China	CN	Yunnan	29	24.3550	102.5422	103829	Asia/Shanghai		
2644487	Lincoln	United Kingdom	GB	England	ENG	53.2268	-0.5379	103813	Europe/London		
6317781	Novo Gama	Brazil	BR	Goiás	29	-16.0592	-48.0394	103804	America/Sao_Paulo		
3453406	Poá	Brazil	BR	São Paulo	27	-23.5281	-46.3447	103765	America/Sao_Paulo		
1816865	Bashan	China	CN	Jiangxi	03	27.7682	116.0502	103748	Asia/Shanghai		
2328811	Nkpor	Nigeria	NG	Anambra	25	6.1504	6.8304	103733	Africa/Lagos		
2389086	Berbérati	Central African Republic	CF	Mambéré-Kadéï	04	4.2612	15.7922	103713	Africa/Bangui		
3406910	Bacabal	Brazil	BR	Maranhão	13	-4.2325	-44.7816	103711	America/Fortaleza		
1797091	Tongren	China	CN	Qinghai	06	35.5148	102.0160	103700	Asia/Shanghai		
4738214	Tyler	United States	US	Texas	TX	32.3513	-95.3011	103700	America/Chicago		
1282027	Male	Maldives	MV	Kaafu Atoll	38	4.1752	73.5092	103693	Indian/Maldives		
5345529	El Cajon	United States	US	California	CA	32.7948	-116.9625	103679	America/Los_Angeles		
11962406	Mandaqui	Brazil	BR	São Paulo	27	-23.4595	-46.6409	103665	America/Sao_Paulo		
3171058	Piacenza	Italy	IT	Emilia-Romagna	05	45.0524	9.6934	103607	Europe/Rome		
1141857	Gardez	Afghanistan	AF	Paktia	36	33.5974	69.2259	103601	Asia/Kabul		
607610	Zhanaozen	Kazakhstan	KZ	Mangystau	09	43.3412	52.8619	103598	Asia/Aqtau		
1810724	Gangu Chengguanzhen	China	CN	Gansu	15	34.7356	105.3263	103589	Asia/Shanghai		
3515696	Teziutlan	Mexico	MX	Puebla	21	19.8173	-97.3599	103583	America/Mexico_City		
2249782	Kolda	Senegal	SN	Kolda	11	12.8939	-14.9413	103574	Africa/Dakar		
11962413	Vila Matilde	Brazil	BR	São Paulo	27	-23.5394	-46.5179	103558	America/Sao_Paulo		
1253958	Udgīr	India	IN	Maharashtra	16	18.3926	77.1176	103550	Asia/Kolkata		
5392423	San Mateo	United States	US	California	CA	37.5630	-122.3255	103536	America/Los_Angeles		
2732265	Viseu	Portugal	PT	Viseu	22	40.6617	-7.9090	103502	Europe/Lisbon		
1262209	Nagda	India	IN	Madhya Pradesh	35	23.4583	75.4176	103501	Asia/Kolkata		
2870221	Moers	Germany	DE	North Rhine-Westphalia	07	51.4534	6.6326	103487	Europe/Berlin		
4148757	Brandon	United States	US	Florida	FL	27.9378	-82.2859	103483	America/New_York		
683123	Buzău	Romania	RO	Buzău County	11	45.1500	26.8333	103481	Europe/Bucharest		
3111933	Reus	Spain	ES	Catalonia	56	41.1561	1.1069	103477	Europe/Madrid		
1631393	Prabumulih	Indonesia	ID	South Sumatra	32	-3.4345	104.2306	103470	Asia/Jakarta		
3460974	Itabaiana	Brazil	BR	Sergipe	28	-10.6850	-37.4253	103440	America/Maceio		
933778	Francistown	Botswana	BW	City of Francistown	13	-21.1700	27.5078	103417	Africa/Gaborone		
1861449	Isehara	Japan	JP	Kanagawa	19	35.3993	139.3102	103401	Asia/Tokyo		
2264268	Queluz	Portugal	PT	Lisbon	14	38.7566	-9.2545	103399	Europe/Lisbon		
3445859	Ubá	Brazil	BR	Minas Gerais	15	-21.1200	-42.9428	103365	America/Sao_Paulo		
1276389	Betūl	India	IN	Madhya Pradesh	35	21.9006	77.9023	103330	Asia/Kolkata		
1864572	Chikushino-shi	Japan	JP	Fukuoka	07	33.4963	130.5156	103311	Asia/Tokyo		
8504958	Akademicheskoe	Russia	RU	Leningradskaya Oblast'	42	60.0138	30.3947	103304	Europe/Moscow		
298806	Turgutlu	Turkey	TR	Manisa	45	38.4953	27.6997	103292	Europe/Istanbul		
1668295	Taitung	Taiwan	TW	Taiwan	04	22.7599	121.1446	103260	Asia/Taipei		
13561144	Kalynivskyi	Ukraine	UA	Donetsk	05	48.0074	37.8538	103249	Europe/Kyiv		
2451778	San	Mali	ML	Ségou	05	13.2970	-4.8963	103227	Africa/Bamako		
1269557	Jahānābād	India	IN	Bihar	34	25.2137	84.9871	103202	Asia/Kolkata		
6053154	Lethbridge	Canada	CA	Alberta	01	49.7000	-112.8186	103197	America/Edmonton		
11962401	Cursino	Brazil	BR	São Paulo	27	-23.6314	-46.6207	103171	America/Sao_Paulo		
476077	Velikiye Luki	Russia	RU	Pskov Oblast	60	56.3406	30.5438	103149	Europe/Moscow		
1267579	Kashipur	India	IN	Uttarakhand	39	29.2140	78.9569	103138	Asia/Kolkata		
5387288	Rialto	United States	US	California	CA	34.1064	-117.3703	103132	America/Los_Angeles		
2634491	West Bromwich	United Kingdom	GB	England	ENG	52.5187	-1.9945	103112	Europe/London		
3460791	Itanhaém	Brazil	BR	São Paulo	27	-24.1831	-46.7889	103102	America/Sao_Paulo		
1271306	Ghazīpur	India	IN	Uttar Pradesh	36	25.5833	83.5853	103095	Asia/Kolkata		
1624877	Tanjung Pandan	Indonesia	ID	Bangka–Belitung Islands	35	-2.7335	107.6348	103062	Asia/Jakarta		
3449521	Santo Antônio de Jesus	Brazil	BR	Bahia	05	-12.9689	-39.2614	103055	America/Bahia		
2338287	Ikere-Ekiti	Nigeria	NG	Ekiti State	54	7.4975	5.2304	103054	Africa/Lagos		
2904789	Hildesheim	Germany	DE	Lower Saxony	06	52.1508	9.9511	103052	Europe/Berlin		
2176187	Bendigo	Australia	AU	Victoria	07	-36.7582	144.2802	103034	Australia/Melbourne		
1214073	Rantauprapat	Indonesia	ID	North Sumatra	26	2.1000	99.8333	103009	Asia/Jakarta		
13561150	Chumakivskyi	Ukraine	UA	Donetsk	05	47.9567	37.9419	103005	Europe/Kyiv		
12261477	Amaravati	India	IN	Andhra Pradesh	02	16.5140	80.5160	103000	Asia/Kolkata		
575505	Bogorodskoye	Russia	RU	Moscow	48	55.8135	37.7162	103000	Europe/Moscow		
8521334	Nkayi	Republic of the Congo	CG	Bouenza	01	-4.1840	13.2859	103000	Africa/Brazzaville		
1283161	Lahān	Nepal	NP	Madhesh	2	26.7202	86.4826	102955	Asia/Kathmandu		
3071961	Liberec	Czechia	CZ	Liberec Region	83	50.7671	15.0562	102951	Europe/Prague		
1262260	Nagapattinam	India	IN	Tamil Nadu	25	10.7638	79.8431	102905	Asia/Kolkata		
108648	Qurayyat	Saudi Arabia	SA	Al Jawf Region	20	31.3318	37.3428	102903	Asia/Riyadh		
1275019	Buxar	India	IN	Bihar	34	25.5755	83.9804	102861	Asia/Kolkata		
3488981	Portmore	Jamaica	JM	Saint Catherine Parish	10	17.9710	-76.8869	102861	America/Jamaica		
3835994	Santa Rosa	Argentina	AR	La Pampa	11	-36.6162	-64.2899	102860	America/Argentina/Salta		
3545064	Palma Soriano	Cuba	CU	Santiago de Cuba Province	15	20.2113	-75.9936	102826	America/Havana		
503977	Pushkino	Russia	RU	Moscow Oblast	47	55.9946	37.8290	102816	Europe/Moscow		
1173687	Khushāb	Pakistan	PK	Punjab	04	32.2967	72.3525	102793	Asia/Karachi		
2332504	Lafiagi	Nigeria	NG	Kwara State	30	8.8530	5.4164	102779	Africa/Lagos		
3468215	Caieiras	Brazil	BR	São Paulo	27	-23.3642	-46.7406	102775	America/Sao_Paulo		
624079	Orsha	Belarus	BY	Vitebsk	07	54.5136	30.4036	102759	Europe/Minsk		
1529363	Xincheng	China	CN	Xinjiang	13	41.7150	82.9325	102752	Asia/Urumqi		
6543969	Lyon 03	France	FR	Rhône-Alpes	84	45.7612	4.8518	102725	Europe/Paris		
1215412	Belawan	Indonesia	ID	North Sumatra	26	3.7755	98.6832	102707	Asia/Jakarta		
670889	Piatra Neamţ	Romania	RO	Neamț County	28	46.9167	26.3333	102688	Europe/Bucharest		
3647637	Cabudare	Venezuela	VE	Lara	13	10.0266	-69.2620	102686	America/Caracas		
2929567	Erlangen	Germany	DE	Bavaria	02	49.5910	11.0078	102675	Europe/Berlin		
3817746	Tepexpan	Mexico	MX	México	15	19.6139	-98.9364	102667	America/Mexico_City		
2244386	Tivaouane	Senegal	SN	Thies	07	14.9519	-16.8152	102658	Africa/Dakar		
233508	Entebbe	Uganda	UG	Central Region	C	0.0562	32.4795	102600	Africa/Kampala		
4853423	Davenport	United States	US	Iowa	IA	41.5236	-90.5776	102582	America/Chicago		
87205	Darnah	Libya	LY	Darnah	70	32.7670	22.6367	102581	Africa/Tripoli		
358269	Dayrūţ	Egypt	EG	Asyut	17	27.5564	30.8106	102570	Africa/Cairo		
6179830	Whalley	Canada	CA	British Columbia	02	49.1792	-122.8667	102555	America/Vancouver		
5097529	Edison	United States	US	New Jersey	NJ	40.5187	-74.4121	102548	America/New_York		
1162456	Wazirabad	Pakistan	PK	Punjab	04	32.4432	74.1200	102444	Asia/Karachi		
3892870	Curicó	Chile	CL	Maule Region	11	-34.9828	-71.2394	102438	America/Santiago		
1876105	Kangsŏn	North Korea	KP	South Pyongan	15	38.9364	125.5811	102436	Asia/Pyongyang		
3509382	La Vega	Dominican Republic	DO	La Vega	30	19.2203	-70.5310	102426	America/Santo_Domingo		
1185121	Shāhzādpur	Bangladesh	BD	Rajshahi Division	83	24.1769	89.5988	102420	Asia/Dhaka		
3515062	Tulancingo	Mexico	MX	Hidalgo	13	20.0835	-98.3629	102406	America/Mexico_City		
11962417	Perdizes	Brazil	BR	São Paulo	27	-23.5387	-46.6809	102391	America/Sao_Paulo		
1848254	Yono	Japan	JP	Saitama	34	35.8833	139.6333	102364	Asia/Tokyo		
4018400	Apatzingán	Mexico	MX	Michoacán	16	19.0886	-102.3570	102362	America/Mexico_City		
2082539	Merauke	Indonesia	ID	South Papua	PS	-8.4996	140.4061	102351	Asia/Jayapura		
5731371	Hillsboro	United States	US	Oregon	OR	45.5229	-122.9898	102347	America/Los_Angeles		
6544106	Ciutat Vella	Spain	ES	Catalonia	56	41.3802	2.1732	102347	Europe/Madrid		
1263494	Mormugao	India	IN	Goa	33	15.3891	73.8149	102345	Asia/Kolkata		
1256826	Seoni	India	IN	Madhya Pradesh	35	22.0850	79.5504	102343	Asia/Kolkata		
6545310	Mitte	Germany	DE	State of Berlin	16	52.5200	13.4049	102338	Europe/Berlin		
3670502	Sabanalarga	Colombia	CO	Atlántico	04	10.6307	-74.9221	102334	America/Bogota		
1805270	Jishou	China	CN	Hunan	11	28.3193	109.7335	102332	Asia/Shanghai		
183595	Ngong	Kenya	KE	Kajiado County	19	-1.3527	36.6699	102323	Africa/Nairobi		
2027456	Artëm	Russia	RU	Primorye	59	43.3576	132.1914	102300	Asia/Vladivostok		
329114	Sebeta	Ethiopia	ET	Oromiya	51	8.9167	38.6167	102300	Africa/Addis_Ababa		
1849519	Tsuyama	Japan	JP	Okayama	31	35.0521	133.9989	102294	Asia/Tokyo		
3469989	Birigui	Brazil	BR	São Paulo	27	-21.2886	-50.3400	102277	America/Sao_Paulo		
1278148	Aurangābād	India	IN	Bihar	34	24.7520	84.3742	102244	Asia/Kolkata		
3885273	Lampa	Chile	CL	Santiago Metropolitan	12	-33.2863	-70.8756	102234	America/Santiago		
3460523	Ituiutaba	Brazil	BR	Minas Gerais	15	-18.9743	-49.4621	102217	America/Sao_Paulo		
479411	Ukhta	Russia	RU	Komi	34	63.5690	53.6914	102187	Europe/Moscow		
1151933	Nakhon Si Thammarat	Thailand	TH	Nakhon Si Thammarat	64	8.4333	99.9667	102152	Asia/Bangkok		
3460132	Japeri	Brazil	BR	Rio de Janeiro	21	-22.6431	-43.6533	102149	America/Sao_Paulo		
6648023	Shuifu	China	CN	Yunnan	29	28.6321	104.4078	102143	Asia/Shanghai		
6822216	Kani	Japan	JP	Gifu	09	35.4044	137.0559	102143	Asia/Tokyo		
6822146	Ōnojō	Japan	JP	Fukuoka	07	33.5357	130.4786	102085	Asia/Tokyo		
2219936	Al Jumayl	Libya	LY	An Nuqat al Khams	67	32.8529	12.0612	102000	Africa/Tripoli		
495136	Shchukino	Russia	RU	Moscow	48	55.8000	37.4500	102000	Europe/Moscow		
571741	Brateyevo	Russia	RU	Moscow	48	55.6375	37.7644	102000	Europe/Moscow		
2745641	Venlo	The Netherlands	NL	Limburg	05	51.3700	6.1681	101988	Europe/Amsterdam		
3393008	Parintins	Brazil	BR	Amazonas	04	-2.6283	-56.7358	101956	America/Manaus		
3458131	Mairiporã	Brazil	BR	São Paulo	27	-23.3186	-46.5867	101937	America/Sao_Paulo		
3172189	Novara	Italy	IT	Piedmont	12	45.4469	8.6212	101916	Europe/Rome		
2808473	Wilmersdorf	Germany	DE	State of Berlin	16	52.4833	13.3167	101877	Europe/Berlin		
99039	Al-Musayab	Iraq	IQ	Babil	06	32.7787	44.2901	101873	Asia/Baghdad		
8603563	Pôr do Sol	Brazil	BR	Federal District	07	-15.8550	-48.1243	101866	America/Sao_Paulo		
1997228	Hedong	China	CN	Guangdong	30	23.9196	115.7801	101825	Asia/Shanghai		
1270077	Hinganghāt	India	IN	Maharashtra	16	20.5487	78.8398	101805	Asia/Kolkata		
3406545	Balsas	Brazil	BR	Maranhão	13	-7.5325	-46.0356	101767	America/Fortaleza		
737022	Zonguldak	Turkey	TR	Zonguldak Province	85	41.4514	31.7931	101749	Europe/Istanbul		
311665	Iğdır	Turkey	TR	Iğdır	88	39.9237	44.0450	101700	Europe/Istanbul		
6825498	Kawachi-Nagano	Japan	JP	Osaka	32	34.4411	135.5828	101692	Asia/Tokyo		
2650497	Eastbourne	United Kingdom	GB	England	ENG	50.7687	0.2845	101689	Europe/London		
1272997	Dhamtari	India	IN	Chhattisgarh	37	20.7072	81.5487	101677	Asia/Kolkata		
5937615	Delta	Canada	CA	British Columbia	02	49.1440	-122.9068	101668	America/Vancouver		
121380	Pārsābād	Iran	IR	Ardabil Province	32	39.6482	47.9174	101661	Asia/Tehran		
2633563	Worcester	United Kingdom	GB	England	ENG	52.1893	-2.2200	101659	Europe/London		
5475352	Las Cruces	United States	US	New Mexico	NM	32.3123	-106.7783	101643	America/Denver		
3044774	Székesfehérvár	Hungary	HU	Fejér	08	47.1900	18.4103	101600	Europe/Budapest		
3459342	Lagarto	Brazil	BR	Sergipe	28	-10.9172	-37.6500	101579	America/Maceio		
13607720	Kindrativskyi	Ukraine	UA	Donetsk	05	48.3028	38.0547	101565	Europe/Kyiv		
2656173	Bath	United Kingdom	GB	England	ENG	51.3751	-2.3617	101557	Europe/London		
2532945	Sidi Slimane	Morocco	MA	Rabat-Salé-Kénitra	04	34.2648	-5.9260	101541	Africa/Casablanca		
1861864	Iida	Japan	JP	Nagano	26	35.5196	137.8207	101536	Asia/Tokyo		
3649417	Los Puertos de Altagracia	Venezuela	VE	Zulia	23	10.7149	-71.5217	101527	America/Caracas		
4926563	South Bend	United States	US	Indiana	IN	41.6834	-86.2500	101516	America/Indiana/Indianapolis		
1504682	Kansk	Russia	RU	Krasnoyarsk Krai	91	56.2022	95.7185	101502	Asia/Krasnoyarsk		
13607723	Kalmiuskyi	Ukraine	UA	Donetsk	05	47.1105	37.5438	101498	Europe/Kyiv		
5921356	Chilliwack	Canada	CA	British Columbia	02	49.1664	-121.9526	101491	America/Vancouver		
3037044	Argenteuil	France	FR	Île-de-France	11	48.9479	2.2474	101475	Europe/Paris		
1503772	Khanty-Mansiysk	Russia	RU	Khanty-Mansia	32	61.0019	69.0273	101466	Asia/Yekaterinburg		
1710470	Isulan	Philippines	PH	Soccsksargen	12	6.6294	124.6050	101455	Asia/Manila		
10173001	Itaim Bibi	Brazil	BR	São Paulo	27	-23.5858	-46.6824	101452	America/Sao_Paulo		
2248698	Mbaké	Senegal	SN	Diourbel Region	03	14.7903	-15.9080	101451	Africa/Dakar		
697889	Pavlohrad	Ukraine	UA	Dnipropetrovsk	04	48.5321	35.8688	101430	Europe/Kyiv		
2765028	Simmering	Austria	AT	State of Vienna	09	48.1833	16.4333	101420	Europe/Vienna		
741385	Mustafakemalpaşa	Turkey	TR	Bursa Province	16	40.0382	28.4087	101412	Europe/Istanbul		
12640444	Burayu	Ethiopia	ET	Oromiya	51	9.0353	38.6608	101400	Africa/Addis_Ababa		
1274213	Chilakalūrupet	India	IN	Andhra Pradesh	02	16.0899	80.1671	101398	Asia/Kolkata		
1264154	Malappuram	India	IN	Kerala	13	11.0420	76.0815	101386	Asia/Kolkata		
2232283	Ébolowa	Cameroon	CM	South	14	2.9000	11.1500	101363	Africa/Douala		
5935277	Dartmouth	Canada	CA	Nova Scotia	07	44.6713	-63.5772	101343	America/Halifax		
2513076	Orihuela	Spain	ES	Valencia	60	38.0848	-0.9440	101321	Europe/Madrid		
1880628	Kallang	Singapore	SG		00	1.3333	103.8667	101290	Asia/Singapore		
1837706	Sangju	South Korea	KR	Gyeongsangbuk-do	14	36.4153	128.1606	101267	Asia/Seoul		
12750652	Perling	Malaysia	MY	Johor	01	1.4806	103.6838	101263	Asia/Kuala_Lumpur		
2807363	Witten	Germany	DE	North Rhine-Westphalia	07	51.4436	7.3526	101247	Europe/Berlin		
5106834	Albany	United States	US	New York	NY	42.6526	-73.7562	101228	America/New_York		
2298330	Medina Estates	Ghana	GH	Greater Accra	01	5.6658	-0.1631	101207	Africa/Accra		
1181636	Chakwal	Pakistan	PK	Punjab	04	32.9329	72.8539	101200	Asia/Karachi		
9534547	Ngã Bảy	Vietnam	VN	Can Tho City	92	9.8137	105.8210	101192	Asia/Ho_Chi_Minh		
3465944	Colatina	Brazil	BR	Espírito Santo	08	-19.5394	-40.6306	101190	America/Sao_Paulo		
2648657	Gillingham	United Kingdom	GB	England	ENG	51.3891	0.5486	101187	Europe/London		
300075	Suruç	Turkey	TR	Şanlıurfa	63	36.9761	38.4253	101178	Europe/Istanbul		
3446621	Teófilo Otoni	Brazil	BR	Minas Gerais	15	-17.8575	-41.5053	101170	America/Sao_Paulo		
1807738	Huacheng	China	CN	Guangdong	30	24.0670	115.6131	101165	Asia/Shanghai		
3673662	Ocaña	Colombia	CO	Norte de Santander Department	21	8.2377	-73.3560	101158	America/Bogota		
1580400	Hồng Ngự	Vietnam	VN	Dong Thap	82	10.8000	105.3500	101155	Asia/Ho_Chi_Minh		
2290412	Daoukro	Ivory Coast	CI	Lacs District	81	7.0591	-3.9631	101136	Africa/Abidjan		
1850152	Tokuyama	Japan	JP	Yamaguchi	45	34.0500	131.8167	101133	Asia/Tokyo		
347296	Ţimā	Egypt	EG	Sohag	24	26.9084	31.4347	101130	Africa/Cairo		
1892823	Donghae City	South Korea	KR	Gangwon-do	06	37.5439	129.1069	101128	Asia/Seoul		
952747	Standerton	South Africa	ZA	Mpumalanga	07	-26.9337	29.2415	101101	Africa/Johannesburg		
1860112	Kanoya	Japan	JP	Kagoshima	18	31.3833	130.8500	101096	Asia/Tokyo		
964315	Mokopane	South Africa	ZA	Limpopo	09	-24.1944	29.0097	101090	Africa/Johannesburg		
358172	Dikirnis	Egypt	EG	Dakahlia	01	31.0890	31.5948	101082	Africa/Cairo		
4945121	New Bedford	United States	US	Massachusetts	MA	41.6353	-70.9270	101079	America/New_York		
126015	Lāhījān	Iran	IR	Gilan Province	08	37.2042	50.0092	101073	Asia/Tehran		
2792482	Leuven	Belgium	BE	Flanders	VLG	50.8796	4.7009	101032	Europe/Brussels		
1498920	Mezhdurechensk	Russia	RU	Kuzbass	29	53.6899	88.0622	101026	Asia/Novokuznetsk		
1277214	Bānswāra	India	IN	Rajasthan	24	23.5411	74.4425	101017	Asia/Kolkata		
1710141	Jolo	Philippines	PH	Autonomous Region in Muslim Mindanao	14	6.0522	121.0022	101002	Asia/Manila		
508751	Ryazanskiy	Russia	RU	Moscow	48	55.7333	37.7667	101000	Europe/Moscow		
517161	Novyye Cherëmushki	Russia	RU	Moscow	48	55.7000	37.5833	101000	Europe/Moscow		
783263	Elbasan	Albania	AL	Elbasan County	43	41.1114	20.0822	100903	Europe/Tirane		
1769014	Ijok	Malaysia	MY	Selangor	12	3.3167	101.4000	100899	Asia/Kuala_Lumpur		
5406602	Vista	United States	US	California	CA	33.2000	-117.2425	100890	America/Los_Angeles		
4152820	Davie	United States	US	Florida	FL	26.0629	-80.2331	100882	America/New_York		
7280528	Errachidia	Morocco	MA	Drâa-Tafilalet	08	31.9314	-4.4266	100870	Africa/Casablanca		
2294308	Twifu Praso	Ghana	GH	Central	04	5.6141	-1.5502	100851	Africa/Accra		
6118158	Red Deer	Canada	CA	Alberta	01	52.2668	-113.8020	100844	America/Edmonton		
491023	Solikamsk	Russia	RU	Perm Krai	90	59.6669	56.7427	100812	Asia/Yekaterinburg		
3610613	El Progreso	Honduras	HN	Yoro Department	18	15.4000	-87.8000	100810	America/Tegucigalpa		
12495083	Chirmiri	India	IN	Chhattisgarh	37	23.1907	82.3531	100800	Asia/Kolkata		
6822097	Chikusei	Japan	JP	Ibaraki	14	36.3160	139.9824	100753	Asia/Tokyo		
1625958	Sungailiat	Indonesia	ID	Bangka–Belitung Islands	35	-1.8544	106.1222	100750	Asia/Jakarta		
3182884	Arezzo	Italy	IT	Tuscany	16	43.4628	11.8807	100734	Europe/Rome		
3043470	Újpest	Hungary	HU	Budapest	05	47.5686	19.0846	100694	Europe/Budapest		
1720508	Calasiao	Philippines	PH	Ilocos	01	16.0111	120.3600	100686	Asia/Manila		
561347	Glazov	Russia	RU	Udmurtiya Republic	80	58.1400	52.6562	100676	Europe/Samara		
3988392	Rosarito	Mexico	MX	Baja California	02	32.3604	-117.0464	100660	America/Tijuana		
261414	Kallithéa	Greece	GR	Attica	ESYE31	37.9500	23.7000	100641	Europe/Athens		
3708306	Juan Díaz	Panama	PA	Panamá	08	9.0406	-79.4408	100636	America/Panama		
1560349	Yên Bái	Vietnam	VN	Lao Cai	15	21.7229	104.9113	100631	Asia/Bangkok		
1643761	Grogol	Indonesia	ID	Central Java	07	-7.6011	110.8186	100613	Asia/Jakarta		
99226	Nāḩiyat al Iskandarīyah	Iraq	IQ	Babil	06	32.8873	44.3462	100600	Asia/Baghdad		
3591062	Puerto Barrios	Guatemala	GT	Izabal Department	09	15.7272	-88.5979	100593	America/Guatemala		
220075	Bakwa	Democratic Republic of the Congo	CD	Haut-Uele	16	4.1263	27.3953	100575	Africa/Lubumbashi		
1269653	Itārsi	India	IN	Madhya Pradesh	35	22.6148	77.7622	100574	Asia/Kolkata		
5336477	Chinatown	United States	US	California	CA	37.7966	-122.4086	100574	America/Los_Angeles		
1606291	Si Maha Phot	Thailand	TH	Prachin Buri	74	13.9656	101.5135	100563	Asia/Bangkok		
1581052	Hà Tiên	Vietnam	VN	An Giang	91	10.3831	104.4875	100560	Asia/Ho_Chi_Minh		
12500938	Oleksiyivka	Ukraine	UA	Kharkivs’ka Oblast’	07	50.0452	36.1932	100500	Europe/Kyiv		
3633677	Los Rastrojos	Venezuela	VE	Lara	13	10.0259	-69.2417	100497	America/Caracas		
1253367	Vasco da Gama	India	IN	Goa	33	15.3958	73.8157	100485	Asia/Kolkata		
3109453	Barakaldo	Spain	ES	Basque Country	59	43.2964	-2.9881	100435	Europe/Madrid		
1804120	Lianjiang	China	CN	Guangdong	30	21.6467	110.2817	100341	Asia/Shanghai		
13561149	Oleksandrivskyi	Ukraine	UA	Donetsk	05	47.9679	37.8034	100330	Europe/Kyiv		
1005125	Ermelo	South Africa	ZA	Mpumalanga	07	-26.5333	29.9833	100324	Africa/Johannesburg		
1803334	Linxi	China	CN	Hebei	10	39.7118	118.4495	100316	Asia/Shanghai		
2774326	Klagenfurt am Wörthersee	Austria	AT	Carinthia	02	46.6247	14.3053	100316	Europe/Vienna		
2244616	Tiébo	Senegal	SN	Diourbel Region	03	14.6333	-16.2333	100289	Africa/Dakar		
1271631	Gangtok	India	IN	Sikkim	29	27.3257	88.6122	100286	Asia/Kolkata		
1273403	Datia	India	IN	Madhya Pradesh	35	25.6731	78.4591	100284	Asia/Kolkata		
1853209	Sakado	Japan	JP	Saitama	34	35.9569	139.3889	100275	Asia/Tokyo		
1853140	Sakata	Japan	JP	Yamagata	44	38.9167	139.8550	100273	Asia/Tokyo		
2013952	Ust’-Ilimsk	Russia	RU	Irkutsk Oblast	20	58.0006	102.6619	100271	Asia/Irkutsk		
3121456	Girona	Spain	ES	Catalonia	56	41.9831	2.8249	100266	Europe/Madrid		
5808189	Renton	United States	US	Washington	WA	47.4829	-122.2171	100242	America/Los_Angeles		
1514192	Chust	Uzbekistan	UZ	Namangan	06	41.0033	71.2379	100200	Asia/Tashkent		
1242110	Kalmunai	Sri Lanka	LK	Eastern Province	37	7.4090	81.8347	100171	Asia/Colombo		
3165072	Udine	Italy	IT	Friuli Venezia Giulia	06	46.0693	13.2371	100170	Europe/Rome		
1788492	Xinzhai	China	CN	Shandong	25	36.4000	118.6167	100168	Asia/Shanghai		
1259827	Phagwāra	India	IN	Punjab	23	31.2245	75.7739	100146	Asia/Kolkata		
1861091	Izumisano	Japan	JP	Osaka	32	34.4167	135.3167	100131	Asia/Tokyo		
2821164	Trier	Germany	DE	Rheinland-Pfalz	08	49.7557	6.6394	100129	Europe/Berlin		
1863627	Ginowan	Japan	JP	Okinawa	47	26.2627	127.7615	100125	Asia/Tokyo		
334227	Inda Silasē	Ethiopia	ET	Tigray	53	14.1031	38.2829	100100	Africa/Addis_Ababa		
2213618	Qaşr Bin Ghashīr	Libya	LY	Tripoli	77	32.6833	13.1833	100069	Africa/Tripoli		
3494242	Punta Cana	Dominican Republic	DO	La Altagracia Province	10	18.5818	-68.4043	100023	America/Santo_Domingo		
4782167	Roanoke	United States	US	Virginia	VA	37.2710	-79.9414	100011	America/New_York		
11670045	Sabt Alalayah	Saudi Arabia	SA	'Asir Region	11	19.5773	41.9636	100000	Asia/Riyadh		
1170157	Model Town	Pakistan	PK	Punjab	04	31.4810	74.3256	100000	Asia/Karachi		
13061022	Bandar Mahkota Cheras	Malaysia	MY	Selangor	12	3.0542	101.7984	100000	Asia/Kuala_Lumpur		
13580130	Shulyavka	Ukraine	UA	Kyiv City	12	50.4536	30.4531	100000	Europe/Kyiv		
1626100	Sumedang Utara	Indonesia	ID	West Java	30	-6.8500	107.9167	100000	Asia/Jakarta		
1744763	Sentul	Malaysia	MY	Kuala Lumpur	14	3.1833	101.6833	100000	Asia/Kuala_Lumpur		
1802171	Kangding	China	CN	Sichuan	32	30.0022	101.9569	100000	Asia/Shanghai		
1871871	P’yŏngsŏng	North Korea	KP	South Pyongan	15	39.2464	125.8719	100000	Asia/Pyongyang		
201650	Nyagatare	Rwanda	RW	Eastern Province	11	-1.2952	30.3226	100000	Africa/Kigali		
2210394	Tājūrā’	Libya	LY	Tripoli	77	32.8817	13.3506	100000	Africa/Tripoli		
293253	Jaffa	Israel	IL	Tel Aviv	05	32.0504	34.7522	100000	Asia/Jerusalem		
3189595	Subotica	Serbia	RS	Vojvodina	VO	46.1000	19.6667	100000	Europe/Belgrade		
3569370	Alamar	Cuba	CU	Havana	02	23.1579	-82.2784	100000	America/Havana		
483826	Tekstil’shchiki	Russia	RU	Moscow	48	55.7003	37.7427	100000	Europe/Moscow		
6690870	Becontree	United Kingdom	GB	England	ENG	51.5529	0.1290	100000	Europe/London		
7279599	Airoli	India	IN	Maharashtra	16	19.1510	72.9963	100000	Asia/Kolkata		
7280711	Colonia Lindavista	Mexico	MX	México	15	19.4916	-99.1248	100000	America/Mexico_City		
7792200	Seri Manjung	Malaysia	MY	Perak	07	4.1987	100.6700	100000	Asia/Kuala_Lumpur		
